type,fingerId,touchPosition,deltaPosition,touchPhase,tapCount,time
dogpaddle-old-no-innertia,0,(552.50, 751.25),(0.00, 0.00),Began,1,20/12/2024 12:19:32:199
dogpaddle-old-no-innertia,0,(552.50, 703.75),(0.00, -47.50),Moved,1,20/12/2024 12:19:32:239
dogpaddle-old-no-innertia,0,(552.50, 686.25),(0.00, -17.50),Moved,1,20/12/2024 12:19:32:253
dogpaddle-old-no-innertia,0,(551.25, 620.00),(-1.25, -66.25),Moved,1,20/12/2024 12:19:32:276
dogpaddle-old-no-innertia,0,(551.25, 593.75),(0.00, -26.25),Moved,1,20/12/2024 12:19:32:291
dogpaddle-old-no-innertia,0,(552.50, 533.75),(1.25, -60.00),Moved,1,20/12/2024 12:19:32:307
dogpaddle-old-no-innertia,0,(552.50, 502.50),(0.00, -31.25),Moved,1,20/12/2024 12:19:32:325
dogpaddle-old-no-innertia,0,(552.50, 438.75),(0.00, -63.75),Moved,1,20/12/2024 12:19:32:342
dogpaddle-old-no-innertia,0,(551.25, 378.75),(-1.25, -60.00),Moved,1,20/12/2024 12:19:32:357
dogpaddle-old-no-innertia,0,(550.00, 350.00),(-1.25, -28.75),Moved,1,20/12/2024 12:19:32:372
dogpaddle-old-no-innertia,0,(550.00, 300.00),(0.00, -50.00),Moved,1,20/12/2024 12:19:32:388
dogpaddle-old-no-innertia,0,(550.00, 258.75),(0.00, -41.25),Moved,1,20/12/2024 12:19:32:405
dogpaddle-old-no-innertia,0,(550.00, 242.50),(0.00, -16.25),Moved,1,20/12/2024 12:19:32:417
dogpaddle-old-no-innertia,0,(551.25, 213.75),(1.25, -28.75),Moved,1,20/12/2024 12:19:32:436
dogpaddle-old-no-innertia,0,(551.25, 202.50),(0.00, -11.25),Moved,1,20/12/2024 12:19:32:446
dogpaddle-old-no-innertia,0,(552.50, 181.25),(1.25, -21.25),Moved,1,20/12/2024 12:19:32:466
dogpaddle-old-no-innertia,0,(552.50, 172.50),(0.00, -8.75),Moved,1,20/12/2024 12:19:32:476
dogpaddle-old-no-innertia,0,(553.75, 155.00),(1.25, -17.50),Moved,1,20/12/2024 12:19:32:492
dogpaddle-old-no-innertia,0,(553.75, 147.50),(0.00, -7.50),Moved,1,20/12/2024 12:19:32:505
dogpaddle-old-no-innertia,0,(553.75, 140.00),(0.00, -7.50),Moved,1,20/12/2024 12:19:32:523
dogpaddle-old-no-innertia,0,(553.75, 126.25),(0.00, -13.75),Moved,1,20/12/2024 12:19:32:534
dogpaddle-old-no-innertia,0,(553.75, 116.25),(0.00, -10.00),Moved,1,20/12/2024 12:19:32:554
dogpaddle-old-no-innertia,0,(552.50, 112.50),(-1.25, -3.75),Moved,1,20/12/2024 12:19:32:568
dogpaddle-old-no-innertia,0,(552.50, 107.50),(0.00, -5.00),Moved,1,20/12/2024 12:19:32:581
dogpaddle-old-no-innertia,0,(552.50, 106.25),(0.00, -1.25),Moved,1,20/12/2024 12:19:32:597
dogpaddle-old-no-innertia,0,(552.50, 103.75),(0.00, -2.50),Moved,1,20/12/2024 12:19:32:612
dogpaddle-old-no-innertia,0,(552.50, 103.75),(0.00, 0.00),Stationary,1,20/12/2024 12:19:32:625
dogpaddle-old-no-innertia,0,(552.50, 103.75),(0.00, 0.00),Ended,1,20/12/2024 12:19:32:650
dogpaddle-old-no-innertia,0,(526.25, 732.50),(0.00, 0.00),Began,1,20/12/2024 12:19:33:796
dogpaddle-old-no-innertia,0,(525.00, 721.25),(-1.25, -11.25),Moved,1,20/12/2024 12:19:33:813
dogpaddle-old-no-innertia,0,(525.00, 681.25),(0.00, -40.00),Moved,1,20/12/2024 12:19:33:849
dogpaddle-old-no-innertia,0,(526.25, 645.00),(1.25, -36.25),Moved,1,20/12/2024 12:19:33:865
dogpaddle-old-no-innertia,0,(527.50, 626.25),(1.25, -18.75),Moved,1,20/12/2024 12:19:33:882
dogpaddle-old-no-innertia,0,(530.00, 583.75),(2.50, -42.50),Moved,1,20/12/2024 12:19:33:895
dogpaddle-old-no-innertia,0,(531.25, 558.75),(1.25, -25.00),Moved,1,20/12/2024 12:19:33:908
dogpaddle-old-no-innertia,0,(532.50, 508.75),(1.25, -50.00),Moved,1,20/12/2024 12:19:33:925
dogpaddle-old-no-innertia,0,(533.75, 483.75),(1.25, -25.00),Moved,1,20/12/2024 12:19:33:938
dogpaddle-old-no-innertia,0,(535.00, 430.00),(1.25, -53.75),Moved,1,20/12/2024 12:19:33:954
dogpaddle-old-no-innertia,0,(536.25, 403.75),(1.25, -26.25),Moved,1,20/12/2024 12:19:33:966
dogpaddle-old-no-innertia,0,(537.50, 350.00),(1.25, -53.75),Moved,1,20/12/2024 12:19:33:979
dogpaddle-old-no-innertia,0,(538.75, 323.75),(1.25, -26.25),Moved,1,20/12/2024 12:19:33:994
dogpaddle-old-no-innertia,0,(541.25, 298.75),(2.50, -25.00),Moved,1,20/12/2024 12:19:34:008
dogpaddle-old-no-innertia,0,(542.50, 248.75),(1.25, -50.00),Moved,1,20/12/2024 12:19:34:026
dogpaddle-old-no-innertia,0,(542.50, 227.50),(0.00, -21.25),Moved,1,20/12/2024 12:19:34:034
dogpaddle-old-no-innertia,0,(542.50, 186.25),(0.00, -41.25),Moved,1,20/12/2024 12:19:34:049
dogpaddle-old-no-innertia,0,(542.50, 167.50),(0.00, -18.75),Moved,1,20/12/2024 12:19:34:061
dogpaddle-old-no-innertia,0,(541.25, 150.00),(-1.25, -17.50),Moved,1,20/12/2024 12:19:34:075
dogpaddle-old-no-innertia,0,(537.50, 123.75),(-3.75, -26.25),Moved,1,20/12/2024 12:19:34:091
dogpaddle-old-no-innertia,0,(537.50, 113.75),(0.00, -10.00),Moved,1,20/12/2024 12:19:34:104
dogpaddle-old-no-innertia,0,(536.25, 97.50),(-1.25, -16.25),Moved,1,20/12/2024 12:19:34:121
dogpaddle-old-no-innertia,0,(535.00, 90.00),(-1.25, -7.50),Moved,1,20/12/2024 12:19:34:131
dogpaddle-old-no-innertia,0,(533.75, 83.75),(-1.25, -6.25),Moved,1,20/12/2024 12:19:34:145
dogpaddle-old-no-innertia,0,(532.50, 73.75),(-1.25, -10.00),Moved,1,20/12/2024 12:19:34:159
dogpaddle-old-no-innertia,0,(532.50, 68.75),(0.00, -5.00),Moved,1,20/12/2024 12:19:34:173
dogpaddle-old-no-innertia,0,(530.00, 61.25),(-2.50, -7.50),Moved,1,20/12/2024 12:19:34:188
dogpaddle-old-no-innertia,0,(528.75, 58.75),(-1.25, -2.50),Moved,1,20/12/2024 12:19:34:201
dogpaddle-old-no-innertia,0,(528.75, 55.00),(0.00, -3.75),Moved,1,20/12/2024 12:19:34:213
dogpaddle-old-no-innertia,0,(527.50, 52.50),(-1.25, -2.50),Moved,1,20/12/2024 12:19:34:232
dogpaddle-old-no-innertia,0,(527.50, 51.25),(0.00, -1.25),Moved,1,20/12/2024 12:19:34:243
dogpaddle-old-no-innertia,0,(527.50, 51.25),(0.00, 0.00),Ended,1,20/12/2024 12:19:34:257
dogpaddle-old-no-innertia,0,(556.25, 782.50),(0.00, 0.00),Began,1,20/12/2024 12:19:35:545
dogpaddle-old-no-innertia,0,(556.25, 782.50),(0.00, 0.00),Moved,1,20/12/2024 12:19:35:562
dogpaddle-old-no-innertia,0,(556.25, 782.50),(0.00, 0.00),Stationary,1,20/12/2024 12:19:35:580
dogpaddle-old-no-innertia,0,(556.25, 782.50),(0.00, 0.00),Stationary,1,20/12/2024 12:19:35:595
dogpaddle-old-no-innertia,0,(556.25, 780.00),(0.00, -2.50),Moved,1,20/12/2024 12:19:35:609
dogpaddle-old-no-innertia,0,(555.00, 777.50),(-1.25, -2.50),Moved,1,20/12/2024 12:19:35:623
dogpaddle-old-no-innertia,0,(552.50, 762.50),(-2.50, -15.00),Moved,1,20/12/2024 12:19:35:646
dogpaddle-old-no-innertia,0,(550.00, 748.75),(-2.50, -13.75),Moved,1,20/12/2024 12:19:35:656
dogpaddle-old-no-innertia,0,(545.00, 715.00),(-5.00, -33.75),Moved,1,20/12/2024 12:19:35:676
dogpaddle-old-no-innertia,0,(542.50, 676.25),(-2.50, -38.75),Moved,1,20/12/2024 12:19:35:691
dogpaddle-old-no-innertia,0,(541.25, 653.75),(-1.25, -22.50),Moved,1,20/12/2024 12:19:35:709
dogpaddle-old-no-innertia,0,(538.75, 607.50),(-2.50, -46.25),Moved,1,20/12/2024 12:19:35:724
dogpaddle-old-no-innertia,0,(540.00, 558.75),(1.25, -48.75),Moved,1,20/12/2024 12:19:35:742
dogpaddle-old-no-innertia,0,(541.25, 533.75),(1.25, -25.00),Moved,1,20/12/2024 12:19:35:758
dogpaddle-old-no-innertia,0,(543.75, 480.00),(2.50, -53.75),Moved,1,20/12/2024 12:19:35:774
dogpaddle-old-no-innertia,0,(548.75, 427.50),(5.00, -52.50),Moved,1,20/12/2024 12:19:35:792
dogpaddle-old-no-innertia,0,(551.25, 402.50),(2.50, -25.00),Moved,1,20/12/2024 12:19:35:808
dogpaddle-old-no-innertia,0,(552.50, 353.75),(1.25, -48.75),Moved,1,20/12/2024 12:19:35:825
dogpaddle-old-no-innertia,0,(552.50, 308.75),(0.00, -45.00),Moved,1,20/12/2024 12:19:35:839
dogpaddle-old-no-innertia,0,(552.50, 286.25),(0.00, -22.50),Moved,1,20/12/2024 12:19:35:854
dogpaddle-old-no-innertia,0,(551.25, 243.75),(-1.25, -42.50),Moved,1,20/12/2024 12:19:35:871
dogpaddle-old-no-innertia,0,(551.25, 223.75),(0.00, -20.00),Moved,1,20/12/2024 12:19:35:888
dogpaddle-old-no-innertia,0,(550.00, 183.75),(-1.25, -40.00),Moved,1,20/12/2024 12:19:35:904
dogpaddle-old-no-innertia,0,(550.00, 148.75),(0.00, -35.00),Moved,1,20/12/2024 12:19:35:922
dogpaddle-old-no-innertia,0,(550.00, 133.75),(0.00, -15.00),Moved,1,20/12/2024 12:19:35:932
dogpaddle-old-no-innertia,0,(550.00, 108.75),(0.00, -25.00),Moved,1,20/12/2024 12:19:35:950
dogpaddle-old-no-innertia,0,(550.00, 98.75),(0.00, -10.00),Moved,1,20/12/2024 12:19:35:960
dogpaddle-old-no-innertia,0,(550.00, 91.25),(0.00, -7.50),Moved,1,20/12/2024 12:19:35:974
dogpaddle-old-no-innertia,0,(548.75, 77.50),(-1.25, -13.75),Moved,1,20/12/2024 12:19:35:989
dogpaddle-old-no-innertia,0,(548.75, 72.50),(0.00, -5.00),Moved,1,20/12/2024 12:19:36:004
dogpaddle-old-no-innertia,0,(547.50, 63.75),(-1.25, -8.75),Moved,1,20/12/2024 12:19:36:017
dogpaddle-old-no-innertia,0,(547.50, 61.25),(0.00, -2.50),Moved,1,20/12/2024 12:19:36:031
dogpaddle-old-no-innertia,0,(547.50, 56.25),(0.00, -5.00),Moved,1,20/12/2024 12:19:36:046
dogpaddle-old-no-innertia,0,(547.50, 53.75),(0.00, -2.50),Moved,1,20/12/2024 12:19:36:058
dogpaddle-old-no-innertia,0,(547.50, 50.00),(0.00, -3.75),Moved,1,20/12/2024 12:19:36:072
dogpaddle-old-no-innertia,0,(547.50, 50.00),(0.00, 0.00),Ended,1,20/12/2024 12:19:36:088
dogpaddle-old-no-innertia,0,(532.50, 798.75),(0.00, 0.00),Began,1,20/12/2024 12:19:37:223
dogpaddle-old-no-innertia,0,(532.50, 798.75),(0.00, 0.00),Moved,1,20/12/2024 12:19:37:242
dogpaddle-old-no-innertia,0,(531.25, 793.75),(-1.25, -5.00),Moved,1,20/12/2024 12:19:37:256
dogpaddle-old-no-innertia,0,(531.25, 791.25),(0.00, -2.50),Moved,1,20/12/2024 12:19:37:269
dogpaddle-old-no-innertia,0,(530.00, 786.25),(-1.25, -5.00),Moved,1,20/12/2024 12:19:37:284
dogpaddle-old-no-innertia,0,(527.50, 760.00),(-2.50, -26.25),Moved,1,20/12/2024 12:19:37:306
dogpaddle-old-no-innertia,0,(527.50, 760.00),(0.00, 0.00),Stationary,1,20/12/2024 12:19:37:315
dogpaddle-old-no-innertia,0,(523.75, 711.25),(-3.75, -48.75),Moved,1,20/12/2024 12:19:37:341
dogpaddle-old-no-innertia,0,(522.50, 690.00),(-1.25, -21.25),Moved,1,20/12/2024 12:19:37:355
dogpaddle-old-no-innertia,0,(522.50, 668.75),(0.00, -21.25),Moved,1,20/12/2024 12:19:37:369
dogpaddle-old-no-innertia,0,(522.50, 621.25),(0.00, -47.50),Moved,1,20/12/2024 12:19:37:386
dogpaddle-old-no-innertia,0,(522.50, 573.75),(0.00, -47.50),Moved,1,20/12/2024 12:19:37:401
dogpaddle-old-no-innertia,0,(522.50, 548.75),(0.00, -25.00),Moved,1,20/12/2024 12:19:37:417
dogpaddle-old-no-innertia,0,(522.50, 493.75),(0.00, -55.00),Moved,1,20/12/2024 12:19:37:428
dogpaddle-old-no-innertia,0,(522.50, 462.50),(0.00, -31.25),Moved,1,20/12/2024 12:19:37:444
dogpaddle-old-no-innertia,0,(522.50, 396.25),(0.00, -66.25),Moved,1,20/12/2024 12:19:37:457
dogpaddle-old-no-innertia,0,(521.25, 362.50),(-1.25, -33.75),Moved,1,20/12/2024 12:19:37:472
dogpaddle-old-no-innertia,0,(518.75, 298.75),(-2.50, -63.75),Moved,1,20/12/2024 12:19:37:488
dogpaddle-old-no-innertia,0,(517.50, 268.75),(-1.25, -30.00),Moved,1,20/12/2024 12:19:37:502
dogpaddle-old-no-innertia,0,(516.25, 211.25),(-1.25, -57.50),Moved,1,20/12/2024 12:19:37:518
dogpaddle-old-no-innertia,0,(516.25, 183.75),(0.00, -27.50),Moved,1,20/12/2024 12:19:37:533
dogpaddle-old-no-innertia,0,(516.25, 123.75),(0.00, -60.00),Moved,1,20/12/2024 12:19:37:548
dogpaddle-old-no-innertia,0,(517.50, 66.25),(1.25, -57.50),Moved,1,20/12/2024 12:19:37:569
dogpaddle-old-no-innertia,0,(518.75, 13.75),(1.25, -52.50),Moved,1,20/12/2024 12:19:37:589
dogpaddle-old-no-innertia,0,(518.75, 13.75),(0.00, 0.00),Ended,1,20/12/2024 12:19:37:607
dogpaddle-old-no-innertia,0,(522.50, 277.50),(0.00, 0.00),Began,1,20/12/2024 12:19:38:474
dogpaddle-old-no-innertia,0,(522.50, 280.00),(0.00, 2.50),Moved,1,20/12/2024 12:19:38:490
dogpaddle-old-no-innertia,0,(522.50, 288.75),(0.00, 8.75),Moved,1,20/12/2024 12:19:38:509
dogpaddle-old-no-innertia,0,(525.00, 302.50),(2.50, 13.75),Moved,1,20/12/2024 12:19:38:537
dogpaddle-old-no-innertia,0,(527.50, 320.00),(2.50, 17.50),Moved,1,20/12/2024 12:19:38:552
dogpaddle-old-no-innertia,0,(528.75, 331.25),(1.25, 11.25),Moved,1,20/12/2024 12:19:38:569
dogpaddle-old-no-innertia,0,(532.50, 353.75),(3.75, 22.50),Moved,1,20/12/2024 12:19:38:591
dogpaddle-old-no-innertia,0,(533.75, 393.75),(1.25, 40.00),Moved,1,20/12/2024 12:19:38:616
dogpaddle-old-no-innertia,0,(533.75, 423.75),(0.00, 30.00),Moved,1,20/12/2024 12:19:38:630
dogpaddle-old-no-innertia,0,(533.75, 440.00),(0.00, 16.25),Moved,1,20/12/2024 12:19:38:643
dogpaddle-old-no-innertia,0,(531.25, 478.75),(-2.50, 38.75),Moved,1,20/12/2024 12:19:38:659
dogpaddle-old-no-innertia,0,(530.00, 498.75),(-1.25, 20.00),Moved,1,20/12/2024 12:19:38:678
dogpaddle-old-no-innertia,0,(527.50, 540.00),(-2.50, 41.25),Moved,1,20/12/2024 12:19:38:689
dogpaddle-old-no-innertia,0,(526.25, 561.25),(-1.25, 21.25),Moved,1,20/12/2024 12:19:38:705
dogpaddle-old-no-innertia,0,(523.75, 603.75),(-2.50, 42.50),Moved,1,20/12/2024 12:19:38:719
dogpaddle-old-no-innertia,0,(522.50, 643.75),(-1.25, 40.00),Moved,1,20/12/2024 12:19:38:744
dogpaddle-old-no-innertia,0,(521.25, 680.00),(-1.25, 36.25),Moved,1,20/12/2024 12:19:38:767
dogpaddle-old-no-innertia,0,(521.25, 715.00),(0.00, 35.00),Moved,1,20/12/2024 12:19:38:783
dogpaddle-old-no-innertia,0,(521.25, 748.75),(0.00, 33.75),Moved,1,20/12/2024 12:19:38:799
dogpaddle-old-no-innertia,0,(521.25, 763.75),(0.00, 15.00),Moved,1,20/12/2024 12:19:38:810
dogpaddle-old-no-innertia,0,(521.25, 795.00),(0.00, 31.25),Moved,1,20/12/2024 12:19:38:830
dogpaddle-old-no-innertia,0,(521.25, 811.25),(0.00, 16.25),Moved,1,20/12/2024 12:19:38:843
dogpaddle-old-no-innertia,0,(521.25, 840.00),(0.00, 28.75),Moved,1,20/12/2024 12:19:38:862
dogpaddle-old-no-innertia,0,(520.00, 866.25),(-1.25, 26.25),Moved,1,20/12/2024 12:19:38:879
dogpaddle-old-no-innertia,0,(520.00, 878.75),(0.00, 12.50),Moved,1,20/12/2024 12:19:38:891
dogpaddle-old-no-innertia,0,(520.00, 901.25),(0.00, 22.50),Moved,1,20/12/2024 12:19:38:909
dogpaddle-old-no-innertia,0,(520.00, 911.25),(0.00, 10.00),Moved,1,20/12/2024 12:19:38:921
dogpaddle-old-no-innertia,0,(520.00, 931.25),(0.00, 20.00),Moved,1,20/12/2024 12:19:38:938
dogpaddle-old-no-innertia,0,(520.00, 942.50),(0.00, 11.25),Moved,1,20/12/2024 12:19:38:954
dogpaddle-old-no-innertia,0,(520.00, 942.50),(0.00, 0.00),Ended,1,20/12/2024 12:19:38:968
dogpaddle-old-no-innertia,0,(533.75, 226.25),(0.00, 0.00),Began,1,20/12/2024 12:19:40:087
dogpaddle-old-no-innertia,0,(537.50, 238.75),(3.75, 12.50),Moved,1,20/12/2024 12:19:40:100
dogpaddle-old-no-innertia,0,(542.50, 260.00),(5.00, 21.25),Moved,1,20/12/2024 12:19:40:131
dogpaddle-old-no-innertia,0,(545.00, 268.75),(2.50, 8.75),Moved,1,20/12/2024 12:19:40:148
dogpaddle-old-no-innertia,0,(550.00, 288.75),(5.00, 20.00),Moved,1,20/12/2024 12:19:40:161
dogpaddle-old-no-innertia,0,(552.50, 301.25),(2.50, 12.50),Moved,1,20/12/2024 12:19:40:173
dogpaddle-old-no-innertia,0,(553.75, 313.75),(1.25, 12.50),Moved,1,20/12/2024 12:19:40:185
dogpaddle-old-no-innertia,0,(555.00, 343.75),(1.25, 30.00),Moved,1,20/12/2024 12:19:40:202
dogpaddle-old-no-innertia,0,(553.75, 362.50),(-1.25, 18.75),Moved,1,20/12/2024 12:19:40:211
dogpaddle-old-no-innertia,0,(552.50, 382.50),(-1.25, 20.00),Moved,1,20/12/2024 12:19:40:224
dogpaddle-old-no-innertia,0,(546.25, 425.00),(-6.25, 42.50),Moved,1,20/12/2024 12:19:40:241
dogpaddle-old-no-innertia,0,(543.75, 448.75),(-2.50, 23.75),Moved,1,20/12/2024 12:19:40:251
dogpaddle-old-no-innertia,0,(541.25, 470.00),(-2.50, 21.25),Moved,1,20/12/2024 12:19:40:267
dogpaddle-old-no-innertia,0,(536.25, 516.25),(-5.00, 46.25),Moved,1,20/12/2024 12:19:40:279
dogpaddle-old-no-innertia,0,(533.75, 540.00),(-2.50, 23.75),Moved,1,20/12/2024 12:19:40:291
dogpaddle-old-no-innertia,0,(532.50, 588.75),(-1.25, 48.75),Moved,1,20/12/2024 12:19:40:306
dogpaddle-old-no-innertia,0,(530.00, 613.75),(-2.50, 25.00),Moved,1,20/12/2024 12:19:40:319
dogpaddle-old-no-innertia,0,(528.75, 638.75),(-1.25, 25.00),Moved,1,20/12/2024 12:19:40:334
dogpaddle-old-no-innertia,0,(527.50, 687.50),(-1.25, 48.75),Moved,1,20/12/2024 12:19:40:349
dogpaddle-old-no-innertia,0,(527.50, 710.00),(0.00, 22.50),Moved,1,20/12/2024 12:19:40:358
dogpaddle-old-no-innertia,0,(526.25, 733.75),(-1.25, 23.75),Moved,1,20/12/2024 12:19:40:372
dogpaddle-old-no-innertia,0,(523.75, 778.75),(-2.50, 45.00),Moved,1,20/12/2024 12:19:40:386
dogpaddle-old-no-innertia,0,(522.50, 800.00),(-1.25, 21.25),Moved,1,20/12/2024 12:19:40:398
dogpaddle-old-no-innertia,0,(521.25, 823.75),(-1.25, 23.75),Moved,1,20/12/2024 12:19:40:412
dogpaddle-old-no-innertia,0,(515.00, 868.75),(-6.25, 45.00),Moved,1,20/12/2024 12:19:40:426
dogpaddle-old-no-innertia,0,(510.00, 890.00),(-5.00, 21.25),Moved,1,20/12/2024 12:19:40:438
dogpaddle-old-no-innertia,0,(510.00, 890.00),(0.00, 0.00),Ended,1,20/12/2024 12:19:40:451
dogpaddle-old-no-innertia,0,(567.50, 778.75),(0.00, 0.00),Began,1,20/12/2024 12:19:41:306
dogpaddle-old-no-innertia,0,(566.25, 772.50),(-1.25, -6.25),Moved,1,20/12/2024 12:19:41:325
dogpaddle-old-no-innertia,0,(566.25, 738.75),(0.00, -33.75),Moved,1,20/12/2024 12:19:41:354
dogpaddle-old-no-innertia,0,(566.25, 708.75),(0.00, -30.00),Moved,1,20/12/2024 12:19:41:370
dogpaddle-old-no-innertia,0,(566.25, 691.25),(0.00, -17.50),Moved,1,20/12/2024 12:19:41:383
dogpaddle-old-no-innertia,0,(565.00, 672.50),(-1.25, -18.75),Moved,1,20/12/2024 12:19:41:399
dogpaddle-old-no-innertia,0,(563.75, 626.25),(-1.25, -46.25),Moved,1,20/12/2024 12:19:41:413
dogpaddle-old-no-innertia,0,(562.50, 600.00),(-1.25, -26.25),Moved,1,20/12/2024 12:19:41:422
dogpaddle-old-no-innertia,0,(562.50, 572.50),(0.00, -27.50),Moved,1,20/12/2024 12:19:41:434
dogpaddle-old-no-innertia,0,(562.50, 543.75),(0.00, -28.75),Moved,1,20/12/2024 12:19:41:448
dogpaddle-old-no-innertia,0,(563.75, 483.75),(1.25, -60.00),Moved,1,20/12/2024 12:19:41:459
dogpaddle-old-no-innertia,0,(565.00, 456.25),(1.25, -27.50),Moved,1,20/12/2024 12:19:41:472
dogpaddle-old-no-innertia,0,(565.00, 428.75),(0.00, -27.50),Moved,1,20/12/2024 12:19:41:484
dogpaddle-old-no-innertia,0,(565.00, 373.75),(0.00, -55.00),Moved,1,20/12/2024 12:19:41:499
dogpaddle-old-no-innertia,0,(566.25, 346.25),(1.25, -27.50),Moved,1,20/12/2024 12:19:41:509
dogpaddle-old-no-innertia,0,(566.25, 317.50),(0.00, -28.75),Moved,1,20/12/2024 12:19:41:524
dogpaddle-old-no-innertia,0,(568.75, 258.75),(2.50, -58.75),Moved,1,20/12/2024 12:19:41:537
dogpaddle-old-no-innertia,0,(570.00, 228.75),(1.25, -30.00),Moved,1,20/12/2024 12:19:41:550
dogpaddle-old-no-innertia,0,(572.50, 198.75),(2.50, -30.00),Moved,1,20/12/2024 12:19:41:564
dogpaddle-old-no-innertia,0,(575.00, 133.75),(2.50, -65.00),Moved,1,20/12/2024 12:19:41:581
dogpaddle-old-no-innertia,0,(575.00, 98.75),(0.00, -35.00),Moved,1,20/12/2024 12:19:41:591
dogpaddle-old-no-innertia,0,(573.75, 61.25),(-1.25, -37.50),Moved,1,20/12/2024 12:19:41:603
dogpaddle-old-no-innertia,0,(572.50, 23.75),(-1.25, -37.50),Ended,1,20/12/2024 12:19:41:625
dogpaddle-old-no-innertia,0,(625.00, 413.75),(0.00, 0.00),Began,1,20/12/2024 12:19:42:959
dogpaddle-old-no-innertia,0,(622.50, 413.75),(-2.50, 0.00),Moved,1,20/12/2024 12:19:42:980
dogpaddle-old-no-innertia,0,(612.50, 412.50),(-10.00, -1.25),Moved,1,20/12/2024 12:19:43:001
dogpaddle-old-no-innertia,0,(597.50, 408.75),(-15.00, -3.75),Moved,1,20/12/2024 12:19:43:024
dogpaddle-old-no-innertia,0,(580.00, 403.75),(-17.50, -5.00),Moved,1,20/12/2024 12:19:43:042
dogpaddle-old-no-innertia,0,(572.50, 402.50),(-7.50, -1.25),Moved,1,20/12/2024 12:19:43:056
dogpaddle-old-no-innertia,0,(555.00, 397.50),(-17.50, -5.00),Moved,1,20/12/2024 12:19:43:067
dogpaddle-old-no-innertia,0,(546.25, 395.00),(-8.75, -2.50),Moved,1,20/12/2024 12:19:43:082
dogpaddle-old-no-innertia,0,(537.50, 392.50),(-8.75, -2.50),Moved,1,20/12/2024 12:19:43:096
dogpaddle-old-no-innertia,0,(522.50, 388.75),(-15.00, -3.75),Moved,1,20/12/2024 12:19:43:112
dogpaddle-old-no-innertia,0,(517.50, 386.25),(-5.00, -2.50),Moved,1,20/12/2024 12:19:43:121
dogpaddle-old-no-innertia,0,(508.75, 383.75),(-8.75, -2.50),Moved,1,20/12/2024 12:19:43:141
dogpaddle-old-no-innertia,0,(507.50, 383.75),(-1.25, 0.00),Moved,1,20/12/2024 12:19:43:150
dogpaddle-old-no-innertia,0,(505.00, 383.75),(-2.50, 0.00),Moved,1,20/12/2024 12:19:43:164
dogpaddle-old-no-innertia,0,(502.50, 383.75),(-2.50, 0.00),Moved,1,20/12/2024 12:19:43:181
dogpaddle-old-no-innertia,0,(502.50, 383.75),(0.00, 0.00),Stationary,1,20/12/2024 12:19:43:189
dogpaddle-old-no-innertia,0,(501.25, 382.50),(-1.25, -1.25),Moved,1,20/12/2024 12:19:43:203
dogpaddle-old-no-innertia,0,(500.00, 382.50),(-1.25, 0.00),Moved,1,20/12/2024 12:19:43:216
dogpaddle-old-no-innertia,0,(500.00, 381.25),(0.00, -1.25),Moved,1,20/12/2024 12:19:43:229
dogpaddle-old-no-innertia,0,(498.75, 381.25),(-1.25, 0.00),Moved,1,20/12/2024 12:19:43:239
dogpaddle-old-no-innertia,0,(498.75, 380.00),(0.00, -1.25),Moved,1,20/12/2024 12:19:43:252
dogpaddle-old-no-innertia,0,(497.50, 380.00),(-1.25, 0.00),Moved,1,20/12/2024 12:19:43:265
dogpaddle-old-no-innertia,0,(497.50, 380.00),(0.00, 0.00),Ended,1,20/12/2024 12:19:43:278
dogpaddle-old-no-innertia,2,(412.50, 623.75),(0.00, 0.00),Began,1,20/12/2024 12:19:43:642
dogpaddle-old-no-innertia,2,(436.25, 608.75),(23.75, -15.00),Moved,1,20/12/2024 12:19:43:658
dogpaddle-old-no-innertia,2,(457.50, 583.75),(21.25, -25.00),Moved,1,20/12/2024 12:19:43:673
dogpaddle-old-no-innertia,2,(475.00, 548.75),(17.50, -35.00),Moved,1,20/12/2024 12:19:43:694
dogpaddle-old-no-innertia,2,(483.75, 527.50),(8.75, -21.25),Moved,1,20/12/2024 12:19:43:711
dogpaddle-old-no-innertia,2,(502.50, 481.25),(18.75, -46.25),Moved,1,20/12/2024 12:19:43:724
dogpaddle-old-no-innertia,2,(511.25, 457.50),(8.75, -23.75),Moved,1,20/12/2024 12:19:43:740
dogpaddle-old-no-innertia,2,(527.50, 408.75),(16.25, -48.75),Moved,1,20/12/2024 12:19:43:752
dogpaddle-old-no-innertia,2,(532.50, 383.75),(5.00, -25.00),Moved,1,20/12/2024 12:19:43:763
dogpaddle-old-no-innertia,2,(538.75, 360.00),(6.25, -23.75),Moved,1,20/12/2024 12:19:43:774
dogpaddle-old-no-innertia,2,(543.75, 336.25),(5.00, -23.75),Moved,1,20/12/2024 12:19:43:787
dogpaddle-old-no-innertia,2,(553.75, 286.25),(10.00, -50.00),Moved,1,20/12/2024 12:19:43:802
dogpaddle-old-no-innertia,2,(558.75, 261.25),(5.00, -25.00),Moved,1,20/12/2024 12:19:43:813
dogpaddle-old-no-innertia,2,(562.50, 236.25),(3.75, -25.00),Moved,1,20/12/2024 12:19:43:824
dogpaddle-old-no-innertia,2,(566.25, 212.50),(3.75, -23.75),Moved,1,20/12/2024 12:19:43:839
dogpaddle-old-no-innertia,2,(570.00, 163.75),(3.75, -48.75),Moved,1,20/12/2024 12:19:43:851
dogpaddle-old-no-innertia,2,(572.50, 138.75),(2.50, -25.00),Moved,1,20/12/2024 12:19:43:863
dogpaddle-old-no-innertia,2,(572.50, 111.25),(0.00, -27.50),Moved,1,20/12/2024 12:19:43:874
dogpaddle-old-no-innertia,2,(572.50, 83.75),(0.00, -27.50),Moved,1,20/12/2024 12:19:43:887
dogpaddle-old-no-innertia,2,(571.25, 50.00),(-1.25, -33.75),Moved,1,20/12/2024 12:19:43:898
dogpaddle-old-no-innertia,2,(567.50, 13.75),(-3.75, -36.25),Ended,1,20/12/2024 12:19:43:914
dogpaddle-old-no-innertia,0,(555.00, 476.25),(0.00, 0.00),Began,1,20/12/2024 12:19:46:219
dogpaddle-old-no-innertia,0,(572.50, 478.75),(17.50, 2.50),Moved,1,20/12/2024 12:19:46:233
dogpaddle-old-no-innertia,0,(592.50, 486.25),(20.00, 7.50),Moved,1,20/12/2024 12:19:46:262
dogpaddle-old-no-innertia,0,(623.75, 488.75),(31.25, 2.50),Moved,1,20/12/2024 12:19:46:292
dogpaddle-old-no-innertia,0,(640.00, 488.75),(16.25, 0.00),Moved,1,20/12/2024 12:19:46:304
dogpaddle-old-no-innertia,0,(675.00, 483.75),(35.00, -5.00),Moved,1,20/12/2024 12:19:46:319
dogpaddle-old-no-innertia,0,(691.25, 481.25),(16.25, -2.50),Moved,1,20/12/2024 12:19:46:326
dogpaddle-old-no-innertia,0,(702.50, 480.00),(11.25, -1.25),Moved,1,20/12/2024 12:19:46:340
dogpaddle-old-no-innertia,0,(723.75, 477.50),(21.25, -2.50),Moved,1,20/12/2024 12:19:46:358
dogpaddle-old-no-innertia,0,(732.50, 476.25),(8.75, -1.25),Moved,1,20/12/2024 12:19:46:366
dogpaddle-old-no-innertia,0,(741.25, 475.00),(8.75, -1.25),Moved,1,20/12/2024 12:19:46:380
dogpaddle-old-no-innertia,0,(748.75, 473.75),(7.50, -1.25),Moved,1,20/12/2024 12:19:46:389
dogpaddle-old-no-innertia,0,(757.50, 473.75),(8.75, 0.00),Moved,1,20/12/2024 12:19:46:401
dogpaddle-old-no-innertia,0,(772.50, 472.50),(15.00, -1.25),Moved,1,20/12/2024 12:19:46:416
dogpaddle-old-no-innertia,0,(781.25, 472.50),(8.75, 0.00),Moved,1,20/12/2024 12:19:46:425
dogpaddle-old-no-innertia,0,(788.75, 471.25),(7.50, -1.25),Moved,1,20/12/2024 12:19:46:437
dogpaddle-old-no-innertia,0,(797.50, 470.00),(8.75, -1.25),Moved,1,20/12/2024 12:19:46:448
dogpaddle-old-no-innertia,0,(806.25, 468.75),(8.75, -1.25),Moved,1,20/12/2024 12:19:46:462
dogpaddle-old-no-innertia,0,(822.50, 465.00),(16.25, -3.75),Moved,1,20/12/2024 12:19:46:476
dogpaddle-old-no-innertia,0,(830.00, 462.50),(7.50, -2.50),Moved,1,20/12/2024 12:19:46:485
dogpaddle-old-no-innertia,0,(838.75, 458.75),(8.75, -3.75),Moved,1,20/12/2024 12:19:46:498
dogpaddle-old-no-innertia,0,(847.50, 456.25),(8.75, -2.50),Moved,1,20/12/2024 12:19:46:509
dogpaddle-old-no-innertia,0,(855.00, 451.25),(7.50, -5.00),Moved,1,20/12/2024 12:19:46:519
dogpaddle-old-no-innertia,0,(871.25, 442.50),(16.25, -8.75),Moved,1,20/12/2024 12:19:46:536
dogpaddle-old-no-innertia,0,(877.50, 438.75),(6.25, -3.75),Moved,1,20/12/2024 12:19:46:546
dogpaddle-old-no-innertia,0,(883.75, 435.00),(6.25, -3.75),Moved,1,20/12/2024 12:19:46:558
dogpaddle-old-no-innertia,0,(888.75, 432.50),(5.00, -2.50),Moved,1,20/12/2024 12:19:46:569
dogpaddle-old-no-innertia,0,(895.00, 428.75),(6.25, -3.75),Moved,1,20/12/2024 12:19:46:584
dogpaddle-old-no-innertia,0,(896.25, 427.50),(1.25, -1.25),Moved,1,20/12/2024 12:19:46:594
dogpaddle-old-no-innertia,0,(897.50, 427.50),(1.25, 0.00),Moved,1,20/12/2024 12:19:46:604
dogpaddle-old-no-innertia,0,(897.50, 427.50),(0.00, 0.00),Stationary,1,20/12/2024 12:19:46:616
dogpaddle-old-no-innertia,0,(897.50, 427.50),(0.00, 0.00),Ended,1,20/12/2024 12:19:46:631
dogpaddle-old-no-innertia,0,(442.50, 611.25),(0.00, 0.00),Began,1,20/12/2024 12:19:47:285
dogpaddle-old-no-innertia,0,(488.75, 612.50),(46.25, 1.25),Moved,1,20/12/2024 12:19:47:316
dogpaddle-old-no-innertia,0,(522.50, 610.00),(33.75, -2.50),Moved,1,20/12/2024 12:19:47:336
dogpaddle-old-no-innertia,0,(556.25, 607.50),(33.75, -2.50),Moved,1,20/12/2024 12:19:47:353
dogpaddle-old-no-innertia,0,(572.50, 605.00),(16.25, -2.50),Moved,1,20/12/2024 12:19:47:365
dogpaddle-old-no-innertia,0,(607.50, 598.75),(35.00, -6.25),Moved,1,20/12/2024 12:19:47:383
dogpaddle-old-no-innertia,0,(623.75, 593.75),(16.25, -5.00),Moved,1,20/12/2024 12:19:47:396
dogpaddle-old-no-innertia,0,(656.25, 585.00),(32.50, -8.75),Moved,1,20/12/2024 12:19:47:410
dogpaddle-old-no-innertia,0,(671.25, 581.25),(15.00, -3.75),Moved,1,20/12/2024 12:19:47:421
dogpaddle-old-no-innertia,0,(696.25, 573.75),(25.00, -7.50),Moved,1,20/12/2024 12:19:47:440
dogpaddle-old-no-innertia,0,(707.50, 572.50),(11.25, -1.25),Moved,1,20/12/2024 12:19:47:449
dogpaddle-old-no-innertia,0,(715.00, 568.75),(7.50, -3.75),Moved,1,20/12/2024 12:19:47:465
dogpaddle-old-no-innertia,0,(732.50, 565.00),(17.50, -3.75),Moved,1,20/12/2024 12:19:47:480
dogpaddle-old-no-innertia,0,(740.00, 563.75),(7.50, -1.25),Moved,1,20/12/2024 12:19:47:492
dogpaddle-old-no-innertia,0,(758.75, 556.25),(18.75, -7.50),Moved,1,20/12/2024 12:19:47:506
dogpaddle-old-no-innertia,0,(768.75, 552.50),(10.00, -3.75),Moved,1,20/12/2024 12:19:47:518
dogpaddle-old-no-innertia,0,(778.75, 547.50),(10.00, -5.00),Moved,1,20/12/2024 12:19:47:534
dogpaddle-old-no-innertia,0,(797.50, 536.25),(18.75, -11.25),Moved,1,20/12/2024 12:19:47:548
dogpaddle-old-no-innertia,0,(806.25, 531.25),(8.75, -5.00),Moved,1,20/12/2024 12:19:47:561
dogpaddle-old-no-innertia,0,(813.75, 526.25),(7.50, -5.00),Moved,1,20/12/2024 12:19:47:575
dogpaddle-old-no-innertia,0,(826.25, 517.50),(12.50, -8.75),Moved,1,20/12/2024 12:19:47:591
dogpaddle-old-no-innertia,0,(831.25, 513.75),(5.00, -3.75),Moved,1,20/12/2024 12:19:47:604
dogpaddle-old-no-innertia,0,(840.00, 506.25),(8.75, -7.50),Moved,1,20/12/2024 12:19:47:618
dogpaddle-old-no-innertia,0,(842.50, 502.50),(2.50, -3.75),Moved,1,20/12/2024 12:19:47:629
dogpaddle-old-no-innertia,0,(846.25, 498.75),(3.75, -3.75),Moved,1,20/12/2024 12:19:47:646
dogpaddle-old-no-innertia,0,(852.50, 491.25),(6.25, -7.50),Moved,1,20/12/2024 12:19:47:657
dogpaddle-old-no-innertia,0,(853.75, 488.75),(1.25, -2.50),Moved,1,20/12/2024 12:19:47:671
dogpaddle-old-no-innertia,0,(860.00, 483.75),(6.25, -5.00),Moved,1,20/12/2024 12:19:47:685
dogpaddle-old-no-innertia,0,(862.50, 481.25),(2.50, -2.50),Moved,1,20/12/2024 12:19:47:696
dogpaddle-old-no-innertia,0,(865.00, 478.75),(2.50, -2.50),Moved,1,20/12/2024 12:19:47:710
dogpaddle-old-no-innertia,0,(867.50, 476.25),(2.50, -2.50),Moved,1,20/12/2024 12:19:47:721
dogpaddle-old-no-innertia,0,(873.75, 470.00),(6.25, -6.25),Moved,1,20/12/2024 12:19:47:735
dogpaddle-old-no-innertia,0,(877.50, 467.50),(3.75, -2.50),Moved,1,20/12/2024 12:19:47:746
dogpaddle-old-no-innertia,0,(880.00, 463.75),(2.50, -3.75),Moved,1,20/12/2024 12:19:47:764
dogpaddle-old-no-innertia,0,(886.25, 457.50),(6.25, -6.25),Moved,1,20/12/2024 12:19:47:777
dogpaddle-old-no-innertia,0,(888.75, 453.75),(2.50, -3.75),Moved,1,20/12/2024 12:19:47:787
dogpaddle-old-no-innertia,0,(892.50, 450.00),(3.75, -3.75),Moved,1,20/12/2024 12:19:47:799
dogpaddle-old-no-innertia,0,(897.50, 443.75),(5.00, -6.25),Moved,1,20/12/2024 12:19:47:814
dogpaddle-old-no-innertia,0,(900.00, 440.00),(2.50, -3.75),Moved,1,20/12/2024 12:19:47:827
dogpaddle-old-no-innertia,0,(902.50, 436.25),(2.50, -3.75),Moved,1,20/12/2024 12:19:47:838
dogpaddle-old-no-innertia,0,(905.00, 433.75),(2.50, -2.50),Moved,1,20/12/2024 12:19:47:852
dogpaddle-old-no-innertia,0,(908.75, 426.25),(3.75, -7.50),Moved,1,20/12/2024 12:19:47:863
dogpaddle-old-no-innertia,0,(911.25, 423.75),(2.50, -2.50),Moved,1,20/12/2024 12:19:47:877
dogpaddle-old-no-innertia,0,(912.50, 422.50),(1.25, -1.25),Moved,1,20/12/2024 12:19:47:889
dogpaddle-old-no-innertia,0,(915.00, 418.75),(2.50, -3.75),Moved,1,20/12/2024 12:19:47:904
dogpaddle-old-no-innertia,0,(917.50, 416.25),(2.50, -2.50),Moved,1,20/12/2024 12:19:47:915
dogpaddle-old-no-innertia,0,(918.75, 413.75),(1.25, -2.50),Moved,1,20/12/2024 12:19:47:927
dogpaddle-old-no-innertia,0,(922.50, 410.00),(3.75, -3.75),Moved,1,20/12/2024 12:19:47:940
dogpaddle-old-no-innertia,0,(930.00, 403.75),(7.50, -6.25),Moved,1,20/12/2024 12:19:47:953
dogpaddle-old-no-innertia,0,(932.50, 401.25),(2.50, -2.50),Moved,1,20/12/2024 12:19:47:966
dogpaddle-old-no-innertia,0,(936.25, 398.75),(3.75, -2.50),Moved,1,20/12/2024 12:19:47:981
dogpaddle-old-no-innertia,0,(941.25, 396.25),(5.00, -2.50),Moved,1,20/12/2024 12:19:47:994
dogpaddle-old-no-innertia,0,(942.50, 395.00),(1.25, -1.25),Moved,1,20/12/2024 12:19:48:003
dogpaddle-old-no-innertia,0,(945.00, 393.75),(2.50, -1.25),Moved,1,20/12/2024 12:19:48:015
dogpaddle-old-no-innertia,0,(945.00, 393.75),(0.00, 0.00),Stationary,1,20/12/2024 12:19:48:026
dogpaddle-old-no-innertia,0,(946.25, 393.75),(1.25, 0.00),Moved,1,20/12/2024 12:19:48:037
dogpaddle-old-no-innertia,0,(947.50, 393.75),(1.25, 0.00),Moved,1,20/12/2024 12:19:48:050
dogpaddle-old-no-innertia,0,(947.50, 393.75),(0.00, 0.00),Stationary,1,20/12/2024 12:19:48:062
dogpaddle-old-no-innertia,0,(947.50, 393.75),(0.00, 0.00),Stationary,1,20/12/2024 12:19:48:074
dogpaddle-old-no-innertia,0,(947.50, 393.75),(0.00, 0.00),Stationary,1,20/12/2024 12:19:48:085
dogpaddle-old-no-innertia,0,(947.50, 393.75),(0.00, 0.00),Ended,1,20/12/2024 12:19:48:100
dogpaddle-old-no-innertia,2,(595.00, 606.25),(0.00, 0.00),Began,1,20/12/2024 12:19:48:441
dogpaddle-old-no-innertia,2,(592.50, 597.50),(-2.50, -8.75),Moved,1,20/12/2024 12:19:48:452
dogpaddle-old-no-innertia,2,(587.50, 570.00),(-5.00, -27.50),Moved,1,20/12/2024 12:19:48:471
dogpaddle-old-no-innertia,2,(586.25, 551.25),(-1.25, -18.75),Moved,1,20/12/2024 12:19:48:488
dogpaddle-old-no-innertia,2,(583.75, 512.50),(-2.50, -38.75),Moved,1,20/12/2024 12:19:48:503
dogpaddle-old-no-innertia,2,(582.50, 467.50),(-1.25, -45.00),Moved,1,20/12/2024 12:19:48:521
dogpaddle-old-no-innertia,2,(581.25, 442.50),(-1.25, -25.00),Moved,1,20/12/2024 12:19:48:532
dogpaddle-old-no-innertia,2,(578.75, 390.00),(-2.50, -52.50),Moved,1,20/12/2024 12:19:48:549
dogpaddle-old-no-innertia,2,(577.50, 363.75),(-1.25, -26.25),Moved,1,20/12/2024 12:19:48:561
dogpaddle-old-no-innertia,2,(577.50, 338.75),(0.00, -25.00),Moved,1,20/12/2024 12:19:48:573
dogpaddle-old-no-innertia,2,(576.25, 313.75),(-1.25, -25.00),Moved,1,20/12/2024 12:19:48:585
dogpaddle-old-no-innertia,2,(576.25, 263.75),(0.00, -50.00),Moved,1,20/12/2024 12:19:48:597
dogpaddle-old-no-innertia,2,(577.50, 240.00),(1.25, -23.75),Moved,1,20/12/2024 12:19:48:609
dogpaddle-old-no-innertia,2,(577.50, 216.25),(0.00, -23.75),Moved,1,20/12/2024 12:19:48:621
dogpaddle-old-no-innertia,2,(577.50, 192.50),(0.00, -23.75),Moved,1,20/12/2024 12:19:48:634
dogpaddle-old-no-innertia,2,(578.75, 146.25),(1.25, -46.25),Moved,1,20/12/2024 12:19:48:647
dogpaddle-old-no-innertia,2,(578.75, 123.75),(0.00, -22.50),Moved,1,20/12/2024 12:19:48:659
dogpaddle-old-no-innertia,2,(578.75, 102.50),(0.00, -21.25),Moved,1,20/12/2024 12:19:48:671
dogpaddle-old-no-innertia,2,(577.50, 81.25),(-1.25, -21.25),Moved,1,20/12/2024 12:19:48:683
dogpaddle-old-no-innertia,2,(567.50, 42.50),(-10.00, -38.75),Moved,1,20/12/2024 12:19:48:697
dogpaddle-old-no-innertia,2,(560.00, 23.75),(-7.50, -18.75),Moved,1,20/12/2024 12:19:48:709
dogpaddle-old-no-innertia,2,(551.25, 6.25),(-8.75, -17.50),Moved,1,20/12/2024 12:19:48:721
dogpaddle-old-no-innertia,2,(542.50, -11.25),(-8.75, -17.50),Moved,1,20/12/2024 12:19:48:734
dogpaddle-old-no-innertia,2,(542.50, -11.25),(0.00, 0.00),Ended,1,20/12/2024 12:19:48:747
dogpaddle-old-no-innertia,0,(562.50, 657.50),(0.00, 0.00),Began,1,20/12/2024 12:19:49:462
dogpaddle-old-no-innertia,0,(562.50, 652.50),(0.00, -5.00),Moved,1,20/12/2024 12:19:49:476
dogpaddle-old-no-innertia,0,(562.50, 643.75),(0.00, -8.75),Moved,1,20/12/2024 12:19:49:488
dogpaddle-old-no-innertia,0,(563.75, 615.00),(1.25, -28.75),Moved,1,20/12/2024 12:19:49:511
dogpaddle-old-no-innertia,0,(563.75, 580.00),(0.00, -35.00),Moved,1,20/12/2024 12:19:49:529
dogpaddle-old-no-innertia,0,(563.75, 541.25),(0.00, -38.75),Moved,1,20/12/2024 12:19:49:544
dogpaddle-old-no-innertia,0,(563.75, 518.75),(0.00, -22.50),Moved,1,20/12/2024 12:19:49:557
dogpaddle-old-no-innertia,0,(563.75, 495.00),(0.00, -23.75),Moved,1,20/12/2024 12:19:49:569
dogpaddle-old-no-innertia,0,(563.75, 441.25),(0.00, -53.75),Moved,1,20/12/2024 12:19:49:583
dogpaddle-old-no-innertia,0,(563.75, 411.25),(0.00, -30.00),Moved,1,20/12/2024 12:19:49:596
dogpaddle-old-no-innertia,0,(565.00, 381.25),(1.25, -30.00),Moved,1,20/12/2024 12:19:49:607
dogpaddle-old-no-innertia,0,(566.25, 318.75),(1.25, -62.50),Moved,1,20/12/2024 12:19:49:622
dogpaddle-old-no-innertia,0,(567.50, 287.50),(1.25, -31.25),Moved,1,20/12/2024 12:19:49:632
dogpaddle-old-no-innertia,0,(567.50, 256.25),(0.00, -31.25),Moved,1,20/12/2024 12:19:49:643
dogpaddle-old-no-innertia,0,(568.75, 223.75),(1.25, -32.50),Moved,1,20/12/2024 12:19:49:655
dogpaddle-old-no-innertia,0,(570.00, 160.00),(1.25, -63.75),Moved,1,20/12/2024 12:19:49:672
dogpaddle-old-no-innertia,0,(570.00, 128.75),(0.00, -31.25),Moved,1,20/12/2024 12:19:49:689
dogpaddle-old-no-innertia,0,(567.50, 58.75),(-2.50, -70.00),Moved,1,20/12/2024 12:19:49:706
dogpaddle-old-no-innertia,0,(567.50, 58.75),(0.00, 0.00),Ended,1,20/12/2024 12:19:49:716
dogpaddle-new-realtime,0,(528.75, 702.50),(0.00, 0.00),Began,1,20/12/2024 12:19:53:782
dogpaddle-new-realtime,0,(530.00, 687.50),(1.25, -15.00),Moved,1,20/12/2024 12:19:53:800
dogpaddle-new-realtime,0,(531.25, 663.75),(1.25, -23.75),Moved,1,20/12/2024 12:19:53:829
dogpaddle-new-realtime,0,(531.25, 633.75),(0.00, -30.00),Moved,1,20/12/2024 12:19:53:851
dogpaddle-new-realtime,0,(528.75, 593.75),(-2.50, -40.00),Moved,1,20/12/2024 12:19:53:861
dogpaddle-new-realtime,0,(527.50, 568.75),(-1.25, -25.00),Moved,1,20/12/2024 12:19:53:876
dogpaddle-new-realtime,0,(527.50, 542.50),(0.00, -26.25),Moved,1,20/12/2024 12:19:53:889
dogpaddle-new-realtime,0,(522.50, 483.75),(-5.00, -58.75),Moved,1,20/12/2024 12:19:53:901
dogpaddle-new-realtime,0,(522.50, 453.75),(0.00, -30.00),Moved,1,20/12/2024 12:19:53:914
dogpaddle-new-realtime,0,(521.25, 423.75),(-1.25, -30.00),Moved,1,20/12/2024 12:19:53:926
dogpaddle-new-realtime,0,(520.00, 370.00),(-1.25, -53.75),Moved,1,20/12/2024 12:19:53:944
dogpaddle-new-realtime,0,(520.00, 346.25),(0.00, -23.75),Moved,1,20/12/2024 12:19:53:953
dogpaddle-new-realtime,0,(520.00, 323.75),(0.00, -22.50),Moved,1,20/12/2024 12:19:53:965
dogpaddle-new-realtime,0,(521.25, 281.25),(1.25, -42.50),Moved,1,20/12/2024 12:19:53:980
dogpaddle-new-realtime,0,(521.25, 260.00),(0.00, -21.25),Moved,1,20/12/2024 12:19:53:991
dogpaddle-new-realtime,0,(522.50, 238.75),(1.25, -21.25),Moved,1,20/12/2024 12:19:54:007
dogpaddle-new-realtime,0,(522.50, 218.75),(0.00, -20.00),Moved,1,20/12/2024 12:19:54:017
dogpaddle-new-realtime,0,(520.00, 175.00),(-2.50, -43.75),Moved,1,20/12/2024 12:19:54:034
dogpaddle-new-realtime,0,(518.75, 155.00),(-1.25, -20.00),Moved,1,20/12/2024 12:19:54:045
dogpaddle-new-realtime,0,(517.50, 136.25),(-1.25, -18.75),Moved,1,20/12/2024 12:19:54:057
dogpaddle-new-realtime,0,(510.00, 105.00),(-7.50, -31.25),Moved,1,20/12/2024 12:19:54:068
dogpaddle-new-realtime,0,(507.50, 93.75),(-2.50, -11.25),Moved,1,20/12/2024 12:19:54:081
dogpaddle-new-realtime,0,(502.50, 83.75),(-5.00, -10.00),Moved,1,20/12/2024 12:19:54:095
dogpaddle-new-realtime,0,(496.25, 68.75),(-6.25, -15.00),Moved,1,20/12/2024 12:19:54:109
dogpaddle-new-realtime,0,(492.50, 58.75),(-3.75, -10.00),Moved,1,20/12/2024 12:19:54:120
dogpaddle-new-realtime,0,(487.50, 46.25),(-5.00, -12.50),Moved,1,20/12/2024 12:19:54:133
dogpaddle-new-realtime,0,(487.50, 46.25),(0.00, 0.00),Ended,1,20/12/2024 12:19:54:148
dogpaddle-new-realtime,0,(560.00, 705.00),(0.00, 0.00),Began,1,20/12/2024 12:19:55:399
dogpaddle-new-realtime,0,(560.00, 701.25),(0.00, -3.75),Moved,1,20/12/2024 12:19:55:412
dogpaddle-new-realtime,0,(561.25, 695.00),(1.25, -6.25),Moved,1,20/12/2024 12:19:55:424
dogpaddle-new-realtime,0,(562.50, 672.50),(1.25, -22.50),Moved,1,20/12/2024 12:19:55:446
dogpaddle-new-realtime,0,(565.00, 641.25),(2.50, -31.25),Moved,1,20/12/2024 12:19:55:460
dogpaddle-new-realtime,0,(568.75, 606.25),(3.75, -35.00),Moved,1,20/12/2024 12:19:55:481
dogpaddle-new-realtime,0,(570.00, 585.00),(1.25, -21.25),Moved,1,20/12/2024 12:19:55:492
dogpaddle-new-realtime,0,(571.25, 562.50),(1.25, -22.50),Moved,1,20/12/2024 12:19:55:506
dogpaddle-new-realtime,0,(572.50, 512.50),(1.25, -50.00),Moved,1,20/12/2024 12:19:55:521
dogpaddle-new-realtime,0,(572.50, 483.75),(0.00, -28.75),Moved,1,20/12/2024 12:19:55:531
dogpaddle-new-realtime,0,(572.50, 453.75),(0.00, -30.00),Moved,1,20/12/2024 12:19:55:543
dogpaddle-new-realtime,0,(572.50, 421.25),(0.00, -32.50),Moved,1,20/12/2024 12:19:55:561
dogpaddle-new-realtime,0,(575.00, 352.50),(2.50, -68.75),Moved,1,20/12/2024 12:19:55:574
dogpaddle-new-realtime,0,(576.25, 315.00),(1.25, -37.50),Moved,1,20/12/2024 12:19:55:582
dogpaddle-new-realtime,0,(577.50, 278.75),(1.25, -36.25),Moved,1,20/12/2024 12:19:55:596
dogpaddle-new-realtime,0,(577.50, 203.75),(0.00, -75.00),Moved,1,20/12/2024 12:19:55:610
dogpaddle-new-realtime,0,(577.50, 166.25),(0.00, -37.50),Moved,1,20/12/2024 12:19:55:623
dogpaddle-new-realtime,0,(577.50, 130.00),(0.00, -36.25),Moved,1,20/12/2024 12:19:55:633
dogpaddle-new-realtime,0,(576.25, 97.50),(-1.25, -32.50),Moved,1,20/12/2024 12:19:55:646
dogpaddle-new-realtime,0,(571.25, 36.25),(-5.00, -61.25),Moved,1,20/12/2024 12:19:55:657
dogpaddle-new-realtime,0,(571.25, 36.25),(0.00, 0.00),Ended,1,20/12/2024 12:19:55:677
dogpaddle-new-realtime,0,(527.50, 191.25),(0.00, 0.00),Began,1,20/12/2024 12:19:56:526
dogpaddle-new-realtime,0,(527.50, 197.50),(0.00, 6.25),Moved,1,20/12/2024 12:19:56:537
dogpaddle-new-realtime,0,(527.50, 203.75),(0.00, 6.25),Moved,1,20/12/2024 12:19:56:549
dogpaddle-new-realtime,0,(530.00, 223.75),(2.50, 20.00),Moved,1,20/12/2024 12:19:56:570
dogpaddle-new-realtime,0,(531.25, 235.00),(1.25, 11.25),Moved,1,20/12/2024 12:19:56:579
dogpaddle-new-realtime,0,(533.75, 258.75),(2.50, 23.75),Moved,1,20/12/2024 12:19:56:596
dogpaddle-new-realtime,0,(535.00, 271.25),(1.25, 12.50),Moved,1,20/12/2024 12:19:56:610
dogpaddle-new-realtime,0,(537.50, 298.75),(2.50, 27.50),Moved,1,20/12/2024 12:19:56:623
dogpaddle-new-realtime,0,(537.50, 313.75),(0.00, 15.00),Moved,1,20/12/2024 12:19:56:633
dogpaddle-new-realtime,0,(538.75, 327.50),(1.25, 13.75),Moved,1,20/12/2024 12:19:56:645
dogpaddle-new-realtime,0,(538.75, 341.25),(0.00, 13.75),Moved,1,20/12/2024 12:19:56:657
dogpaddle-new-realtime,0,(537.50, 357.50),(-1.25, 16.25),Moved,1,20/12/2024 12:19:56:672
dogpaddle-new-realtime,0,(537.50, 393.75),(0.00, 36.25),Moved,1,20/12/2024 12:19:56:686
dogpaddle-new-realtime,0,(536.25, 413.75),(-1.25, 20.00),Moved,1,20/12/2024 12:19:56:697
dogpaddle-new-realtime,0,(533.75, 455.00),(-2.50, 41.25),Moved,1,20/12/2024 12:19:56:713
dogpaddle-new-realtime,0,(533.75, 477.50),(0.00, 22.50),Moved,1,20/12/2024 12:19:56:723
dogpaddle-new-realtime,0,(533.75, 498.75),(0.00, 21.25),Moved,1,20/12/2024 12:19:56:737
dogpaddle-new-realtime,0,(533.75, 518.75),(0.00, 20.00),Moved,1,20/12/2024 12:19:56:748
dogpaddle-new-realtime,0,(533.75, 561.25),(0.00, 42.50),Moved,1,20/12/2024 12:19:56:762
dogpaddle-new-realtime,0,(533.75, 582.50),(0.00, 21.25),Moved,1,20/12/2024 12:19:56:772
dogpaddle-new-realtime,0,(535.00, 603.75),(1.25, 21.25),Moved,1,20/12/2024 12:19:56:784
dogpaddle-new-realtime,0,(535.00, 625.00),(0.00, 21.25),Moved,1,20/12/2024 12:19:56:796
dogpaddle-new-realtime,0,(535.00, 645.00),(0.00, 20.00),Moved,1,20/12/2024 12:19:56:808
dogpaddle-new-realtime,0,(536.25, 686.25),(1.25, 41.25),Moved,1,20/12/2024 12:19:56:821
dogpaddle-new-realtime,0,(536.25, 705.00),(0.00, 18.75),Moved,1,20/12/2024 12:19:56:832
dogpaddle-new-realtime,0,(536.25, 723.75),(0.00, 18.75),Moved,1,20/12/2024 12:19:56:845
dogpaddle-new-realtime,0,(537.50, 758.75),(1.25, 35.00),Moved,1,20/12/2024 12:19:56:859
dogpaddle-new-realtime,0,(537.50, 775.00),(0.00, 16.25),Moved,1,20/12/2024 12:19:56:871
dogpaddle-new-realtime,0,(537.50, 791.25),(0.00, 16.25),Moved,1,20/12/2024 12:19:56:883
dogpaddle-new-realtime,0,(537.50, 806.25),(0.00, 15.00),Moved,1,20/12/2024 12:19:56:895
dogpaddle-new-realtime,0,(537.50, 820.00),(0.00, 13.75),Moved,1,20/12/2024 12:19:56:908
dogpaddle-new-realtime,0,(532.50, 850.00),(-5.00, 30.00),Moved,1,20/12/2024 12:19:56:921
dogpaddle-new-realtime,0,(530.00, 866.25),(-2.50, 16.25),Moved,1,20/12/2024 12:19:56:932
dogpaddle-new-realtime,0,(526.25, 880.00),(-3.75, 13.75),Moved,1,20/12/2024 12:19:56:944
dogpaddle-new-realtime,0,(520.00, 895.00),(-6.25, 15.00),Moved,1,20/12/2024 12:19:56:957
dogpaddle-new-realtime,0,(520.00, 895.00),(0.00, 0.00),Ended,1,20/12/2024 12:19:56:969
dogpaddle-new-realtime,0,(526.25, 490.00),(0.00, 0.00),Began,1,20/12/2024 12:19:57:759
dogpaddle-new-realtime,0,(527.50, 492.50),(1.25, 2.50),Moved,1,20/12/2024 12:19:57:779
dogpaddle-new-realtime,0,(527.50, 493.75),(0.00, 1.25),Moved,1,20/12/2024 12:19:57:797
dogpaddle-new-realtime,0,(527.50, 493.75),(0.00, 0.00),Stationary,1,20/12/2024 12:19:57:813
dogpaddle-new-realtime,0,(527.50, 493.75),(0.00, 0.00),Stationary,1,20/12/2024 12:19:57:829
dogpaddle-new-realtime,0,(531.25, 488.75),(3.75, -5.00),Moved,1,20/12/2024 12:19:57:844
dogpaddle-new-realtime,0,(532.50, 483.75),(1.25, -5.00),Moved,1,20/12/2024 12:19:57:858
dogpaddle-new-realtime,0,(537.50, 467.50),(5.00, -16.25),Moved,1,20/12/2024 12:19:57:881
dogpaddle-new-realtime,0,(540.00, 458.75),(2.50, -8.75),Moved,1,20/12/2024 12:19:57:892
dogpaddle-new-realtime,0,(542.50, 438.75),(2.50, -20.00),Moved,1,20/12/2024 12:19:57:909
dogpaddle-new-realtime,0,(543.75, 421.25),(1.25, -17.50),Moved,1,20/12/2024 12:19:57:928
dogpaddle-new-realtime,0,(543.75, 413.75),(0.00, -7.50),Moved,1,20/12/2024 12:19:57:941
dogpaddle-new-realtime,0,(543.75, 397.50),(0.00, -16.25),Moved,1,20/12/2024 12:19:57:959
dogpaddle-new-realtime,0,(543.75, 388.75),(0.00, -8.75),Moved,1,20/12/2024 12:19:57:968
dogpaddle-new-realtime,0,(545.00, 370.00),(1.25, -18.75),Moved,1,20/12/2024 12:19:57:982
dogpaddle-new-realtime,0,(545.00, 361.25),(0.00, -8.75),Moved,1,20/12/2024 12:19:57:996
dogpaddle-new-realtime,0,(545.00, 352.50),(0.00, -8.75),Moved,1,20/12/2024 12:19:58:010
dogpaddle-new-realtime,0,(545.00, 337.50),(0.00, -15.00),Moved,1,20/12/2024 12:19:58:029
dogpaddle-new-realtime,0,(543.75, 325.00),(-1.25, -12.50),Moved,1,20/12/2024 12:19:58:043
dogpaddle-new-realtime,0,(543.75, 318.75),(0.00, -6.25),Moved,1,20/12/2024 12:19:58:056
dogpaddle-new-realtime,0,(542.50, 315.00),(-1.25, -3.75),Moved,1,20/12/2024 12:19:58:070
dogpaddle-new-realtime,0,(542.50, 306.25),(0.00, -8.75),Moved,1,20/12/2024 12:19:58:087
dogpaddle-new-realtime,0,(542.50, 303.75),(0.00, -2.50),Moved,1,20/12/2024 12:19:58:099
dogpaddle-new-realtime,0,(542.50, 295.00),(0.00, -8.75),Moved,1,20/12/2024 12:19:58:114
dogpaddle-new-realtime,0,(542.50, 292.50),(0.00, -2.50),Moved,1,20/12/2024 12:19:58:126
dogpaddle-new-realtime,0,(541.25, 285.00),(-1.25, -7.50),Moved,1,20/12/2024 12:19:58:144
dogpaddle-new-realtime,0,(541.25, 282.50),(0.00, -2.50),Moved,1,20/12/2024 12:19:58:155
dogpaddle-new-realtime,0,(541.25, 280.00),(0.00, -2.50),Moved,1,20/12/2024 12:19:58:171
dogpaddle-new-realtime,0,(541.25, 276.25),(0.00, -3.75),Moved,1,20/12/2024 12:19:58:181
dogpaddle-new-realtime,0,(540.00, 273.75),(-1.25, -2.50),Moved,1,20/12/2024 12:19:58:195
dogpaddle-new-realtime,0,(540.00, 273.75),(0.00, 0.00),Stationary,1,20/12/2024 12:19:58:206
dogpaddle-new-realtime,0,(540.00, 270.00),(0.00, -3.75),Moved,1,20/12/2024 12:19:58:222
dogpaddle-new-realtime,0,(540.00, 268.75),(0.00, -1.25),Moved,1,20/12/2024 12:19:58:237
dogpaddle-new-realtime,0,(540.00, 265.00),(0.00, -3.75),Moved,1,20/12/2024 12:19:58:253
dogpaddle-new-realtime,0,(540.00, 263.75),(0.00, -1.25),Moved,1,20/12/2024 12:19:58:264
dogpaddle-new-realtime,0,(540.00, 263.75),(0.00, 0.00),Stationary,1,20/12/2024 12:19:58:276
dogpaddle-new-realtime,0,(540.00, 260.00),(0.00, -3.75),Moved,1,20/12/2024 12:19:58:291
dogpaddle-new-realtime,0,(540.00, 258.75),(0.00, -1.25),Moved,1,20/12/2024 12:19:58:305
dogpaddle-new-realtime,0,(541.25, 255.00),(1.25, -3.75),Moved,1,20/12/2024 12:19:58:321
dogpaddle-new-realtime,0,(541.25, 253.75),(0.00, -1.25),Moved,1,20/12/2024 12:19:58:333
dogpaddle-new-realtime,0,(541.25, 250.00),(0.00, -3.75),Moved,1,20/12/2024 12:19:58:353
dogpaddle-new-realtime,0,(541.25, 248.75),(0.00, -1.25),Moved,1,20/12/2024 12:19:58:363
dogpaddle-new-realtime,0,(541.25, 247.50),(0.00, -1.25),Moved,1,20/12/2024 12:19:58:378
dogpaddle-new-realtime,0,(541.25, 243.75),(0.00, -3.75),Moved,1,20/12/2024 12:19:58:393
dogpaddle-new-realtime,0,(541.25, 243.75),(0.00, 0.00),Stationary,1,20/12/2024 12:19:58:405
dogpaddle-new-realtime,0,(541.25, 240.00),(0.00, -3.75),Moved,1,20/12/2024 12:19:58:421
dogpaddle-new-realtime,0,(541.25, 238.75),(0.00, -1.25),Moved,1,20/12/2024 12:19:58:439
dogpaddle-new-realtime,0,(541.25, 237.50),(0.00, -1.25),Moved,1,20/12/2024 12:19:58:453
dogpaddle-new-realtime,0,(541.25, 237.50),(0.00, 0.00),Stationary,1,20/12/2024 12:19:58:465
dogpaddle-new-realtime,0,(541.25, 235.00),(0.00, -2.50),Moved,1,20/12/2024 12:19:58:480
dogpaddle-new-realtime,0,(541.25, 235.00),(0.00, 0.00),Stationary,1,20/12/2024 12:19:58:493
dogpaddle-new-realtime,0,(541.25, 233.75),(0.00, -1.25),Moved,1,20/12/2024 12:19:58:507
dogpaddle-new-realtime,0,(541.25, 233.75),(0.00, 0.00),Stationary,1,20/12/2024 12:19:58:519
dogpaddle-new-realtime,0,(541.25, 233.75),(0.00, 0.00),Stationary,1,20/12/2024 12:19:58:532
dogpaddle-new-realtime,0,(541.25, 233.75),(0.00, 0.00),Stationary,1,20/12/2024 12:19:58:544
dogpaddle-new-realtime,0,(542.50, 233.75),(1.25, 0.00),Moved,1,20/12/2024 12:19:58:559
dogpaddle-new-realtime,0,(542.50, 233.75),(0.00, 0.00),Stationary,1,20/12/2024 12:19:58:570
dogpaddle-new-realtime,0,(542.50, 233.75),(0.00, 0.00),Stationary,1,20/12/2024 12:19:58:585
dogpaddle-new-realtime,0,(547.50, 231.25),(5.00, -2.50),Moved,1,20/12/2024 12:19:58:598
dogpaddle-new-realtime,0,(552.50, 230.00),(5.00, -1.25),Moved,1,20/12/2024 12:19:58:611
dogpaddle-new-realtime,0,(557.50, 227.50),(5.00, -2.50),Moved,1,20/12/2024 12:19:58:627
dogpaddle-new-realtime,0,(570.00, 223.75),(12.50, -3.75),Moved,1,20/12/2024 12:19:58:641
dogpaddle-new-realtime,0,(575.00, 223.75),(5.00, 0.00),Moved,1,20/12/2024 12:19:58:657
dogpaddle-new-realtime,0,(582.50, 221.25),(7.50, -2.50),Moved,1,20/12/2024 12:19:58:672
dogpaddle-new-realtime,0,(585.00, 221.25),(2.50, 0.00),Moved,1,20/12/2024 12:19:58:687
dogpaddle-new-realtime,0,(588.75, 221.25),(3.75, 0.00),Moved,1,20/12/2024 12:19:58:697
dogpaddle-new-realtime,0,(592.50, 221.25),(3.75, 0.00),Moved,1,20/12/2024 12:19:58:712
dogpaddle-new-realtime,0,(593.75, 221.25),(1.25, 0.00),Moved,1,20/12/2024 12:19:58:725
dogpaddle-new-realtime,0,(600.00, 220.00),(6.25, -1.25),Moved,1,20/12/2024 12:19:58:743
dogpaddle-new-realtime,0,(610.00, 218.75),(10.00, -1.25),Moved,1,20/12/2024 12:19:58:758
dogpaddle-new-realtime,0,(617.50, 216.25),(7.50, -2.50),Moved,1,20/12/2024 12:19:58:770
dogpaddle-new-realtime,0,(625.00, 213.75),(7.50, -2.50),Moved,1,20/12/2024 12:19:58:782
dogpaddle-new-realtime,0,(638.75, 208.75),(13.75, -5.00),Moved,1,20/12/2024 12:19:58:797
dogpaddle-new-realtime,0,(645.00, 205.00),(6.25, -3.75),Moved,1,20/12/2024 12:19:58:807
dogpaddle-new-realtime,0,(651.25, 201.25),(6.25, -3.75),Moved,1,20/12/2024 12:19:58:819
dogpaddle-new-realtime,0,(657.50, 198.75),(6.25, -2.50),Moved,1,20/12/2024 12:19:58:832
dogpaddle-new-realtime,0,(667.50, 190.00),(10.00, -8.75),Moved,1,20/12/2024 12:19:58:845
dogpaddle-new-realtime,0,(672.50, 186.25),(5.00, -3.75),Moved,1,20/12/2024 12:19:58:857
dogpaddle-new-realtime,0,(677.50, 182.50),(5.00, -3.75),Moved,1,20/12/2024 12:19:58:868
dogpaddle-new-realtime,0,(682.50, 178.75),(5.00, -3.75),Moved,1,20/12/2024 12:19:58:879
dogpaddle-new-realtime,0,(687.50, 175.00),(5.00, -3.75),Moved,1,20/12/2024 12:19:58:894
dogpaddle-new-realtime,0,(695.00, 168.75),(7.50, -6.25),Moved,1,20/12/2024 12:19:58:908
dogpaddle-new-realtime,0,(697.50, 167.50),(2.50, -1.25),Moved,1,20/12/2024 12:19:58:919
dogpaddle-new-realtime,0,(700.00, 166.25),(2.50, -1.25),Moved,1,20/12/2024 12:19:58:931
dogpaddle-new-realtime,0,(702.50, 163.75),(2.50, -2.50),Moved,1,20/12/2024 12:19:58:947
dogpaddle-new-realtime,0,(703.75, 162.50),(1.25, -1.25),Moved,1,20/12/2024 12:19:58:958
dogpaddle-new-realtime,0,(706.25, 161.25),(2.50, -1.25),Moved,1,20/12/2024 12:19:58:969
dogpaddle-new-realtime,0,(707.50, 158.75),(1.25, -2.50),Moved,1,20/12/2024 12:19:58:981
dogpaddle-new-realtime,0,(712.50, 157.50),(5.00, -1.25),Ended,1,20/12/2024 12:19:58:999
dogpaddle-new-realtime,1,(642.50, 461.25),(0.00, 0.00),Began,1,20/12/2024 12:19:59:386
dogpaddle-new-realtime,1,(642.50, 461.25),(0.00, 0.00),Moved,1,20/12/2024 12:19:59:406
dogpaddle-new-realtime,0,(462.50, 482.50),(0.00, 0.00),Began,1,20/12/2024 12:20:00:164
dogpaddle-new-realtime,0,(472.50, 468.75),(10.00, -13.75),Moved,1,20/12/2024 12:20:00:176
dogpaddle-new-realtime,0,(491.25, 443.75),(18.75, -25.00),Moved,1,20/12/2024 12:20:00:198
dogpaddle-new-realtime,0,(498.75, 431.25),(7.50, -12.50),Moved,1,20/12/2024 12:20:00:216
dogpaddle-new-realtime,0,(517.50, 397.50),(18.75, -33.75),Moved,1,20/12/2024 12:20:00:237
dogpaddle-new-realtime,0,(517.50, 397.50),(0.00, 0.00),Stationary,1,20/12/2024 12:20:00:243
dogpaddle-new-realtime,0,(527.50, 375.00),(10.00, -22.50),Moved,1,20/12/2024 12:20:00:258
dogpaddle-new-realtime,0,(532.50, 363.75),(5.00, -11.25),Moved,1,20/12/2024 12:20:00:270
dogpaddle-new-realtime,0,(537.50, 353.75),(5.00, -10.00),Moved,1,20/12/2024 12:20:00:281
dogpaddle-new-realtime,0,(540.00, 343.75),(2.50, -10.00),Moved,1,20/12/2024 12:20:00:293
dogpaddle-new-realtime,0,(547.50, 323.75),(7.50, -20.00),Moved,1,20/12/2024 12:20:00:309
dogpaddle-new-realtime,0,(551.25, 315.00),(3.75, -8.75),Moved,1,20/12/2024 12:20:00:318
dogpaddle-new-realtime,0,(552.50, 308.75),(1.25, -6.25),Moved,1,20/12/2024 12:20:00:333
dogpaddle-new-realtime,0,(557.50, 297.50),(5.00, -11.25),Moved,1,20/12/2024 12:20:00:346
dogpaddle-new-realtime,0,(560.00, 291.25),(2.50, -6.25),Moved,1,20/12/2024 12:20:00:359
dogpaddle-new-realtime,0,(562.50, 287.50),(2.50, -3.75),Moved,1,20/12/2024 12:20:00:373
dogpaddle-new-realtime,0,(563.75, 282.50),(1.25, -5.00),Moved,1,20/12/2024 12:20:00:387
dogpaddle-new-realtime,0,(568.75, 273.75),(5.00, -8.75),Moved,1,20/12/2024 12:20:00:399
dogpaddle-new-realtime,0,(573.75, 263.75),(5.00, -10.00),Moved,1,20/12/2024 12:20:00:417
dogpaddle-new-realtime,0,(576.25, 258.75),(2.50, -5.00),Moved,1,20/12/2024 12:20:00:427
dogpaddle-new-realtime,0,(577.50, 255.00),(1.25, -3.75),Moved,1,20/12/2024 12:20:00:439
dogpaddle-new-realtime,0,(581.25, 250.00),(3.75, -5.00),Moved,1,20/12/2024 12:20:00:454
dogpaddle-new-realtime,0,(585.00, 242.50),(3.75, -7.50),Moved,1,20/12/2024 12:20:00:466
dogpaddle-new-realtime,0,(587.50, 238.75),(2.50, -3.75),Moved,1,20/12/2024 12:20:00:477
dogpaddle-new-realtime,0,(588.75, 233.75),(1.25, -5.00),Moved,1,20/12/2024 12:20:00:489
dogpaddle-new-realtime,0,(593.75, 226.25),(5.00, -7.50),Moved,1,20/12/2024 12:20:00:506
dogpaddle-new-realtime,0,(597.50, 222.50),(3.75, -3.75),Moved,1,20/12/2024 12:20:00:516
dogpaddle-new-realtime,0,(598.75, 217.50),(1.25, -5.00),Moved,1,20/12/2024 12:20:00:528
dogpaddle-new-realtime,0,(601.25, 213.75),(2.50, -3.75),Moved,1,20/12/2024 12:20:00:541
dogpaddle-new-realtime,0,(606.25, 206.25),(5.00, -7.50),Moved,1,20/12/2024 12:20:00:556
dogpaddle-new-realtime,0,(607.50, 203.75),(1.25, -2.50),Moved,1,20/12/2024 12:20:00:568
dogpaddle-new-realtime,0,(608.75, 200.00),(1.25, -3.75),Moved,1,20/12/2024 12:20:00:579
dogpaddle-new-realtime,0,(612.50, 195.00),(3.75, -5.00),Moved,1,20/12/2024 12:20:00:596
dogpaddle-new-realtime,0,(612.50, 193.75),(0.00, -1.25),Moved,1,20/12/2024 12:20:00:607
dogpaddle-new-realtime,0,(613.75, 192.50),(1.25, -1.25),Moved,1,20/12/2024 12:20:00:618
dogpaddle-new-realtime,0,(615.00, 190.00),(1.25, -2.50),Moved,1,20/12/2024 12:20:00:631
dogpaddle-new-realtime,0,(616.25, 187.50),(1.25, -2.50),Moved,1,20/12/2024 12:20:00:644
dogpaddle-new-realtime,0,(617.50, 185.00),(1.25, -2.50),Moved,1,20/12/2024 12:20:00:656
dogpaddle-new-realtime,0,(617.50, 183.75),(0.00, -1.25),Moved,1,20/12/2024 12:20:00:672
dogpaddle-new-realtime,0,(618.75, 181.25),(1.25, -2.50),Moved,1,20/12/2024 12:20:00:684
dogpaddle-new-realtime,0,(618.75, 178.75),(0.00, -2.50),Moved,1,20/12/2024 12:20:00:695
dogpaddle-new-realtime,0,(620.00, 178.75),(1.25, 0.00),Moved,1,20/12/2024 12:20:00:705
dogpaddle-new-realtime,0,(620.00, 177.50),(0.00, -1.25),Moved,1,20/12/2024 12:20:00:719
dogpaddle-new-realtime,0,(620.00, 175.00),(0.00, -2.50),Moved,1,20/12/2024 12:20:00:730
dogpaddle-new-realtime,0,(622.50, 172.50),(2.50, -2.50),Moved,1,20/12/2024 12:20:00:747
dogpaddle-new-realtime,0,(622.50, 171.25),(0.00, -1.25),Moved,1,20/12/2024 12:20:00:756
dogpaddle-new-realtime,0,(622.50, 168.75),(0.00, -2.50),Moved,1,20/12/2024 12:20:00:769
dogpaddle-new-realtime,0,(623.75, 166.25),(1.25, -2.50),Moved,1,20/12/2024 12:20:00:785
dogpaddle-new-realtime,0,(623.75, 165.00),(0.00, -1.25),Moved,1,20/12/2024 12:20:00:794
dogpaddle-new-realtime,0,(625.00, 163.75),(1.25, -1.25),Moved,1,20/12/2024 12:20:00:807
dogpaddle-new-realtime,0,(625.00, 163.75),(0.00, 0.00),Stationary,1,20/12/2024 12:20:00:818
dogpaddle-new-realtime,0,(625.00, 162.50),(0.00, -1.25),Ended,1,20/12/2024 12:20:00:836
dogpaddle-new-realtime,0,(553.75, 388.75),(0.00, 0.00),Began,1,20/12/2024 12:20:01:276
dogpaddle-new-realtime,2,(577.50, 480.00),(0.00, 0.00),Began,1,20/12/2024 12:20:02:392
dogpaddle-new-realtime,2,(577.50, 480.00),(0.00, 0.00),Moved,1,20/12/2024 12:20:02:406
dogpaddle-new-realtime,2,(575.00, 476.25),(-2.50, -3.75),Moved,1,20/12/2024 12:20:02:415
dogpaddle-new-realtime,2,(572.50, 471.25),(-2.50, -5.00),Moved,1,20/12/2024 12:20:02:425
dogpaddle-new-realtime,2,(571.25, 466.25),(-1.25, -5.00),Moved,1,20/12/2024 12:20:02:436
dogpaddle-new-realtime,2,(566.25, 450.00),(-5.00, -16.25),Moved,1,20/12/2024 12:20:02:459
dogpaddle-new-realtime,2,(560.00, 430.00),(-6.25, -20.00),Moved,1,20/12/2024 12:20:02:473
dogpaddle-new-realtime,2,(557.50, 420.00),(-2.50, -10.00),Moved,1,20/12/2024 12:20:02:488
dogpaddle-new-realtime,2,(550.00, 398.75),(-7.50, -21.25),Moved,1,20/12/2024 12:20:02:504
dogpaddle-new-realtime,2,(546.25, 388.75),(-3.75, -10.00),Moved,1,20/12/2024 12:20:02:520
dogpaddle-new-realtime,2,(538.75, 371.25),(-7.50, -17.50),Moved,1,20/12/2024 12:20:02:534
dogpaddle-new-realtime,2,(535.00, 363.75),(-3.75, -7.50),Moved,1,20/12/2024 12:20:02:547
dogpaddle-new-realtime,2,(527.50, 347.50),(-7.50, -16.25),Moved,1,20/12/2024 12:20:02:560
dogpaddle-new-realtime,2,(523.75, 338.75),(-3.75, -8.75),Moved,1,20/12/2024 12:20:02:572
dogpaddle-new-realtime,2,(520.00, 328.75),(-3.75, -10.00),Moved,1,20/12/2024 12:20:02:587
dogpaddle-new-realtime,2,(511.25, 311.25),(-8.75, -17.50),Moved,1,20/12/2024 12:20:02:603
dogpaddle-new-realtime,2,(506.25, 301.25),(-5.00, -10.00),Moved,1,20/12/2024 12:20:02:612
dogpaddle-new-realtime,2,(502.50, 292.50),(-3.75, -8.75),Moved,1,20/12/2024 12:20:02:625
dogpaddle-new-realtime,2,(495.00, 273.75),(-7.50, -18.75),Moved,1,20/12/2024 12:20:02:638
dogpaddle-new-realtime,2,(492.50, 266.25),(-2.50, -7.50),Moved,1,20/12/2024 12:20:02:654
dogpaddle-new-realtime,2,(488.75, 258.75),(-3.75, -7.50),Moved,1,20/12/2024 12:20:02:672
dogpaddle-new-realtime,2,(482.50, 245.00),(-6.25, -13.75),Moved,1,20/12/2024 12:20:02:687
dogpaddle-new-realtime,2,(477.50, 233.75),(-5.00, -11.25),Moved,1,20/12/2024 12:20:02:705
dogpaddle-new-realtime,2,(476.25, 227.50),(-1.25, -6.25),Moved,1,20/12/2024 12:20:02:714
dogpaddle-new-realtime,2,(471.25, 216.25),(-5.00, -11.25),Moved,1,20/12/2024 12:20:02:731
dogpaddle-new-realtime,2,(467.50, 210.00),(-3.75, -6.25),Moved,1,20/12/2024 12:20:02:742
dogpaddle-new-realtime,2,(465.00, 203.75),(-2.50, -6.25),Moved,1,20/12/2024 12:20:02:755
dogpaddle-new-realtime,2,(458.75, 190.00),(-6.25, -13.75),Moved,1,20/12/2024 12:20:02:771
dogpaddle-new-realtime,2,(457.50, 183.75),(-1.25, -6.25),Moved,1,20/12/2024 12:20:02:783
dogpaddle-new-realtime,2,(455.00, 176.25),(-2.50, -7.50),Moved,1,20/12/2024 12:20:02:796
dogpaddle-new-realtime,2,(451.25, 162.50),(-3.75, -13.75),Moved,1,20/12/2024 12:20:02:808
dogpaddle-new-realtime,2,(448.75, 156.25),(-2.50, -6.25),Moved,1,20/12/2024 12:20:02:822
dogpaddle-new-realtime,2,(447.50, 148.75),(-1.25, -7.50),Moved,1,20/12/2024 12:20:02:834
dogpaddle-new-realtime,2,(445.00, 138.75),(-2.50, -10.00),Moved,1,20/12/2024 12:20:02:851
dogpaddle-new-realtime,2,(443.75, 132.50),(-1.25, -6.25),Moved,1,20/12/2024 12:20:02:860
dogpaddle-new-realtime,2,(442.50, 127.50),(-1.25, -5.00),Moved,1,20/12/2024 12:20:02:872
dogpaddle-new-realtime,2,(441.25, 123.75),(-1.25, -3.75),Moved,1,20/12/2024 12:20:02:886
dogpaddle-new-realtime,2,(438.75, 117.50),(-2.50, -6.25),Moved,1,20/12/2024 12:20:02:898
dogpaddle-new-realtime,2,(437.50, 113.75),(-1.25, -3.75),Moved,1,20/12/2024 12:20:02:911
dogpaddle-new-realtime,2,(437.50, 113.75),(0.00, 0.00),Stationary,1,20/12/2024 12:20:02:922
dogpaddle-new-realtime,2,(437.50, 111.25),(0.00, -2.50),Moved,1,20/12/2024 12:20:02:937
dogpaddle-new-realtime,2,(435.00, 108.75),(-2.50, -2.50),Moved,1,20/12/2024 12:20:02:950
dogpaddle-new-realtime,2,(435.00, 108.75),(0.00, 0.00),Stationary,1,20/12/2024 12:20:02:960
dogpaddle-new-realtime,2,(435.00, 107.50),(0.00, -1.25),Moved,1,20/12/2024 12:20:02:974
dogpaddle-new-realtime,2,(435.00, 107.50),(0.00, 0.00),Ended,1,20/12/2024 12:20:02:986
dogpaddle-new-realtime,0,(662.50, 437.50),(0.00, 0.00),Began,1,20/12/2024 12:20:03:397
dogpaddle-new-realtime,0,(660.00, 441.25),(-2.50, 3.75),Moved,1,20/12/2024 12:20:03:412
dogpaddle-new-realtime,2,(485.00, 523.75),(0.00, 0.00),Began,1,20/12/2024 12:20:04:061
dogpaddle-new-realtime,2,(487.50, 515.00),(2.50, -8.75),Moved,1,20/12/2024 12:20:04:079
dogpaddle-new-realtime,2,(487.50, 507.50),(0.00, -7.50),Moved,1,20/12/2024 12:20:04:093
dogpaddle-new-realtime,2,(491.25, 485.00),(3.75, -22.50),Moved,1,20/12/2024 12:20:04:120
dogpaddle-new-realtime,2,(497.50, 443.75),(6.25, -41.25),Moved,1,20/12/2024 12:20:04:148
dogpaddle-new-realtime,2,(498.75, 416.25),(1.25, -27.50),Moved,1,20/12/2024 12:20:04:162
dogpaddle-new-realtime,2,(498.75, 401.25),(0.00, -15.00),Moved,1,20/12/2024 12:20:04:174
dogpaddle-new-realtime,2,(498.75, 373.75),(0.00, -27.50),Moved,1,20/12/2024 12:20:04:188
dogpaddle-new-realtime,2,(498.75, 358.75),(0.00, -15.00),Moved,1,20/12/2024 12:20:04:204
dogpaddle-new-realtime,2,(497.50, 346.25),(-1.25, -12.50),Moved,1,20/12/2024 12:20:04:218
dogpaddle-new-realtime,2,(495.00, 321.25),(-2.50, -25.00),Moved,1,20/12/2024 12:20:04:233
dogpaddle-new-realtime,2,(493.75, 310.00),(-1.25, -11.25),Moved,1,20/12/2024 12:20:04:244
dogpaddle-new-realtime,2,(492.50, 287.50),(-1.25, -22.50),Moved,1,20/12/2024 12:20:04:263
dogpaddle-new-realtime,2,(492.50, 275.00),(0.00, -12.50),Moved,1,20/12/2024 12:20:04:278
dogpaddle-new-realtime,2,(492.50, 251.25),(0.00, -23.75),Moved,1,20/12/2024 12:20:04:294
dogpaddle-new-realtime,2,(493.75, 240.00),(1.25, -11.25),Moved,1,20/12/2024 12:20:04:305
dogpaddle-new-realtime,2,(495.00, 216.25),(1.25, -23.75),Moved,1,20/12/2024 12:20:04:323
dogpaddle-new-realtime,2,(497.50, 195.00),(2.50, -21.25),Moved,1,20/12/2024 12:20:04:341
dogpaddle-new-realtime,2,(497.50, 183.75),(0.00, -11.25),Moved,1,20/12/2024 12:20:04:356
dogpaddle-new-realtime,2,(501.25, 165.00),(3.75, -18.75),Moved,1,20/12/2024 12:20:04:372
dogpaddle-new-realtime,2,(502.50, 157.50),(1.25, -7.50),Moved,1,20/12/2024 12:20:04:387
dogpaddle-new-realtime,2,(506.25, 141.25),(3.75, -16.25),Moved,1,20/12/2024 12:20:04:405
dogpaddle-new-realtime,2,(507.50, 128.75),(1.25, -12.50),Moved,1,20/12/2024 12:20:04:419
dogpaddle-new-realtime,2,(508.75, 122.50),(1.25, -6.25),Moved,1,20/12/2024 12:20:04:430
dogpaddle-new-realtime,2,(508.75, 116.25),(0.00, -6.25),Moved,1,20/12/2024 12:20:04:443
dogpaddle-new-realtime,2,(510.00, 107.50),(1.25, -8.75),Moved,1,20/12/2024 12:20:04:457
dogpaddle-new-realtime,2,(511.25, 102.50),(1.25, -5.00),Moved,1,20/12/2024 12:20:04:471
dogpaddle-new-realtime,2,(511.25, 98.75),(0.00, -3.75),Moved,1,20/12/2024 12:20:04:485
dogpaddle-new-realtime,2,(512.50, 90.00),(1.25, -8.75),Moved,1,20/12/2024 12:20:04:502
dogpaddle-new-realtime,2,(513.75, 81.25),(1.25, -8.75),Moved,1,20/12/2024 12:20:04:517
dogpaddle-new-realtime,2,(515.00, 77.50),(1.25, -3.75),Moved,1,20/12/2024 12:20:04:530
dogpaddle-new-realtime,2,(515.00, 73.75),(0.00, -3.75),Moved,1,20/12/2024 12:20:04:545
dogpaddle-new-realtime,2,(516.25, 66.25),(1.25, -7.50),Moved,1,20/12/2024 12:20:04:562
dogpaddle-new-realtime,2,(517.50, 61.25),(1.25, -5.00),Moved,1,20/12/2024 12:20:04:578
dogpaddle-new-realtime,2,(517.50, 58.75),(0.00, -2.50),Moved,1,20/12/2024 12:20:04:591
dogpaddle-new-realtime,2,(517.50, 58.75),(0.00, 0.00),Ended,1,20/12/2024 12:20:04:606
dogpaddle-new-realtime,0,(532.50, 566.25),(0.00, 0.00),Began,1,20/12/2024 12:20:04:949
dogpaddle-new-realtime,0,(532.50, 558.75),(0.00, -7.50),Moved,1,20/12/2024 12:20:04:963
dogpaddle-new-realtime,0,(532.50, 550.00),(0.00, -8.75),Moved,1,20/12/2024 12:20:04:976
dogpaddle-new-realtime,0,(532.50, 525.00),(0.00, -25.00),Moved,1,20/12/2024 12:20:04:998
dogpaddle-new-realtime,0,(532.50, 511.25),(0.00, -13.75),Moved,1,20/12/2024 12:20:05:006
dogpaddle-new-realtime,0,(532.50, 496.25),(0.00, -15.00),Moved,1,20/12/2024 12:20:05:018
dogpaddle-new-realtime,0,(533.75, 465.00),(1.25, -31.25),Moved,1,20/12/2024 12:20:05:043
dogpaddle-new-realtime,0,(536.25, 433.75),(2.50, -31.25),Moved,1,20/12/2024 12:20:05:054
dogpaddle-new-realtime,0,(537.50, 418.75),(1.25, -15.00),Moved,1,20/12/2024 12:20:05:067
dogpaddle-new-realtime,0,(537.50, 402.50),(0.00, -16.25),Moved,1,20/12/2024 12:20:05:076
dogpaddle-new-realtime,0,(537.50, 388.75),(0.00, -13.75),Moved,1,20/12/2024 12:20:05:089
dogpaddle-new-realtime,0,(537.50, 360.00),(0.00, -28.75),Moved,1,20/12/2024 12:20:05:103
dogpaddle-new-realtime,0,(537.50, 347.50),(0.00, -12.50),Moved,1,20/12/2024 12:20:05:114
dogpaddle-new-realtime,0,(537.50, 333.75),(0.00, -13.75),Moved,1,20/12/2024 12:20:05:127
dogpaddle-new-realtime,0,(537.50, 308.75),(0.00, -25.00),Moved,1,20/12/2024 12:20:05:143
dogpaddle-new-realtime,0,(537.50, 298.75),(0.00, -10.00),Moved,1,20/12/2024 12:20:05:152
dogpaddle-new-realtime,0,(537.50, 287.50),(0.00, -11.25),Moved,1,20/12/2024 12:20:05:166
dogpaddle-new-realtime,0,(537.50, 275.00),(0.00, -12.50),Moved,1,20/12/2024 12:20:05:175
dogpaddle-new-realtime,0,(537.50, 265.00),(0.00, -10.00),Moved,1,20/12/2024 12:20:05:189
dogpaddle-new-realtime,0,(537.50, 243.75),(0.00, -21.25),Moved,1,20/12/2024 12:20:05:204
dogpaddle-new-realtime,0,(537.50, 233.75),(0.00, -10.00),Moved,1,20/12/2024 12:20:05:221
dogpaddle-new-realtime,0,(537.50, 217.50),(0.00, -16.25),Moved,1,20/12/2024 12:20:05:234
dogpaddle-new-realtime,0,(537.50, 210.00),(0.00, -7.50),Moved,1,20/12/2024 12:20:05:248
dogpaddle-new-realtime,0,(538.75, 195.00),(1.25, -15.00),Moved,1,20/12/2024 12:20:05:264
dogpaddle-new-realtime,0,(540.00, 188.75),(1.25, -6.25),Moved,1,20/12/2024 12:20:05:274
dogpaddle-new-realtime,0,(541.25, 181.25),(1.25, -7.50),Moved,1,20/12/2024 12:20:05:286
dogpaddle-new-realtime,0,(542.50, 173.75),(1.25, -7.50),Ended,1,20/12/2024 12:20:05:307
dragngo,0,(537.50, 752.50),(0.00, 0.00),Began,1,20/12/2024 12:20:08:952
dragngo,0,(537.50, 752.50),(0.00, 0.00),Moved,1,20/12/2024 12:20:08:992
dragngo,0,(537.50, 752.50),(0.00, 0.00),Stationary,1,20/12/2024 12:20:09:002
dragngo,0,(537.50, 752.50),(0.00, 0.00),Stationary,1,20/12/2024 12:20:09:017
dragngo,0,(537.50, 752.50),(0.00, 0.00),Stationary,1,20/12/2024 12:20:09:032
dragngo,0,(536.25, 750.00),(-1.25, -2.50),Moved,1,20/12/2024 12:20:09:041
dragngo,0,(536.25, 746.25),(0.00, -3.75),Moved,1,20/12/2024 12:20:09:055
dragngo,0,(536.25, 743.75),(0.00, -2.50),Moved,1,20/12/2024 12:20:09:066
dragngo,0,(536.25, 740.00),(0.00, -3.75),Moved,1,20/12/2024 12:20:09:077
dragngo,0,(536.25, 736.25),(0.00, -3.75),Moved,1,20/12/2024 12:20:09:089
dragngo,0,(537.50, 730.00),(1.25, -6.25),Moved,1,20/12/2024 12:20:09:109
dragngo,0,(536.25, 726.25),(-1.25, -3.75),Moved,1,20/12/2024 12:20:09:122
dragngo,0,(536.25, 721.25),(0.00, -5.00),Moved,1,20/12/2024 12:20:09:137
dragngo,0,(536.25, 718.75),(0.00, -2.50),Moved,1,20/12/2024 12:20:09:148
dragngo,0,(535.00, 717.50),(-1.25, -1.25),Moved,1,20/12/2024 12:20:09:162
dragngo,0,(535.00, 713.75),(0.00, -3.75),Moved,1,20/12/2024 12:20:09:176
dragngo,0,(535.00, 712.50),(0.00, -1.25),Moved,1,20/12/2024 12:20:09:185
dragngo,0,(535.00, 711.25),(0.00, -1.25),Moved,1,20/12/2024 12:20:09:197
dragngo,0,(535.00, 710.00),(0.00, -1.25),Moved,1,20/12/2024 12:20:09:209
dragngo,0,(533.75, 710.00),(-1.25, 0.00),Moved,1,20/12/2024 12:20:09:221
dragngo,0,(533.75, 708.75),(0.00, -1.25),Moved,1,20/12/2024 12:20:09:233
dragngo,0,(533.75, 708.75),(0.00, 0.00),Stationary,1,20/12/2024 12:20:09:245
dragngo,0,(533.75, 708.75),(0.00, 0.00),Stationary,1,20/12/2024 12:20:09:255
dragngo,0,(533.75, 707.50),(0.00, -1.25),Moved,1,20/12/2024 12:20:09:270
dragngo,0,(532.50, 706.25),(-1.25, -1.25),Moved,1,20/12/2024 12:20:09:288
dragngo,0,(532.50, 703.75),(0.00, -2.50),Moved,1,20/12/2024 12:20:09:301
dragngo,0,(531.25, 698.75),(-1.25, -5.00),Moved,1,20/12/2024 12:20:09:314
dragngo,0,(530.00, 691.25),(-1.25, -7.50),Moved,1,20/12/2024 12:20:09:326
dragngo,0,(527.50, 681.25),(-2.50, -10.00),Moved,1,20/12/2024 12:20:09:337
dragngo,0,(527.50, 668.75),(0.00, -12.50),Moved,1,20/12/2024 12:20:09:351
dragngo,0,(523.75, 637.50),(-3.75, -31.25),Moved,1,20/12/2024 12:20:09:366
dragngo,0,(522.50, 621.25),(-1.25, -16.25),Moved,1,20/12/2024 12:20:09:379
dragngo,0,(522.50, 585.00),(0.00, -36.25),Moved,1,20/12/2024 12:20:09:394
dragngo,0,(522.50, 567.50),(0.00, -17.50),Moved,1,20/12/2024 12:20:09:404
dragngo,0,(521.25, 548.75),(-1.25, -18.75),Moved,1,20/12/2024 12:20:09:418
dragngo,0,(521.25, 528.75),(0.00, -20.00),Moved,1,20/12/2024 12:20:09:429
dragngo,0,(520.00, 492.50),(-1.25, -36.25),Moved,1,20/12/2024 12:20:09:443
dragngo,0,(520.00, 473.75),(0.00, -18.75),Moved,1,20/12/2024 12:20:09:454
dragngo,0,(521.25, 455.00),(1.25, -18.75),Moved,1,20/12/2024 12:20:09:465
dragngo,0,(521.25, 436.25),(0.00, -18.75),Moved,1,20/12/2024 12:20:09:481
dragngo,0,(521.25, 401.25),(0.00, -35.00),Moved,1,20/12/2024 12:20:09:495
dragngo,0,(520.00, 385.00),(-1.25, -16.25),Moved,1,20/12/2024 12:20:09:504
dragngo,0,(520.00, 368.75),(0.00, -16.25),Moved,1,20/12/2024 12:20:09:516
dragngo,0,(518.75, 355.00),(-1.25, -13.75),Moved,1,20/12/2024 12:20:09:528
dragngo,0,(517.50, 328.75),(-1.25, -26.25),Moved,1,20/12/2024 12:20:09:541
dragngo,0,(517.50, 315.00),(0.00, -13.75),Moved,1,20/12/2024 12:20:09:552
dragngo,0,(516.25, 303.75),(-1.25, -11.25),Moved,1,20/12/2024 12:20:09:567
dragngo,0,(515.00, 281.25),(-1.25, -22.50),Moved,1,20/12/2024 12:20:09:581
dragngo,0,(515.00, 270.00),(0.00, -11.25),Moved,1,20/12/2024 12:20:09:592
dragngo,0,(515.00, 260.00),(0.00, -10.00),Moved,1,20/12/2024 12:20:09:604
dragngo,0,(515.00, 250.00),(0.00, -10.00),Moved,1,20/12/2024 12:20:09:616
dragngo,0,(517.50, 231.25),(2.50, -18.75),Moved,1,20/12/2024 12:20:09:633
dragngo,0,(517.50, 221.25),(0.00, -10.00),Moved,1,20/12/2024 12:20:09:641
dragngo,0,(518.75, 212.50),(1.25, -8.75),Moved,1,20/12/2024 12:20:09:654
dragngo,0,(520.00, 202.50),(1.25, -10.00),Moved,1,20/12/2024 12:20:09:665
dragngo,0,(522.50, 185.00),(2.50, -17.50),Moved,1,20/12/2024 12:20:09:682
dragngo,0,(523.75, 177.50),(1.25, -7.50),Moved,1,20/12/2024 12:20:09:693
dragngo,0,(525.00, 168.75),(1.25, -8.75),Moved,1,20/12/2024 12:20:09:705
dragngo,0,(525.00, 163.75),(0.00, -5.00),Moved,1,20/12/2024 12:20:09:718
dragngo,0,(525.00, 147.50),(0.00, -16.25),Moved,1,20/12/2024 12:20:09:734
dragngo,0,(525.00, 137.50),(0.00, -10.00),Moved,1,20/12/2024 12:20:09:743
dragngo,0,(523.75, 121.25),(-1.25, -16.25),Moved,1,20/12/2024 12:20:09:755
dragngo,0,(516.25, 68.75),(-7.50, -52.50),Moved,1,20/12/2024 12:20:09:769
dragngo,0,(508.75, 37.50),(-7.50, -31.25),Moved,1,20/12/2024 12:20:09:782
dragngo,0,(508.75, 37.50),(0.00, 0.00),Ended,1,20/12/2024 12:20:09:797
dragngo,0,(533.75, 748.75),(0.00, 0.00),Began,1,20/12/2024 12:20:10:754
dragngo,0,(533.75, 748.75),(0.00, 0.00),Moved,1,20/12/2024 12:20:10:767
dragngo,0,(533.75, 748.75),(0.00, 0.00),Stationary,1,20/12/2024 12:20:10:781
dragngo,0,(533.75, 748.75),(0.00, 0.00),Stationary,1,20/12/2024 12:20:10:793
dragngo,0,(533.75, 748.75),(0.00, 0.00),Stationary,1,20/12/2024 12:20:10:807
dragngo,0,(533.75, 748.75),(0.00, 0.00),Stationary,1,20/12/2024 12:20:10:820
dragngo,0,(533.75, 748.75),(0.00, 0.00),Stationary,1,20/12/2024 12:20:10:835
dragngo,0,(533.75, 748.75),(0.00, 0.00),Stationary,1,20/12/2024 12:20:10:847
dragngo,0,(533.75, 748.75),(0.00, 0.00),Stationary,1,20/12/2024 12:20:10:860
dragngo,0,(533.75, 748.75),(0.00, 0.00),Stationary,1,20/12/2024 12:20:10:875
dragngo,0,(533.75, 748.75),(0.00, 0.00),Stationary,1,20/12/2024 12:20:10:886
dragngo,0,(533.75, 746.25),(0.00, -2.50),Moved,1,20/12/2024 12:20:10:901
dragngo,0,(533.75, 745.00),(0.00, -1.25),Moved,1,20/12/2024 12:20:10:914
dragngo,0,(533.75, 743.75),(0.00, -1.25),Moved,1,20/12/2024 12:20:10:926
dragngo,0,(533.75, 741.25),(0.00, -2.50),Moved,1,20/12/2024 12:20:10:938
dragngo,0,(533.75, 738.75),(0.00, -2.50),Moved,1,20/12/2024 12:20:10:951
dragngo,0,(533.75, 735.00),(0.00, -3.75),Moved,1,20/12/2024 12:20:10:964
dragngo,0,(533.75, 720.00),(0.00, -15.00),Moved,1,20/12/2024 12:20:10:986
dragngo,0,(533.75, 708.75),(0.00, -11.25),Moved,1,20/12/2024 12:20:10:998
dragngo,0,(533.75, 662.50),(0.00, -46.25),Moved,1,20/12/2024 12:20:11:021
dragngo,0,(533.75, 643.75),(0.00, -18.75),Moved,1,20/12/2024 12:20:11:032
dragngo,0,(532.50, 622.50),(-1.25, -21.25),Moved,1,20/12/2024 12:20:11:047
dragngo,0,(532.50, 601.25),(0.00, -21.25),Moved,1,20/12/2024 12:20:11:060
dragngo,0,(531.25, 557.50),(-1.25, -43.75),Moved,1,20/12/2024 12:20:11:075
dragngo,0,(530.00, 535.00),(-1.25, -22.50),Moved,1,20/12/2024 12:20:11:083
dragngo,0,(530.00, 513.75),(0.00, -21.25),Moved,1,20/12/2024 12:20:11:098
dragngo,0,(530.00, 493.75),(0.00, -20.00),Moved,1,20/12/2024 12:20:11:111
dragngo,0,(530.00, 452.50),(0.00, -41.25),Moved,1,20/12/2024 12:20:11:132
dragngo,0,(532.50, 412.50),(2.50, -40.00),Moved,1,20/12/2024 12:20:11:140
dragngo,0,(532.50, 391.25),(0.00, -21.25),Moved,1,20/12/2024 12:20:11:152
dragngo,0,(533.75, 370.00),(1.25, -21.25),Moved,1,20/12/2024 12:20:11:162
dragngo,0,(536.25, 348.75),(2.50, -21.25),Moved,1,20/12/2024 12:20:11:173
dragngo,0,(537.50, 306.25),(1.25, -42.50),Moved,1,20/12/2024 12:20:11:190
dragngo,0,(537.50, 306.25),(0.00, 0.00),Stationary,1,20/12/2024 12:20:11:197
dragngo,0,(538.75, 286.25),(1.25, -20.00),Moved,1,20/12/2024 12:20:11:207
dragngo,0,(540.00, 247.50),(1.25, -38.75),Moved,1,20/12/2024 12:20:11:221
dragngo,0,(540.00, 228.75),(0.00, -18.75),Moved,1,20/12/2024 12:20:11:231
dragngo,0,(541.25, 210.00),(1.25, -18.75),Moved,1,20/12/2024 12:20:11:243
dragngo,0,(541.25, 193.75),(0.00, -16.25),Moved,1,20/12/2024 12:20:11:254
dragngo,0,(541.25, 176.25),(0.00, -17.50),Moved,1,20/12/2024 12:20:11:266
dragngo,0,(540.00, 143.75),(-1.25, -32.50),Moved,1,20/12/2024 12:20:11:279
dragngo,0,(540.00, 128.75),(0.00, -15.00),Moved,1,20/12/2024 12:20:11:289
dragngo,0,(537.50, 112.50),(-2.50, -16.25),Moved,1,20/12/2024 12:20:11:301
dragngo,0,(537.50, 96.25),(0.00, -16.25),Moved,1,20/12/2024 12:20:11:313
dragngo,0,(536.25, 81.25),(-1.25, -15.00),Moved,1,20/12/2024 12:20:11:326
dragngo,0,(532.50, 51.25),(-3.75, -30.00),Moved,1,20/12/2024 12:20:11:342
dragngo,0,(530.00, 37.50),(-2.50, -13.75),Moved,1,20/12/2024 12:20:11:351
dragngo,0,(527.50, 23.75),(-2.50, -13.75),Moved,1,20/12/2024 12:20:11:364
dragngo,0,(526.25, 13.75),(-1.25, -10.00),Moved,1,20/12/2024 12:20:11:374
dragngo,0,(522.50, -11.25),(-3.75, -25.00),Moved,1,20/12/2024 12:20:11:387
dragngo,0,(522.50, -11.25),(0.00, 0.00),Stationary,1,20/12/2024 12:20:11:396
dragngo,0,(520.00, -28.75),(-2.50, -17.50),Moved,1,20/12/2024 12:20:11:405
dragngo,0,(508.75, -86.25),(-11.25, -57.50),Moved,1,20/12/2024 12:20:11:420
dragngo,0,(508.75, -86.25),(0.00, 0.00),Ended,1,20/12/2024 12:20:11:433
dragngo,0,(540.00, 783.75),(0.00, 0.00),Began,1,20/12/2024 12:20:12:582
dragngo,0,(540.00, 783.75),(0.00, 0.00),Moved,1,20/12/2024 12:20:12:598
dragngo,0,(540.00, 783.75),(0.00, 0.00),Stationary,1,20/12/2024 12:20:12:611
dragngo,0,(540.00, 783.75),(0.00, 0.00),Stationary,1,20/12/2024 12:20:12:623
dragngo,0,(540.00, 783.75),(0.00, 0.00),Stationary,1,20/12/2024 12:20:12:642
dragngo,0,(540.00, 783.75),(0.00, 0.00),Stationary,1,20/12/2024 12:20:12:653
dragngo,0,(540.00, 783.75),(0.00, 0.00),Stationary,1,20/12/2024 12:20:12:666
dragngo,0,(540.00, 783.75),(0.00, 0.00),Stationary,1,20/12/2024 12:20:12:679
dragngo,0,(541.25, 780.00),(1.25, -3.75),Moved,1,20/12/2024 12:20:12:691
dragngo,0,(542.50, 777.50),(1.25, -2.50),Moved,1,20/12/2024 12:20:12:702
dragngo,0,(543.75, 772.50),(1.25, -5.00),Moved,1,20/12/2024 12:20:12:713
dragngo,0,(545.00, 758.75),(1.25, -13.75),Moved,1,20/12/2024 12:20:12:732
dragngo,0,(545.00, 750.00),(0.00, -8.75),Moved,1,20/12/2024 12:20:12:740
dragngo,0,(545.00, 741.25),(0.00, -8.75),Moved,1,20/12/2024 12:20:12:751
dragngo,0,(545.00, 731.25),(0.00, -10.00),Moved,1,20/12/2024 12:20:12:763
dragngo,0,(545.00, 720.00),(0.00, -11.25),Moved,1,20/12/2024 12:20:12:777
dragngo,0,(543.75, 696.25),(-1.25, -23.75),Moved,1,20/12/2024 12:20:12:790
dragngo,0,(543.75, 696.25),(0.00, 0.00),Stationary,1,20/12/2024 12:20:12:797
dragngo,0,(543.75, 668.75),(0.00, -27.50),Moved,1,20/12/2024 12:20:12:810
dragngo,0,(543.75, 653.75),(0.00, -15.00),Moved,1,20/12/2024 12:20:12:819
dragngo,0,(542.50, 636.25),(-1.25, -17.50),Moved,1,20/12/2024 12:20:12:831
dragngo,0,(542.50, 618.75),(0.00, -17.50),Moved,1,20/12/2024 12:20:12:846
dragngo,0,(543.75, 598.75),(1.25, -20.00),Moved,1,20/12/2024 12:20:12:854
dragngo,0,(543.75, 578.75),(0.00, -20.00),Moved,1,20/12/2024 12:20:12:867
dragngo,0,(543.75, 538.75),(0.00, -40.00),Moved,1,20/12/2024 12:20:12:879
dragngo,0,(545.00, 518.75),(1.25, -20.00),Moved,1,20/12/2024 12:20:12:891
dragngo,0,(546.25, 498.75),(1.25, -20.00),Moved,1,20/12/2024 12:20:12:902
dragngo,0,(547.50, 478.75),(1.25, -20.00),Moved,1,20/12/2024 12:20:12:914
dragngo,0,(548.75, 458.75),(1.25, -20.00),Moved,1,20/12/2024 12:20:12:925
dragngo,0,(552.50, 421.25),(3.75, -37.50),Moved,1,20/12/2024 12:20:12:941
dragngo,0,(555.00, 403.75),(2.50, -17.50),Moved,1,20/12/2024 12:20:12:948
dragngo,0,(556.25, 385.00),(1.25, -18.75),Moved,1,20/12/2024 12:20:12:959
dragngo,0,(557.50, 368.75),(1.25, -16.25),Moved,1,20/12/2024 12:20:12:969
dragngo,0,(557.50, 352.50),(0.00, -16.25),Moved,1,20/12/2024 12:20:12:982
dragngo,0,(557.50, 336.25),(0.00, -16.25),Moved,1,20/12/2024 12:20:12:994
dragngo,0,(556.25, 306.25),(-1.25, -30.00),Moved,1,20/12/2024 12:20:13:007
dragngo,0,(556.25, 292.50),(0.00, -13.75),Moved,1,20/12/2024 12:20:13:018
dragngo,0,(555.00, 278.75),(-1.25, -13.75),Moved,1,20/12/2024 12:20:13:030
dragngo,0,(555.00, 265.00),(0.00, -13.75),Moved,1,20/12/2024 12:20:13:040
dragngo,0,(553.75, 251.25),(-1.25, -13.75),Moved,1,20/12/2024 12:20:13:055
dragngo,0,(553.75, 223.75),(0.00, -27.50),Moved,1,20/12/2024 12:20:13:067
dragngo,0,(553.75, 211.25),(0.00, -12.50),Moved,1,20/12/2024 12:20:13:077
dragngo,0,(553.75, 197.50),(0.00, -13.75),Moved,1,20/12/2024 12:20:13:089
dragngo,0,(553.75, 183.75),(0.00, -13.75),Moved,1,20/12/2024 12:20:13:101
dragngo,0,(553.75, 171.25),(0.00, -12.50),Moved,1,20/12/2024 12:20:13:112
dragngo,0,(553.75, 157.50),(0.00, -13.75),Moved,1,20/12/2024 12:20:13:122
dragngo,0,(553.75, 132.50),(0.00, -25.00),Moved,1,20/12/2024 12:20:13:136
dragngo,0,(553.75, 132.50),(0.00, 0.00),Stationary,1,20/12/2024 12:20:13:145
dragngo,0,(553.75, 121.25),(0.00, -11.25),Moved,1,20/12/2024 12:20:13:155
dragngo,0,(553.75, 98.75),(0.00, -22.50),Moved,1,20/12/2024 12:20:13:169
dragngo,0,(553.75, 88.75),(0.00, -10.00),Moved,1,20/12/2024 12:20:13:181
dragngo,0,(552.50, 68.75),(-1.25, -20.00),Moved,1,20/12/2024 12:20:13:198
dragngo,0,(552.50, 58.75),(0.00, -10.00),Moved,1,20/12/2024 12:20:13:207
dragngo,0,(552.50, 51.25),(0.00, -7.50),Moved,1,20/12/2024 12:20:13:217
dragngo,0,(552.50, 43.75),(0.00, -7.50),Moved,1,20/12/2024 12:20:13:229
dragngo,0,(551.25, 38.75),(-1.25, -5.00),Moved,1,20/12/2024 12:20:13:239
dragngo,0,(551.25, 33.75),(0.00, -5.00),Moved,1,20/12/2024 12:20:13:251
dragngo,0,(550.00, 25.00),(-1.25, -8.75),Moved,1,20/12/2024 12:20:13:267
dragngo,0,(550.00, 25.00),(0.00, 0.00),Stationary,1,20/12/2024 12:20:13:274
dragngo,0,(550.00, 20.00),(0.00, -5.00),Moved,1,20/12/2024 12:20:13:288
dragngo,0,(550.00, 18.75),(0.00, -1.25),Moved,1,20/12/2024 12:20:13:300
dragngo,0,(548.75, 16.25),(-1.25, -2.50),Moved,1,20/12/2024 12:20:13:312
dragngo,0,(548.75, 12.50),(0.00, -3.75),Moved,1,20/12/2024 12:20:13:325
dragngo,0,(548.75, 11.25),(0.00, -1.25),Moved,1,20/12/2024 12:20:13:336
dragngo,0,(548.75, 8.75),(0.00, -2.50),Moved,1,20/12/2024 12:20:13:348
dragngo,0,(548.75, 7.50),(0.00, -1.25),Moved,1,20/12/2024 12:20:13:361
dragngo,0,(547.50, 6.25),(-1.25, -1.25),Moved,1,20/12/2024 12:20:13:372
dragngo,0,(547.50, 1.25),(0.00, -5.00),Moved,1,20/12/2024 12:20:13:385
dragngo,0,(547.50, -1.25),(0.00, -2.50),Moved,1,20/12/2024 12:20:13:395
dragngo,0,(546.25, -5.00),(-1.25, -3.75),Moved,1,20/12/2024 12:20:13:405
dragngo,0,(546.25, -5.00),(0.00, 0.00),Ended,1,20/12/2024 12:20:13:418
dragngo,0,(527.50, 312.50),(0.00, 0.00),Began,1,20/12/2024 12:20:13:954
dragngo,0,(527.50, 318.75),(0.00, 6.25),Moved,1,20/12/2024 12:20:13:964
dragngo,0,(527.50, 325.00),(0.00, 6.25),Moved,1,20/12/2024 12:20:13:974
dragngo,0,(527.50, 360.00),(0.00, 35.00),Moved,1,20/12/2024 12:20:14:003
dragngo,0,(527.50, 387.50),(0.00, 27.50),Moved,1,20/12/2024 12:20:14:027
dragngo,0,(527.50, 418.75),(0.00, 31.25),Moved,1,20/12/2024 12:20:14:044
dragngo,0,(527.50, 433.75),(0.00, 15.00),Moved,1,20/12/2024 12:20:14:053
dragngo,0,(528.75, 451.25),(1.25, 17.50),Moved,1,20/12/2024 12:20:14:064
dragngo,0,(530.00, 468.75),(1.25, 17.50),Moved,1,20/12/2024 12:20:14:079
dragngo,0,(531.25, 501.25),(1.25, 32.50),Moved,1,20/12/2024 12:20:14:092
dragngo,0,(531.25, 517.50),(0.00, 16.25),Moved,1,20/12/2024 12:20:14:102
dragngo,0,(530.00, 533.75),(-1.25, 16.25),Moved,1,20/12/2024 12:20:14:113
dragngo,0,(528.75, 550.00),(-1.25, 16.25),Moved,1,20/12/2024 12:20:14:128
dragngo,0,(527.50, 581.25),(-1.25, 31.25),Moved,1,20/12/2024 12:20:14:139
dragngo,0,(527.50, 581.25),(0.00, 0.00),Stationary,1,20/12/2024 12:20:14:147
dragngo,0,(526.25, 611.25),(-1.25, 30.00),Moved,1,20/12/2024 12:20:14:161
dragngo,0,(525.00, 625.00),(-1.25, 13.75),Moved,1,20/12/2024 12:20:14:169
dragngo,0,(523.75, 638.75),(-1.25, 13.75),Moved,1,20/12/2024 12:20:14:183
dragngo,0,(523.75, 652.50),(0.00, 13.75),Moved,1,20/12/2024 12:20:14:195
dragngo,0,(523.75, 677.50),(0.00, 25.00),Moved,1,20/12/2024 12:20:14:211
dragngo,0,(525.00, 690.00),(1.25, 12.50),Moved,1,20/12/2024 12:20:14:220
dragngo,0,(525.00, 701.25),(0.00, 11.25),Moved,1,20/12/2024 12:20:14:232
dragngo,0,(526.25, 713.75),(1.25, 12.50),Moved,1,20/12/2024 12:20:14:244
dragngo,0,(526.25, 723.75),(0.00, 10.00),Moved,1,20/12/2024 12:20:14:254
dragngo,0,(527.50, 733.75),(1.25, 10.00),Moved,1,20/12/2024 12:20:14:265
dragngo,0,(527.50, 752.50),(0.00, 18.75),Moved,1,20/12/2024 12:20:14:283
dragngo,0,(527.50, 761.25),(0.00, 8.75),Moved,1,20/12/2024 12:20:14:298
dragngo,0,(528.75, 776.25),(1.25, 15.00),Moved,1,20/12/2024 12:20:14:315
dragngo,0,(530.00, 782.50),(1.25, 6.25),Moved,1,20/12/2024 12:20:14:325
dragngo,0,(531.25, 791.25),(1.25, 8.75),Moved,1,20/12/2024 12:20:14:338
dragngo,0,(532.50, 795.00),(1.25, 3.75),Moved,1,20/12/2024 12:20:14:348
dragngo,0,(532.50, 798.75),(0.00, 3.75),Moved,1,20/12/2024 12:20:14:360
dragngo,0,(532.50, 800.00),(0.00, 1.25),Moved,1,20/12/2024 12:20:14:370
dragngo,0,(533.75, 803.75),(1.25, 3.75),Moved,1,20/12/2024 12:20:14:381
dragngo,0,(533.75, 803.75),(0.00, 0.00),Stationary,1,20/12/2024 12:20:14:392
dragngo,0,(533.75, 807.50),(0.00, 3.75),Moved,1,20/12/2024 12:20:14:408
dragngo,0,(533.75, 808.75),(0.00, 1.25),Moved,1,20/12/2024 12:20:14:417
dragngo,0,(533.75, 808.75),(0.00, 0.00),Stationary,1,20/12/2024 12:20:14:431
dragngo,0,(533.75, 808.75),(0.00, 0.00),Stationary,1,20/12/2024 12:20:14:442
dragngo,0,(533.75, 808.75),(0.00, 0.00),Stationary,1,20/12/2024 12:20:14:460
dragngo,0,(533.75, 808.75),(0.00, 0.00),Ended,1,20/12/2024 12:20:14:467
dragngo,0,(515.00, 771.25),(0.00, 0.00),Began,1,20/12/2024 12:20:15:919
dragngo,0,(515.00, 771.25),(0.00, 0.00),Moved,1,20/12/2024 12:20:15:931
dragngo,0,(515.00, 771.25),(0.00, 0.00),Stationary,1,20/12/2024 12:20:15:939
dragngo,0,(515.00, 768.75),(0.00, -2.50),Moved,1,20/12/2024 12:20:15:948
dragngo,0,(515.00, 765.00),(0.00, -3.75),Moved,1,20/12/2024 12:20:15:964
dragngo,0,(515.00, 761.25),(0.00, -3.75),Moved,1,20/12/2024 12:20:15:975
dragngo,0,(513.75, 755.00),(-1.25, -6.25),Moved,1,20/12/2024 12:20:15:984
dragngo,0,(512.50, 741.25),(-1.25, -13.75),Moved,1,20/12/2024 12:20:16:003
dragngo,0,(512.50, 720.00),(0.00, -21.25),Moved,1,20/12/2024 12:20:16:020
dragngo,0,(512.50, 708.75),(0.00, -11.25),Moved,1,20/12/2024 12:20:16:035
dragngo,0,(511.25, 677.50),(-1.25, -31.25),Moved,1,20/12/2024 12:20:16:048
dragngo,0,(511.25, 658.75),(0.00, -18.75),Moved,1,20/12/2024 12:20:16:065
dragngo,0,(512.50, 622.50),(1.25, -36.25),Moved,1,20/12/2024 12:20:16:081
dragngo,0,(512.50, 603.75),(0.00, -18.75),Moved,1,20/12/2024 12:20:16:089
dragngo,0,(512.50, 583.75),(0.00, -20.00),Moved,1,20/12/2024 12:20:16:104
dragngo,0,(515.00, 543.75),(2.50, -40.00),Moved,1,20/12/2024 12:20:16:118
dragngo,0,(516.25, 523.75),(1.25, -20.00),Moved,1,20/12/2024 12:20:16:129
dragngo,0,(517.50, 502.50),(1.25, -21.25),Moved,1,20/12/2024 12:20:16:140
dragngo,0,(518.75, 480.00),(1.25, -22.50),Moved,1,20/12/2024 12:20:16:153
dragngo,0,(522.50, 436.25),(3.75, -43.75),Moved,1,20/12/2024 12:20:16:169
dragngo,0,(525.00, 413.75),(2.50, -22.50),Moved,1,20/12/2024 12:20:16:180
dragngo,0,(527.50, 392.50),(2.50, -21.25),Moved,1,20/12/2024 12:20:16:194
dragngo,0,(530.00, 351.25),(2.50, -41.25),Moved,1,20/12/2024 12:20:16:206
dragngo,0,(531.25, 331.25),(1.25, -20.00),Moved,1,20/12/2024 12:20:16:215
dragngo,0,(532.50, 311.25),(1.25, -20.00),Moved,1,20/12/2024 12:20:16:228
dragngo,0,(535.00, 292.50),(2.50, -18.75),Moved,1,20/12/2024 12:20:16:240
dragngo,0,(537.50, 272.50),(2.50, -20.00),Moved,1,20/12/2024 12:20:16:252
dragngo,0,(542.50, 233.75),(5.00, -38.75),Moved,1,20/12/2024 12:20:16:266
dragngo,0,(545.00, 213.75),(2.50, -20.00),Moved,1,20/12/2024 12:20:16:275
dragngo,0,(547.50, 196.25),(2.50, -17.50),Moved,1,20/12/2024 12:20:16:287
dragngo,0,(550.00, 178.75),(2.50, -17.50),Moved,1,20/12/2024 12:20:16:301
dragngo,0,(555.00, 148.75),(5.00, -30.00),Moved,1,20/12/2024 12:20:16:317
dragngo,0,(557.50, 135.00),(2.50, -13.75),Moved,1,20/12/2024 12:20:16:326
dragngo,0,(558.75, 122.50),(1.25, -12.50),Moved,1,20/12/2024 12:20:16:340
dragngo,0,(561.25, 98.75),(2.50, -23.75),Moved,1,20/12/2024 12:20:16:357
dragngo,0,(562.50, 88.75),(1.25, -10.00),Moved,1,20/12/2024 12:20:16:364
dragngo,0,(562.50, 77.50),(0.00, -11.25),Moved,1,20/12/2024 12:20:16:377
dragngo,0,(562.50, 66.25),(0.00, -11.25),Moved,1,20/12/2024 12:20:16:387
dragngo,0,(563.75, 56.25),(1.25, -10.00),Moved,1,20/12/2024 12:20:16:399
dragngo,0,(563.75, 36.25),(0.00, -20.00),Moved,1,20/12/2024 12:20:16:415
dragngo,0,(565.00, 27.50),(1.25, -8.75),Moved,1,20/12/2024 12:20:16:424
dragngo,0,(565.00, 20.00),(0.00, -7.50),Moved,1,20/12/2024 12:20:16:436
dragngo,0,(565.00, 13.75),(0.00, -6.25),Moved,1,20/12/2024 12:20:16:447
dragngo,0,(565.00, 7.50),(0.00, -6.25),Moved,1,20/12/2024 12:20:16:458
dragngo,0,(563.75, 1.25),(-1.25, -6.25),Moved,1,20/12/2024 12:20:16:470
dragngo,0,(563.75, -7.50),(0.00, -8.75),Moved,1,20/12/2024 12:20:16:482
dragngo,0,(565.00, -12.50),(1.25, -5.00),Moved,1,20/12/2024 12:20:16:494
dragngo,0,(565.00, -16.25),(0.00, -3.75),Moved,1,20/12/2024 12:20:16:505
dragngo,0,(565.00, -20.00),(0.00, -3.75),Moved,1,20/12/2024 12:20:16:517
dragngo,0,(565.00, -23.75),(0.00, -3.75),Moved,1,20/12/2024 12:20:16:527
dragngo,0,(566.25, -30.00),(1.25, -6.25),Moved,1,20/12/2024 12:20:16:542
dragngo,0,(566.25, -33.75),(0.00, -3.75),Moved,1,20/12/2024 12:20:16:552
dragngo,0,(566.25, -36.25),(0.00, -2.50),Moved,1,20/12/2024 12:20:16:562
dragngo,0,(566.25, -36.25),(0.00, 0.00),Stationary,1,20/12/2024 12:20:16:569
dragngo,0,(566.25, -40.00),(0.00, -3.75),Moved,1,20/12/2024 12:20:16:579
dragngo,0,(567.50, -48.75),(1.25, -8.75),Moved,1,20/12/2024 12:20:16:594
dragngo,0,(567.50, -48.75),(0.00, 0.00),Ended,1,20/12/2024 12:20:16:605
dragngo,0,(521.25, 745.00),(0.00, 0.00),Began,1,20/12/2024 12:20:17:709
dragngo,0,(521.25, 745.00),(0.00, 0.00),Moved,1,20/12/2024 12:20:17:721
dragngo,0,(521.25, 745.00),(0.00, 0.00),Stationary,1,20/12/2024 12:20:17:734
dragngo,0,(521.25, 745.00),(0.00, 0.00),Stationary,1,20/12/2024 12:20:17:742
dragngo,0,(521.25, 745.00),(0.00, 0.00),Stationary,1,20/12/2024 12:20:17:750
dragngo,0,(521.25, 745.00),(0.00, 0.00),Stationary,1,20/12/2024 12:20:17:761
dragngo,0,(521.25, 745.00),(0.00, 0.00),Stationary,1,20/12/2024 12:20:17:774
dragngo,0,(521.25, 745.00),(0.00, 0.00),Stationary,1,20/12/2024 12:20:17:782
dragngo,0,(521.25, 745.00),(0.00, 0.00),Stationary,1,20/12/2024 12:20:17:793
dragngo,0,(521.25, 745.00),(0.00, 0.00),Stationary,1,20/12/2024 12:20:17:802
dragngo,0,(521.25, 745.00),(0.00, 0.00),Stationary,1,20/12/2024 12:20:17:816
dragngo,0,(521.25, 745.00),(0.00, 0.00),Stationary,1,20/12/2024 12:20:17:823
dragngo,0,(521.25, 745.00),(0.00, 0.00),Stationary,1,20/12/2024 12:20:17:832
dragngo,0,(521.25, 745.00),(0.00, 0.00),Stationary,1,20/12/2024 12:20:17:844
dragngo,0,(521.25, 745.00),(0.00, 0.00),Stationary,1,20/12/2024 12:20:17:857
dragngo,0,(521.25, 745.00),(0.00, 0.00),Stationary,1,20/12/2024 12:20:17:866
dragngo,0,(521.25, 745.00),(0.00, 0.00),Stationary,1,20/12/2024 12:20:17:876
dragngo,0,(521.25, 745.00),(0.00, 0.00),Stationary,1,20/12/2024 12:20:17:885
dragngo,0,(521.25, 745.00),(0.00, 0.00),Stationary,1,20/12/2024 12:20:17:895
dragngo,0,(521.25, 745.00),(0.00, 0.00),Stationary,1,20/12/2024 12:20:17:912
dragngo,0,(521.25, 745.00),(0.00, 0.00),Stationary,1,20/12/2024 12:20:17:930
dragngo,0,(521.25, 746.25),(0.00, 1.25),Moved,1,20/12/2024 12:20:17:952
dragngo,0,(521.25, 747.50),(0.00, 1.25),Moved,1,20/12/2024 12:20:17:959
dragngo,0,(521.25, 747.50),(0.00, 0.00),Stationary,1,20/12/2024 12:20:17:971
dragngo,0,(521.25, 747.50),(0.00, 0.00),Stationary,1,20/12/2024 12:20:17:983
dragngo,0,(521.25, 747.50),(0.00, 0.00),Stationary,1,20/12/2024 12:20:17:993
dragngo,0,(521.25, 748.75),(0.00, 1.25),Moved,1,20/12/2024 12:20:18:004
dragngo,0,(521.25, 748.75),(0.00, 0.00),Stationary,1,20/12/2024 12:20:18:015
dragngo,0,(521.25, 748.75),(0.00, 0.00),Stationary,1,20/12/2024 12:20:18:025
dragngo,0,(521.25, 748.75),(0.00, 0.00),Stationary,1,20/12/2024 12:20:18:035
dragngo,0,(522.50, 748.75),(1.25, 0.00),Moved,1,20/12/2024 12:20:18:044
dragngo,0,(522.50, 748.75),(0.00, 0.00),Stationary,1,20/12/2024 12:20:18:056
dragngo,0,(522.50, 748.75),(0.00, 0.00),Stationary,1,20/12/2024 12:20:18:068
dragngo,0,(522.50, 748.75),(0.00, 0.00),Stationary,1,20/12/2024 12:20:18:078
dragngo,0,(522.50, 748.75),(0.00, 0.00),Stationary,1,20/12/2024 12:20:18:089
dragngo,0,(522.50, 748.75),(0.00, 0.00),Stationary,1,20/12/2024 12:20:18:099
dragngo,0,(522.50, 748.75),(0.00, 0.00),Stationary,1,20/12/2024 12:20:18:109
dragngo,0,(522.50, 748.75),(0.00, 0.00),Stationary,1,20/12/2024 12:20:18:121
dragngo,0,(522.50, 748.75),(0.00, 0.00),Stationary,1,20/12/2024 12:20:18:138
dragngo,0,(522.50, 748.75),(0.00, 0.00),Stationary,1,20/12/2024 12:20:18:149
dragngo,0,(522.50, 750.00),(0.00, 1.25),Moved,1,20/12/2024 12:20:18:162
dragngo,0,(522.50, 750.00),(0.00, 0.00),Stationary,1,20/12/2024 12:20:18:173
dragngo,0,(522.50, 750.00),(0.00, 0.00),Stationary,1,20/12/2024 12:20:18:186
dragngo,0,(522.50, 750.00),(0.00, 0.00),Stationary,1,20/12/2024 12:20:18:195
dragngo,0,(522.50, 750.00),(0.00, 0.00),Stationary,1,20/12/2024 12:20:18:208
dragngo,0,(522.50, 750.00),(0.00, 0.00),Stationary,1,20/12/2024 12:20:18:220
dragngo,0,(522.50, 750.00),(0.00, 0.00),Stationary,1,20/12/2024 12:20:18:232
dragngo,0,(522.50, 750.00),(0.00, 0.00),Stationary,1,20/12/2024 12:20:18:243
dragngo,0,(522.50, 750.00),(0.00, 0.00),Stationary,1,20/12/2024 12:20:18:254
dragngo,0,(522.50, 750.00),(0.00, 0.00),Stationary,1,20/12/2024 12:20:18:265
dragngo,0,(522.50, 750.00),(0.00, 0.00),Stationary,1,20/12/2024 12:20:18:275
dragngo,0,(522.50, 750.00),(0.00, 0.00),Stationary,1,20/12/2024 12:20:18:285
dragngo,0,(522.50, 750.00),(0.00, 0.00),Stationary,1,20/12/2024 12:20:18:298
dragngo,0,(522.50, 750.00),(0.00, 0.00),Stationary,1,20/12/2024 12:20:18:309
dragngo,0,(522.50, 750.00),(0.00, 0.00),Stationary,1,20/12/2024 12:20:18:318
dragngo,0,(522.50, 750.00),(0.00, 0.00),Stationary,1,20/12/2024 12:20:18:330
dragngo,0,(522.50, 750.00),(0.00, 0.00),Stationary,1,20/12/2024 12:20:18:340
dragngo,0,(522.50, 750.00),(0.00, 0.00),Stationary,1,20/12/2024 12:20:18:349
dragngo,0,(522.50, 750.00),(0.00, 0.00),Stationary,1,20/12/2024 12:20:18:363
dragngo,0,(522.50, 750.00),(0.00, 0.00),Stationary,1,20/12/2024 12:20:18:375
dragngo,0,(522.50, 750.00),(0.00, 0.00),Stationary,1,20/12/2024 12:20:18:389
dragngo,0,(522.50, 750.00),(0.00, 0.00),Stationary,1,20/12/2024 12:20:18:398
dragngo,0,(522.50, 750.00),(0.00, 0.00),Stationary,1,20/12/2024 12:20:18:410
dragngo,0,(522.50, 750.00),(0.00, 0.00),Stationary,1,20/12/2024 12:20:18:419
dragngo,0,(522.50, 750.00),(0.00, 0.00),Stationary,1,20/12/2024 12:20:18:427
dragngo,0,(522.50, 750.00),(0.00, 0.00),Stationary,1,20/12/2024 12:20:18:438
dragngo,0,(522.50, 750.00),(0.00, 0.00),Stationary,1,20/12/2024 12:20:18:448
dragngo,0,(522.50, 750.00),(0.00, 0.00),Stationary,1,20/12/2024 12:20:18:457
dragngo,0,(522.50, 750.00),(0.00, 0.00),Stationary,1,20/12/2024 12:20:18:468
dragngo,0,(522.50, 750.00),(0.00, 0.00),Stationary,1,20/12/2024 12:20:18:478
dragngo,0,(522.50, 750.00),(0.00, 0.00),Stationary,1,20/12/2024 12:20:18:487
dragngo,0,(522.50, 750.00),(0.00, 0.00),Stationary,1,20/12/2024 12:20:18:498
dragngo,0,(522.50, 750.00),(0.00, 0.00),Stationary,1,20/12/2024 12:20:18:509
dragngo,0,(522.50, 750.00),(0.00, 0.00),Stationary,1,20/12/2024 12:20:18:518
dragngo,0,(522.50, 750.00),(0.00, 0.00),Stationary,1,20/12/2024 12:20:18:531
dragngo,0,(522.50, 750.00),(0.00, 0.00),Stationary,1,20/12/2024 12:20:18:542
dragngo,0,(522.50, 750.00),(0.00, 0.00),Stationary,1,20/12/2024 12:20:18:551
dragngo,0,(522.50, 750.00),(0.00, 0.00),Stationary,1,20/12/2024 12:20:18:562
dragngo,0,(522.50, 750.00),(0.00, 0.00),Ended,1,20/12/2024 12:20:18:593
dragngo,0,(521.25, 737.50),(0.00, 0.00),Began,1,20/12/2024 12:20:19:283
dragngo,0,(521.25, 737.50),(0.00, 0.00),Moved,1,20/12/2024 12:20:19:295
dragngo,0,(521.25, 737.50),(0.00, 0.00),Stationary,1,20/12/2024 12:20:19:307
dragngo,0,(521.25, 737.50),(0.00, 0.00),Stationary,1,20/12/2024 12:20:19:318
dragngo,0,(521.25, 737.50),(0.00, 0.00),Stationary,1,20/12/2024 12:20:19:329
dragngo,0,(521.25, 737.50),(0.00, 0.00),Stationary,1,20/12/2024 12:20:19:339
dragngo,0,(521.25, 737.50),(0.00, 0.00),Stationary,1,20/12/2024 12:20:19:352
dragngo,0,(521.25, 737.50),(0.00, 0.00),Stationary,1,20/12/2024 12:20:19:362
dragngo,0,(521.25, 737.50),(0.00, 0.00),Stationary,1,20/12/2024 12:20:19:376
dragngo,0,(521.25, 737.50),(0.00, 0.00),Stationary,1,20/12/2024 12:20:19:387
dragngo,0,(521.25, 737.50),(0.00, 0.00),Stationary,1,20/12/2024 12:20:19:401
dragngo,0,(521.25, 737.50),(0.00, 0.00),Stationary,1,20/12/2024 12:20:19:413
dragngo,0,(521.25, 737.50),(0.00, 0.00),Stationary,1,20/12/2024 12:20:19:427
dragngo,0,(521.25, 737.50),(0.00, 0.00),Stationary,1,20/12/2024 12:20:19:439
dragngo,0,(521.25, 737.50),(0.00, 0.00),Stationary,1,20/12/2024 12:20:19:449
dragngo,0,(521.25, 737.50),(0.00, 0.00),Stationary,1,20/12/2024 12:20:19:461
dragngo,0,(521.25, 737.50),(0.00, 0.00),Stationary,1,20/12/2024 12:20:19:469
dragngo,0,(521.25, 737.50),(0.00, 0.00),Stationary,1,20/12/2024 12:20:19:477
dragngo,0,(520.00, 736.25),(-1.25, -1.25),Moved,1,20/12/2024 12:20:19:486
dragngo,0,(520.00, 735.00),(0.00, -1.25),Moved,1,20/12/2024 12:20:19:498
dragngo,0,(520.00, 733.75),(0.00, -1.25),Moved,1,20/12/2024 12:20:19:508
dragngo,0,(520.00, 733.75),(0.00, 0.00),Stationary,1,20/12/2024 12:20:19:518
dragngo,0,(518.75, 728.75),(-1.25, -5.00),Moved,1,20/12/2024 12:20:19:530
dragngo,0,(518.75, 728.75),(0.00, 0.00),Stationary,1,20/12/2024 12:20:19:538
dragngo,0,(517.50, 723.75),(-1.25, -5.00),Moved,1,20/12/2024 12:20:19:548
dragngo,0,(517.50, 708.75),(0.00, -15.00),Moved,1,20/12/2024 12:20:19:567
dragngo,0,(515.00, 688.75),(-2.50, -20.00),Moved,1,20/12/2024 12:20:19:585
dragngo,0,(513.75, 678.75),(-1.25, -10.00),Moved,1,20/12/2024 12:20:19:593
dragngo,0,(513.75, 665.00),(0.00, -13.75),Moved,1,20/12/2024 12:20:19:605
dragngo,0,(513.75, 653.75),(0.00, -11.25),Moved,1,20/12/2024 12:20:19:618
dragngo,0,(512.50, 640.00),(-1.25, -13.75),Moved,1,20/12/2024 12:20:19:628
dragngo,0,(512.50, 612.50),(0.00, -27.50),Moved,1,20/12/2024 12:20:19:644
dragngo,0,(512.50, 598.75),(0.00, -13.75),Moved,1,20/12/2024 12:20:19:651
dragngo,0,(512.50, 583.75),(0.00, -15.00),Moved,1,20/12/2024 12:20:19:663
dragngo,0,(512.50, 570.00),(0.00, -13.75),Moved,1,20/12/2024 12:20:19:677
dragngo,0,(513.75, 542.50),(1.25, -27.50),Moved,1,20/12/2024 12:20:19:692
dragngo,0,(513.75, 528.75),(0.00, -13.75),Moved,1,20/12/2024 12:20:19:700
dragngo,0,(513.75, 513.75),(0.00, -15.00),Moved,1,20/12/2024 12:20:19:712
dragngo,0,(513.75, 500.00),(0.00, -13.75),Moved,1,20/12/2024 12:20:19:724
dragngo,0,(513.75, 486.25),(0.00, -13.75),Moved,1,20/12/2024 12:20:19:737
dragngo,0,(513.75, 472.50),(0.00, -13.75),Moved,1,20/12/2024 12:20:19:746
dragngo,0,(513.75, 443.75),(0.00, -28.75),Moved,1,20/12/2024 12:20:19:764
dragngo,0,(513.75, 428.75),(0.00, -15.00),Moved,1,20/12/2024 12:20:19:773
dragngo,0,(515.00, 413.75),(1.25, -15.00),Moved,1,20/12/2024 12:20:19:784
dragngo,0,(516.25, 398.75),(1.25, -15.00),Moved,1,20/12/2024 12:20:19:808
dragngo,0,(517.50, 368.75),(1.25, -30.00),Moved,1,20/12/2024 12:20:19:817
dragngo,0,(518.75, 355.00),(1.25, -13.75),Moved,1,20/12/2024 12:20:19:827
dragngo,0,(521.25, 326.25),(2.50, -28.75),Moved,1,20/12/2024 12:20:19:840
dragngo,0,(522.50, 311.25),(1.25, -15.00),Moved,1,20/12/2024 12:20:19:855
dragngo,0,(523.75, 296.25),(1.25, -15.00),Moved,1,20/12/2024 12:20:19:864
dragngo,0,(525.00, 282.50),(1.25, -13.75),Moved,1,20/12/2024 12:20:19:876
dragngo,0,(527.50, 255.00),(2.50, -27.50),Moved,1,20/12/2024 12:20:19:892
dragngo,0,(528.75, 242.50),(1.25, -12.50),Moved,1,20/12/2024 12:20:19:899
dragngo,0,(530.00, 230.00),(1.25, -12.50),Moved,1,20/12/2024 12:20:19:913
dragngo,0,(531.25, 217.50),(1.25, -12.50),Moved,1,20/12/2024 12:20:19:924
dragngo,0,(532.50, 206.25),(1.25, -11.25),Moved,1,20/12/2024 12:20:19:934
dragngo,0,(532.50, 195.00),(0.00, -11.25),Moved,1,20/12/2024 12:20:19:947
dragngo,0,(535.00, 173.75),(2.50, -21.25),Moved,1,20/12/2024 12:20:19:962
dragngo,0,(536.25, 165.00),(1.25, -8.75),Moved,1,20/12/2024 12:20:19:971
dragngo,0,(537.50, 155.00),(1.25, -10.00),Moved,1,20/12/2024 12:20:19:983
dragngo,0,(537.50, 133.75),(0.00, -21.25),Moved,1,20/12/2024 12:20:19:999
dragngo,0,(537.50, 133.75),(0.00, 0.00),Stationary,1,20/12/2024 12:20:20:007
dragngo,0,(537.50, 113.75),(0.00, -20.00),Moved,1,20/12/2024 12:20:20:021
dragngo,0,(537.50, 103.75),(0.00, -10.00),Moved,1,20/12/2024 12:20:20:029
dragngo,0,(537.50, 92.50),(0.00, -11.25),Moved,1,20/12/2024 12:20:20:041
dragngo,0,(537.50, 81.25),(0.00, -11.25),Moved,1,20/12/2024 12:20:20:055
dragngo,0,(537.50, 71.25),(0.00, -10.00),Moved,1,20/12/2024 12:20:20:065
dragngo,0,(535.00, 48.75),(-2.50, -22.50),Moved,1,20/12/2024 12:20:20:078
dragngo,0,(533.75, 38.75),(-1.25, -10.00),Moved,1,20/12/2024 12:20:20:089
dragngo,0,(532.50, 30.00),(-1.25, -8.75),Moved,1,20/12/2024 12:20:20:101
dragngo,0,(531.25, 23.75),(-1.25, -6.25),Moved,1,20/12/2024 12:20:20:112
dragngo,0,(530.00, 16.25),(-1.25, -7.50),Moved,1,20/12/2024 12:20:20:124
dragngo,0,(528.75, 6.25),(-1.25, -10.00),Moved,1,20/12/2024 12:20:20:140
dragngo,0,(527.50, 1.25),(-1.25, -5.00),Moved,1,20/12/2024 12:20:20:148
dragngo,0,(527.50, -2.50),(0.00, -3.75),Moved,1,20/12/2024 12:20:20:159
dragngo,0,(527.50, -6.25),(0.00, -3.75),Moved,1,20/12/2024 12:20:20:170
dragngo,0,(526.25, -11.25),(-1.25, -5.00),Moved,1,20/12/2024 12:20:20:183
dragngo,0,(525.00, -18.75),(-1.25, -7.50),Moved,1,20/12/2024 12:20:20:198
dragngo,0,(525.00, -25.00),(0.00, -6.25),Moved,1,20/12/2024 12:20:20:209
dragngo,0,(523.75, -31.25),(-1.25, -6.25),Moved,1,20/12/2024 12:20:20:226
dragngo,0,(521.25, -45.00),(-2.50, -13.75),Moved,1,20/12/2024 12:20:20:238
dragngo,0,(520.00, -52.50),(-1.25, -7.50),Moved,1,20/12/2024 12:20:20:248
dragngo,0,(520.00, -52.50),(0.00, 0.00),Ended,1,20/12/2024 12:20:20:260
dragngo,0,(522.50, 751.25),(0.00, 0.00),Began,1,20/12/2024 12:20:21:061
dragngo,0,(522.50, 751.25),(0.00, 0.00),Moved,1,20/12/2024 12:20:21:071
dragngo,0,(522.50, 751.25),(0.00, 0.00),Stationary,1,20/12/2024 12:20:21:079
dragngo,0,(522.50, 751.25),(0.00, 0.00),Stationary,1,20/12/2024 12:20:21:092
dragngo,0,(521.25, 748.75),(-1.25, -2.50),Moved,1,20/12/2024 12:20:21:099
dragngo,0,(520.00, 746.25),(-1.25, -2.50),Moved,1,20/12/2024 12:20:21:109
dragngo,0,(518.75, 742.50),(-1.25, -3.75),Moved,1,20/12/2024 12:20:21:121
dragngo,0,(517.50, 738.75),(-1.25, -3.75),Moved,1,20/12/2024 12:20:21:131
dragngo,0,(517.50, 723.75),(0.00, -15.00),Moved,1,20/12/2024 12:20:21:157
dragngo,0,(517.50, 715.00),(0.00, -8.75),Moved,1,20/12/2024 12:20:21:168
dragngo,0,(516.25, 693.75),(-1.25, -21.25),Moved,1,20/12/2024 12:20:21:189
dragngo,0,(516.25, 665.00),(0.00, -28.75),Moved,1,20/12/2024 12:20:21:200
dragngo,0,(516.25, 651.25),(0.00, -13.75),Moved,1,20/12/2024 12:20:21:212
dragngo,0,(516.25, 636.25),(0.00, -15.00),Moved,1,20/12/2024 12:20:21:224
dragngo,0,(517.50, 620.00),(1.25, -16.25),Moved,1,20/12/2024 12:20:21:239
dragngo,0,(517.50, 603.75),(0.00, -16.25),Moved,1,20/12/2024 12:20:21:247
dragngo,0,(518.75, 570.00),(1.25, -33.75),Moved,1,20/12/2024 12:20:21:260
dragngo,0,(520.00, 552.50),(1.25, -17.50),Moved,1,20/12/2024 12:20:21:275
dragngo,0,(522.50, 533.75),(2.50, -18.75),Moved,1,20/12/2024 12:20:21:287
dragngo,0,(525.00, 497.50),(2.50, -36.25),Moved,1,20/12/2024 12:20:21:309
dragngo,0,(527.50, 461.25),(2.50, -36.25),Moved,1,20/12/2024 12:20:21:321
dragngo,0,(527.50, 443.75),(0.00, -17.50),Moved,1,20/12/2024 12:20:21:330
dragngo,0,(527.50, 427.50),(0.00, -16.25),Moved,1,20/12/2024 12:20:21:340
dragngo,0,(527.50, 411.25),(0.00, -16.25),Moved,1,20/12/2024 12:20:21:355
dragngo,0,(527.50, 395.00),(0.00, -16.25),Moved,1,20/12/2024 12:20:21:366
dragngo,0,(527.50, 368.75),(0.00, -26.25),Moved,1,20/12/2024 12:20:21:382
dragngo,0,(527.50, 355.00),(0.00, -13.75),Moved,1,20/12/2024 12:20:21:390
dragngo,0,(527.50, 343.75),(0.00, -11.25),Moved,1,20/12/2024 12:20:21:401
dragngo,0,(528.75, 332.50),(1.25, -11.25),Moved,1,20/12/2024 12:20:21:413
dragngo,0,(530.00, 321.25),(1.25, -11.25),Moved,1,20/12/2024 12:20:21:425
dragngo,0,(532.50, 298.75),(2.50, -22.50),Moved,1,20/12/2024 12:20:21:439
dragngo,0,(532.50, 288.75),(0.00, -10.00),Moved,1,20/12/2024 12:20:21:449
dragngo,0,(533.75, 277.50),(1.25, -11.25),Moved,1,20/12/2024 12:20:21:459
dragngo,0,(533.75, 267.50),(0.00, -10.00),Moved,1,20/12/2024 12:20:21:473
dragngo,0,(536.25, 232.50),(2.50, -35.00),Moved,1,20/12/2024 12:20:21:498
dragngo,0,(536.25, 232.50),(0.00, 0.00),Stationary,1,20/12/2024 12:20:21:506
dragngo,0,(537.50, 205.00),(1.25, -27.50),Moved,1,20/12/2024 12:20:21:521
dragngo,0,(537.50, 191.25),(0.00, -13.75),Moved,1,20/12/2024 12:20:21:532
dragngo,0,(538.75, 177.50),(1.25, -13.75),Moved,1,20/12/2024 12:20:21:546
dragngo,0,(540.00, 147.50),(1.25, -30.00),Moved,1,20/12/2024 12:20:21:558
dragngo,0,(541.25, 131.25),(1.25, -16.25),Moved,1,20/12/2024 12:20:21:566
dragngo,0,(541.25, 116.25),(0.00, -15.00),Moved,1,20/12/2024 12:20:21:578
dragngo,0,(541.25, 100.00),(0.00, -16.25),Moved,1,20/12/2024 12:20:21:591
dragngo,0,(540.00, 85.00),(-1.25, -15.00),Moved,1,20/12/2024 12:20:21:602
dragngo,0,(540.00, 70.00),(0.00, -15.00),Moved,1,20/12/2024 12:20:21:613
dragngo,0,(538.75, 42.50),(-1.25, -27.50),Moved,1,20/12/2024 12:20:21:628
dragngo,0,(538.75, 30.00),(0.00, -12.50),Moved,1,20/12/2024 12:20:21:637
dragngo,0,(538.75, 20.00),(0.00, -10.00),Moved,1,20/12/2024 12:20:21:649
dragngo,0,(538.75, 11.25),(0.00, -8.75),Moved,1,20/12/2024 12:20:21:660
dragngo,0,(538.75, 2.50),(0.00, -8.75),Moved,1,20/12/2024 12:20:21:671
dragngo,0,(538.75, -12.50),(0.00, -15.00),Moved,1,20/12/2024 12:20:21:688
dragngo,0,(538.75, -20.00),(0.00, -7.50),Moved,1,20/12/2024 12:20:21:697
dragngo,0,(537.50, -26.25),(-1.25, -6.25),Moved,1,20/12/2024 12:20:21:707
dragngo,0,(537.50, -33.75),(0.00, -7.50),Moved,1,20/12/2024 12:20:21:718
dragngo,0,(537.50, -41.25),(0.00, -7.50),Moved,1,20/12/2024 12:20:21:731
dragngo,0,(535.00, -47.50),(-2.50, -6.25),Moved,1,20/12/2024 12:20:21:744
dragngo,0,(532.50, -60.00),(-2.50, -12.50),Moved,1,20/12/2024 12:20:21:756
dragngo,0,(532.50, -60.00),(0.00, 0.00),Ended,1,20/12/2024 12:20:21:769
dragngo,0,(553.75, 787.50),(0.00, 0.00),Began,1,20/12/2024 12:20:22:479
dragngo,0,(553.75, 787.50),(0.00, 0.00),Moved,1,20/12/2024 12:20:22:490
dragngo,0,(553.75, 787.50),(0.00, 0.00),Stationary,1,20/12/2024 12:20:22:500
dragngo,0,(553.75, 787.50),(0.00, 0.00),Stationary,1,20/12/2024 12:20:22:509
dragngo,0,(553.75, 787.50),(0.00, 0.00),Stationary,1,20/12/2024 12:20:22:528
dragngo,0,(553.75, 787.50),(0.00, 0.00),Stationary,1,20/12/2024 12:20:22:540
dragngo,0,(553.75, 787.50),(0.00, 0.00),Stationary,1,20/12/2024 12:20:22:549
dragngo,0,(553.75, 787.50),(0.00, 0.00),Stationary,1,20/12/2024 12:20:22:560
dragngo,0,(553.75, 787.50),(0.00, 0.00),Stationary,1,20/12/2024 12:20:22:570
dragngo,0,(553.75, 787.50),(0.00, 0.00),Stationary,1,20/12/2024 12:20:22:581
dragngo,0,(553.75, 787.50),(0.00, 0.00),Stationary,1,20/12/2024 12:20:22:591
dragngo,0,(553.75, 787.50),(0.00, 0.00),Stationary,1,20/12/2024 12:20:22:601
dragngo,0,(553.75, 787.50),(0.00, 0.00),Stationary,1,20/12/2024 12:20:22:612
dragngo,0,(553.75, 787.50),(0.00, 0.00),Stationary,1,20/12/2024 12:20:22:622
dragngo,0,(553.75, 787.50),(0.00, 0.00),Stationary,1,20/12/2024 12:20:22:631
dragngo,0,(553.75, 787.50),(0.00, 0.00),Stationary,1,20/12/2024 12:20:22:643
dragngo,0,(552.50, 786.25),(-1.25, -1.25),Moved,1,20/12/2024 12:20:22:652
dragngo,0,(552.50, 785.00),(0.00, -1.25),Moved,1,20/12/2024 12:20:22:662
dragngo,0,(552.50, 785.00),(0.00, 0.00),Stationary,1,20/12/2024 12:20:22:675
dragngo,0,(552.50, 783.75),(0.00, -1.25),Moved,1,20/12/2024 12:20:22:689
dragngo,0,(551.25, 783.75),(-1.25, 0.00),Moved,1,20/12/2024 12:20:22:699
dragngo,0,(551.25, 783.75),(0.00, 0.00),Stationary,1,20/12/2024 12:20:22:712
dragngo,0,(551.25, 783.75),(0.00, 0.00),Stationary,1,20/12/2024 12:20:22:726
dragngo,0,(551.25, 783.75),(0.00, 0.00),Stationary,1,20/12/2024 12:20:22:739
dragngo,0,(550.00, 783.75),(-1.25, 0.00),Moved,1,20/12/2024 12:20:22:749
dragngo,0,(550.00, 783.75),(0.00, 0.00),Stationary,1,20/12/2024 12:20:22:763
dragngo,0,(550.00, 783.75),(0.00, 0.00),Stationary,1,20/12/2024 12:20:22:772
dragngo,0,(550.00, 783.75),(0.00, 0.00),Stationary,1,20/12/2024 12:20:22:782
dragngo,0,(550.00, 782.50),(0.00, -1.25),Moved,1,20/12/2024 12:20:22:793
dragngo,0,(550.00, 782.50),(0.00, 0.00),Stationary,1,20/12/2024 12:20:22:804
dragngo,0,(548.75, 782.50),(-1.25, 0.00),Moved,1,20/12/2024 12:20:22:814
dragngo,0,(548.75, 782.50),(0.00, 0.00),Stationary,1,20/12/2024 12:20:22:824
dragngo,0,(547.50, 778.75),(-1.25, -3.75),Moved,1,20/12/2024 12:20:22:838
dragngo,0,(547.50, 773.75),(0.00, -5.00),Moved,1,20/12/2024 12:20:22:849
dragngo,0,(543.75, 757.50),(-3.75, -16.25),Moved,1,20/12/2024 12:20:22:871
dragngo,0,(542.50, 742.50),(-1.25, -15.00),Moved,1,20/12/2024 12:20:22:878
dragngo,0,(540.00, 725.00),(-2.50, -17.50),Moved,1,20/12/2024 12:20:22:889
dragngo,0,(538.75, 706.25),(-1.25, -18.75),Moved,1,20/12/2024 12:20:22:902
dragngo,0,(537.50, 683.75),(-1.25, -22.50),Moved,1,20/12/2024 12:20:22:914
dragngo,0,(533.75, 636.25),(-3.75, -47.50),Moved,1,20/12/2024 12:20:22:928
dragngo,0,(533.75, 636.25),(0.00, 0.00),Stationary,1,20/12/2024 12:20:22:935
dragngo,0,(532.50, 583.75),(-1.25, -52.50),Moved,1,20/12/2024 12:20:22:948
dragngo,0,(532.50, 555.00),(0.00, -28.75),Moved,1,20/12/2024 12:20:22:961
dragngo,0,(532.50, 527.50),(0.00, -27.50),Moved,1,20/12/2024 12:20:22:973
dragngo,0,(533.75, 468.75),(1.25, -58.75),Moved,1,20/12/2024 12:20:22:989
dragngo,0,(533.75, 468.75),(0.00, 0.00),Stationary,1,20/12/2024 12:20:22:995
dragngo,0,(538.75, 410.00),(5.00, -58.75),Moved,1,20/12/2024 12:20:23:008
dragngo,0,(542.50, 383.75),(3.75, -26.25),Moved,1,20/12/2024 12:20:23:021
dragngo,0,(543.75, 357.50),(1.25, -26.25),Moved,1,20/12/2024 12:20:23:032
dragngo,0,(546.25, 332.50),(2.50, -25.00),Moved,1,20/12/2024 12:20:23:042
dragngo,0,(547.50, 280.00),(1.25, -52.50),Moved,1,20/12/2024 12:20:23:057
dragngo,0,(547.50, 253.75),(0.00, -26.25),Moved,1,20/12/2024 12:20:23:066
dragngo,0,(546.25, 225.00),(-1.25, -28.75),Moved,1,20/12/2024 12:20:23:077
dragngo,0,(543.75, 197.50),(-2.50, -27.50),Moved,1,20/12/2024 12:20:23:088
dragngo,0,(542.50, 168.75),(-1.25, -28.75),Moved,1,20/12/2024 12:20:23:101
dragngo,0,(542.50, 140.00),(0.00, -28.75),Moved,1,20/12/2024 12:20:23:113
dragngo,0,(543.75, 75.00),(1.25, -65.00),Moved,1,20/12/2024 12:20:23:129
dragngo,0,(546.25, 37.50),(2.50, -37.50),Moved,1,20/12/2024 12:20:23:138
dragngo,0,(546.25, 37.50),(0.00, 0.00),Ended,1,20/12/2024 12:20:23:148
dragngo,0,(528.75, 741.25),(0.00, 0.00),Began,1,20/12/2024 12:20:23:921
dragngo,0,(528.75, 741.25),(0.00, 0.00),Moved,1,20/12/2024 12:20:23:929
dragngo,0,(528.75, 741.25),(0.00, 0.00),Stationary,1,20/12/2024 12:20:23:939
dragngo,0,(528.75, 741.25),(0.00, 0.00),Stationary,1,20/12/2024 12:20:23:949
dragngo,0,(528.75, 741.25),(0.00, 0.00),Stationary,1,20/12/2024 12:20:23:966
dragngo,0,(528.75, 741.25),(0.00, 0.00),Stationary,1,20/12/2024 12:20:23:981
dragngo,0,(528.75, 741.25),(0.00, 0.00),Stationary,1,20/12/2024 12:20:23:989
dragngo,0,(528.75, 741.25),(0.00, 0.00),Stationary,1,20/12/2024 12:20:24:001
dragngo,0,(528.75, 738.75),(0.00, -2.50),Moved,1,20/12/2024 12:20:24:014
dragngo,0,(528.75, 738.75),(0.00, 0.00),Stationary,1,20/12/2024 12:20:24:024
dragngo,0,(528.75, 738.75),(0.00, 0.00),Stationary,1,20/12/2024 12:20:24:032
dragngo,0,(528.75, 738.75),(0.00, 0.00),Stationary,1,20/12/2024 12:20:24:042
dragngo,0,(528.75, 737.50),(0.00, -1.25),Moved,1,20/12/2024 12:20:24:054
dragngo,0,(528.75, 737.50),(0.00, 0.00),Stationary,1,20/12/2024 12:20:24:063
dragngo,0,(528.75, 736.25),(0.00, -1.25),Moved,1,20/12/2024 12:20:24:074
dragngo,0,(528.75, 736.25),(0.00, 0.00),Stationary,1,20/12/2024 12:20:24:085
dragngo,0,(527.50, 736.25),(-1.25, 0.00),Moved,1,20/12/2024 12:20:24:095
dragngo,0,(527.50, 735.00),(0.00, -1.25),Moved,1,20/12/2024 12:20:24:108
dragngo,0,(527.50, 735.00),(0.00, 0.00),Stationary,1,20/12/2024 12:20:24:119
dragngo,0,(527.50, 735.00),(0.00, 0.00),Stationary,1,20/12/2024 12:20:24:127
dragngo,0,(527.50, 733.75),(0.00, -1.25),Moved,1,20/12/2024 12:20:24:138
dragngo,0,(527.50, 733.75),(0.00, 0.00),Stationary,1,20/12/2024 12:20:24:146
dragngo,0,(527.50, 733.75),(0.00, 0.00),Stationary,1,20/12/2024 12:20:24:156
dragngo,0,(527.50, 733.75),(0.00, 0.00),Stationary,1,20/12/2024 12:20:24:168
dragngo,0,(527.50, 733.75),(0.00, 0.00),Stationary,1,20/12/2024 12:20:24:179
dragngo,0,(527.50, 733.75),(0.00, 0.00),Stationary,1,20/12/2024 12:20:24:189
dragngo,0,(527.50, 733.75),(0.00, 0.00),Stationary,1,20/12/2024 12:20:24:199
dragngo,0,(527.50, 733.75),(0.00, 0.00),Stationary,1,20/12/2024 12:20:24:210
dragngo,0,(527.50, 733.75),(0.00, 0.00),Stationary,1,20/12/2024 12:20:24:219
dragngo,0,(527.50, 733.75),(0.00, 0.00),Stationary,1,20/12/2024 12:20:24:229
dragngo,0,(527.50, 733.75),(0.00, 0.00),Stationary,1,20/12/2024 12:20:24:239
dragngo,0,(527.50, 733.75),(0.00, 0.00),Stationary,1,20/12/2024 12:20:24:250
dragngo,0,(527.50, 733.75),(0.00, 0.00),Stationary,1,20/12/2024 12:20:24:259
dragngo,0,(527.50, 733.75),(0.00, 0.00),Stationary,1,20/12/2024 12:20:24:271
dragngo,0,(527.50, 733.75),(0.00, 0.00),Stationary,1,20/12/2024 12:20:24:283
dragngo,0,(527.50, 733.75),(0.00, 0.00),Stationary,1,20/12/2024 12:20:24:296
dragngo,0,(527.50, 733.75),(0.00, 0.00),Stationary,1,20/12/2024 12:20:24:309
dragngo,0,(527.50, 733.75),(0.00, 0.00),Stationary,1,20/12/2024 12:20:24:325
dragngo,0,(527.50, 733.75),(0.00, 0.00),Stationary,1,20/12/2024 12:20:24:339
dragngo,0,(527.50, 733.75),(0.00, 0.00),Stationary,1,20/12/2024 12:20:24:357
dragngo,0,(527.50, 733.75),(0.00, 0.00),Stationary,1,20/12/2024 12:20:24:370
dragngo,0,(527.50, 733.75),(0.00, 0.00),Stationary,1,20/12/2024 12:20:24:386
dragngo,0,(527.50, 733.75),(0.00, 0.00),Stationary,1,20/12/2024 12:20:24:395
dragngo,0,(527.50, 732.50),(0.00, -1.25),Moved,1,20/12/2024 12:20:24:406
dragngo,0,(527.50, 732.50),(0.00, 0.00),Stationary,1,20/12/2024 12:20:24:417
dragngo,0,(527.50, 727.50),(0.00, -5.00),Moved,1,20/12/2024 12:20:24:427
dragngo,0,(523.75, 712.50),(-3.75, -15.00),Moved,1,20/12/2024 12:20:24:449
dragngo,0,(521.25, 700.00),(-2.50, -12.50),Moved,1,20/12/2024 12:20:24:456
dragngo,0,(517.50, 686.25),(-3.75, -13.75),Moved,1,20/12/2024 12:20:24:467
dragngo,0,(512.50, 671.25),(-5.00, -15.00),Moved,1,20/12/2024 12:20:24:481
dragngo,0,(508.75, 655.00),(-3.75, -16.25),Moved,1,20/12/2024 12:20:24:492
dragngo,0,(505.00, 638.75),(-3.75, -16.25),Moved,1,20/12/2024 12:20:24:505
dragngo,0,(502.50, 620.00),(-2.50, -18.75),Moved,1,20/12/2024 12:20:24:514
dragngo,0,(500.00, 582.50),(-2.50, -37.50),Moved,1,20/12/2024 12:20:24:527
dragngo,0,(498.75, 562.50),(-1.25, -20.00),Moved,1,20/12/2024 12:20:24:538
dragngo,0,(498.75, 541.25),(0.00, -21.25),Moved,1,20/12/2024 12:20:24:549
dragngo,0,(498.75, 521.25),(0.00, -20.00),Moved,1,20/12/2024 12:20:24:561
dragngo,0,(500.00, 501.25),(1.25, -20.00),Moved,1,20/12/2024 12:20:24:574
dragngo,0,(502.50, 461.25),(2.50, -40.00),Moved,1,20/12/2024 12:20:24:589
dragngo,0,(503.75, 443.75),(1.25, -17.50),Moved,1,20/12/2024 12:20:24:598
dragngo,0,(505.00, 425.00),(1.25, -18.75),Moved,1,20/12/2024 12:20:24:609
dragngo,0,(507.50, 407.50),(2.50, -17.50),Moved,1,20/12/2024 12:20:24:623
dragngo,0,(510.00, 372.50),(2.50, -35.00),Moved,1,20/12/2024 12:20:24:640
dragngo,0,(511.25, 353.75),(1.25, -18.75),Moved,1,20/12/2024 12:20:24:652
dragngo,0,(512.50, 336.25),(1.25, -17.50),Moved,1,20/12/2024 12:20:24:664
dragngo,0,(512.50, 318.75),(0.00, -17.50),Moved,1,20/12/2024 12:20:24:682
dragngo,0,(515.00, 278.75),(2.50, -40.00),Moved,1,20/12/2024 12:20:24:691
dragngo,0,(516.25, 258.75),(1.25, -20.00),Moved,1,20/12/2024 12:20:24:702
dragngo,0,(518.75, 213.75),(2.50, -45.00),Moved,1,20/12/2024 12:20:24:715
dragngo,0,(521.25, 187.50),(2.50, -26.25),Moved,1,20/12/2024 12:20:24:725
dragngo,0,(523.75, 160.00),(2.50, -27.50),Moved,1,20/12/2024 12:20:24:735
dragngo,0,(526.25, 130.00),(2.50, -30.00),Moved,1,20/12/2024 12:20:24:746
dragngo,0,(528.75, 100.00),(2.50, -30.00),Moved,1,20/12/2024 12:20:24:758
dragngo,0,(531.25, 68.75),(2.50, -31.25),Moved,1,20/12/2024 12:20:24:769
dragngo,0,(531.25, 37.50),(0.00, -31.25),Moved,1,20/12/2024 12:20:24:780
dragngo,0,(531.25, 37.50),(0.00, 0.00),Ended,1,20/12/2024 12:20:24:794
dragngo,0,(530.00, 635.00),(0.00, 0.00),Began,1,20/12/2024 12:20:25:526
dragngo,0,(530.00, 635.00),(0.00, 0.00),Moved,1,20/12/2024 12:20:25:536
dragngo,0,(530.00, 635.00),(0.00, 0.00),Stationary,1,20/12/2024 12:20:25:545
dragngo,0,(530.00, 635.00),(0.00, 0.00),Stationary,1,20/12/2024 12:20:25:555
dragngo,0,(530.00, 635.00),(0.00, 0.00),Stationary,1,20/12/2024 12:20:25:565
dragngo,0,(530.00, 635.00),(0.00, 0.00),Stationary,1,20/12/2024 12:20:25:575
dragngo,0,(530.00, 635.00),(0.00, 0.00),Stationary,1,20/12/2024 12:20:25:588
dragngo,0,(530.00, 633.75),(0.00, -1.25),Moved,1,20/12/2024 12:20:25:600
dragngo,0,(530.00, 633.75),(0.00, 0.00),Stationary,1,20/12/2024 12:20:25:613
dragngo,0,(530.00, 632.50),(0.00, -1.25),Moved,1,20/12/2024 12:20:25:628
dragngo,0,(530.00, 630.00),(0.00, -2.50),Moved,1,20/12/2024 12:20:25:645
dragngo,0,(530.00, 628.75),(0.00, -1.25),Moved,1,20/12/2024 12:20:25:658
dragngo,0,(530.00, 628.75),(0.00, 0.00),Stationary,1,20/12/2024 12:20:25:669
dragngo,0,(530.00, 627.50),(0.00, -1.25),Moved,1,20/12/2024 12:20:25:680
dragngo,0,(530.00, 626.25),(0.00, -1.25),Moved,1,20/12/2024 12:20:25:692
dragngo,0,(530.00, 626.25),(0.00, 0.00),Stationary,1,20/12/2024 12:20:25:703
dragngo,0,(530.00, 625.00),(0.00, -1.25),Moved,1,20/12/2024 12:20:25:713
dragngo,0,(530.00, 625.00),(0.00, 0.00),Stationary,1,20/12/2024 12:20:25:724
dragngo,0,(530.00, 625.00),(0.00, 0.00),Stationary,1,20/12/2024 12:20:25:734
dragngo,0,(530.00, 623.75),(0.00, -1.25),Moved,1,20/12/2024 12:20:25:744
dragngo,0,(530.00, 623.75),(0.00, 0.00),Stationary,1,20/12/2024 12:20:25:755
dragngo,0,(530.00, 623.75),(0.00, 0.00),Stationary,1,20/12/2024 12:20:25:767
dragngo,0,(528.75, 620.00),(-1.25, -3.75),Moved,1,20/12/2024 12:20:25:775
dragngo,0,(528.75, 620.00),(0.00, 0.00),Stationary,1,20/12/2024 12:20:25:787
dragngo,0,(527.50, 608.75),(-1.25, -11.25),Moved,1,20/12/2024 12:20:25:808
dragngo,0,(527.50, 602.50),(0.00, -6.25),Moved,1,20/12/2024 12:20:25:818
dragngo,0,(527.50, 593.75),(0.00, -8.75),Moved,1,20/12/2024 12:20:25:833
dragngo,0,(527.50, 583.75),(0.00, -10.00),Moved,1,20/12/2024 12:20:25:841
dragngo,0,(530.00, 558.75),(2.50, -25.00),Moved,1,20/12/2024 12:20:25:860
dragngo,0,(531.25, 546.25),(1.25, -12.50),Moved,1,20/12/2024 12:20:25:868
dragngo,0,(532.50, 533.75),(1.25, -12.50),Moved,1,20/12/2024 12:20:25:879
dragngo,0,(535.00, 518.75),(2.50, -15.00),Moved,1,20/12/2024 12:20:25:891
dragngo,0,(537.50, 505.00),(2.50, -13.75),Moved,1,20/12/2024 12:20:25:902
dragngo,0,(540.00, 475.00),(2.50, -30.00),Moved,1,20/12/2024 12:20:25:920
dragngo,0,(542.50, 460.00),(2.50, -15.00),Moved,1,20/12/2024 12:20:25:928
dragngo,0,(542.50, 445.00),(0.00, -15.00),Moved,1,20/12/2024 12:20:25:939
dragngo,0,(543.75, 428.75),(1.25, -16.25),Moved,1,20/12/2024 12:20:25:953
dragngo,0,(543.75, 412.50),(0.00, -16.25),Moved,1,20/12/2024 12:20:25:962
dragngo,0,(545.00, 393.75),(1.25, -18.75),Moved,1,20/12/2024 12:20:25:973
dragngo,0,(545.00, 376.25),(0.00, -17.50),Moved,1,20/12/2024 12:20:25:985
dragngo,0,(546.25, 337.50),(1.25, -38.75),Moved,1,20/12/2024 12:20:25:999
dragngo,0,(546.25, 315.00),(0.00, -22.50),Moved,1,20/12/2024 12:20:26:008
dragngo,0,(545.00, 290.00),(-1.25, -25.00),Moved,1,20/12/2024 12:20:26:020
dragngo,0,(543.75, 262.50),(-1.25, -27.50),Moved,1,20/12/2024 12:20:26:033
dragngo,0,(542.50, 231.25),(-1.25, -31.25),Moved,1,20/12/2024 12:20:26:042
dragngo,0,(538.75, 198.75),(-3.75, -32.50),Moved,1,20/12/2024 12:20:26:054
dragngo,0,(535.00, 125.00),(-3.75, -73.75),Moved,1,20/12/2024 12:20:26:069
dragngo,0,(532.50, 88.75),(-2.50, -36.25),Moved,1,20/12/2024 12:20:26:080
dragngo,0,(532.50, 88.75),(0.00, 0.00),Ended,1,20/12/2024 12:20:26:093
dragngo,0,(537.50, 691.25),(0.00, 0.00),Began,1,20/12/2024 12:20:27:700
dragngo,0,(537.50, 691.25),(0.00, 0.00),Moved,1,20/12/2024 12:20:27:708
dragngo,0,(537.50, 691.25),(0.00, 0.00),Stationary,1,20/12/2024 12:20:27:719
dragngo,0,(536.25, 687.50),(-1.25, -3.75),Moved,1,20/12/2024 12:20:27:734
dragngo,0,(535.00, 683.75),(-1.25, -3.75),Moved,1,20/12/2024 12:20:27:744
dragngo,0,(533.75, 678.75),(-1.25, -5.00),Moved,1,20/12/2024 12:20:27:754
dragngo,0,(531.25, 663.75),(-2.50, -15.00),Moved,1,20/12/2024 12:20:27:776
dragngo,0,(530.00, 655.00),(-1.25, -8.75),Moved,1,20/12/2024 12:20:27:788
dragngo,0,(526.25, 633.75),(-3.75, -21.25),Moved,1,20/12/2024 12:20:27:805
dragngo,0,(523.75, 622.50),(-2.50, -11.25),Moved,1,20/12/2024 12:20:27:820
dragngo,0,(520.00, 598.75),(-3.75, -23.75),Moved,1,20/12/2024 12:20:27:837
dragngo,0,(517.50, 586.25),(-2.50, -12.50),Moved,1,20/12/2024 12:20:27:845
dragngo,0,(517.50, 573.75),(0.00, -12.50),Moved,1,20/12/2024 12:20:27:858
dragngo,0,(515.00, 550.00),(-2.50, -23.75),Moved,1,20/12/2024 12:20:27:877
dragngo,0,(515.00, 537.50),(0.00, -12.50),Moved,1,20/12/2024 12:20:27:888
dragngo,0,(517.50, 507.50),(2.50, -30.00),Moved,1,20/12/2024 12:20:27:905
dragngo,0,(517.50, 490.00),(0.00, -17.50),Moved,1,20/12/2024 12:20:27:915
dragngo,0,(518.75, 472.50),(1.25, -17.50),Moved,1,20/12/2024 12:20:27:926
dragngo,0,(520.00, 453.75),(1.25, -18.75),Moved,1,20/12/2024 12:20:27:940
dragngo,0,(523.75, 412.50),(3.75, -41.25),Moved,1,20/12/2024 12:20:27:959
dragngo,0,(525.00, 390.00),(1.25, -22.50),Moved,1,20/12/2024 12:20:27:968
dragngo,0,(527.50, 367.50),(2.50, -22.50),Moved,1,20/12/2024 12:20:27:979
dragngo,0,(527.50, 341.25),(0.00, -26.25),Moved,1,20/12/2024 12:20:27:990
dragngo,0,(530.00, 287.50),(2.50, -53.75),Moved,1,20/12/2024 12:20:28:005
dragngo,0,(532.50, 258.75),(2.50, -28.75),Moved,1,20/12/2024 12:20:28:015
dragngo,0,(533.75, 230.00),(1.25, -28.75),Moved,1,20/12/2024 12:20:28:026
dragngo,0,(536.25, 202.50),(2.50, -27.50),Moved,1,20/12/2024 12:20:28:037
dragngo,0,(537.50, 176.25),(1.25, -26.25),Moved,1,20/12/2024 12:20:28:052
dragngo,0,(538.75, 128.75),(1.25, -47.50),Moved,1,20/12/2024 12:20:28:064
dragngo,0,(538.75, 105.00),(0.00, -23.75),Moved,1,20/12/2024 12:20:28:074
dragngo,0,(538.75, 77.50),(0.00, -27.50),Moved,1,20/12/2024 12:20:28:084
dragngo,0,(537.50, 40.00),(-1.25, -37.50),Moved,1,20/12/2024 12:20:28:097
dragngo,0,(536.25, -86.25),(-1.25, -126.25),Ended,1,20/12/2024 12:20:28:113
dragngo,0,(580.00, 785.00),(0.00, 0.00),Began,1,20/12/2024 12:20:29:171
dragngo,0,(580.00, 785.00),(0.00, 0.00),Moved,1,20/12/2024 12:20:29:179
dragngo,0,(580.00, 785.00),(0.00, 0.00),Stationary,1,20/12/2024 12:20:29:195
dragngo,0,(578.75, 781.25),(-1.25, -3.75),Moved,1,20/12/2024 12:20:29:219
dragngo,0,(577.50, 773.75),(-1.25, -7.50),Moved,1,20/12/2024 12:20:29:244
dragngo,0,(577.50, 768.75),(0.00, -5.00),Moved,1,20/12/2024 12:20:29:260
dragngo,0,(576.25, 758.75),(-1.25, -10.00),Moved,1,20/12/2024 12:20:29:280
dragngo,0,(575.00, 752.50),(-1.25, -6.25),Moved,1,20/12/2024 12:20:29:288
dragngo,0,(572.50, 721.25),(-2.50, -31.25),Moved,1,20/12/2024 12:20:29:315
dragngo,0,(571.25, 708.75),(-1.25, -12.50),Moved,1,20/12/2024 12:20:29:323
dragngo,0,(570.00, 696.25),(-1.25, -12.50),Moved,1,20/12/2024 12:20:29:338
dragngo,0,(567.50, 668.75),(-2.50, -27.50),Moved,1,20/12/2024 12:20:29:355
dragngo,0,(566.25, 653.75),(-1.25, -15.00),Moved,1,20/12/2024 12:20:29:366
dragngo,0,(565.00, 638.75),(-1.25, -15.00),Moved,1,20/12/2024 12:20:29:377
dragngo,0,(563.75, 621.25),(-1.25, -17.50),Moved,1,20/12/2024 12:20:29:390
dragngo,0,(560.00, 581.25),(-3.75, -40.00),Moved,1,20/12/2024 12:20:29:406
dragngo,0,(557.50, 558.75),(-2.50, -22.50),Moved,1,20/12/2024 12:20:29:419
dragngo,0,(556.25, 536.25),(-1.25, -22.50),Moved,1,20/12/2024 12:20:29:428
dragngo,0,(552.50, 487.50),(-3.75, -48.75),Moved,1,20/12/2024 12:20:29:444
dragngo,0,(552.50, 463.75),(0.00, -23.75),Moved,1,20/12/2024 12:20:29:455
dragngo,0,(552.50, 438.75),(0.00, -25.00),Moved,1,20/12/2024 12:20:29:469
dragngo,0,(553.75, 388.75),(1.25, -50.00),Moved,1,20/12/2024 12:20:29:487
dragngo,0,(556.25, 363.75),(2.50, -25.00),Moved,1,20/12/2024 12:20:29:495
dragngo,0,(557.50, 338.75),(1.25, -25.00),Moved,1,20/12/2024 12:20:29:508
dragngo,0,(561.25, 291.25),(3.75, -47.50),Moved,1,20/12/2024 12:20:29:523
dragngo,0,(563.75, 243.75),(2.50, -47.50),Moved,1,20/12/2024 12:20:29:543
dragngo,0,(565.00, 218.75),(1.25, -25.00),Moved,1,20/12/2024 12:20:29:556
dragngo,0,(565.00, 195.00),(0.00, -23.75),Moved,1,20/12/2024 12:20:29:568
dragngo,0,(562.50, 140.00),(-2.50, -55.00),Moved,1,20/12/2024 12:20:29:585
dragngo,0,(562.50, 111.25),(0.00, -28.75),Moved,1,20/12/2024 12:20:29:593
dragngo,0,(561.25, 78.75),(-1.25, -32.50),Moved,1,20/12/2024 12:20:29:606
dragngo,0,(560.00, 45.00),(-1.25, -33.75),Moved,1,20/12/2024 12:20:29:618
dragngo,0,(555.00, -86.25),(-5.00, -131.25),Moved,1,20/12/2024 12:20:29:635
dragngo,0,(555.00, -86.25),(0.00, 0.00),Ended,1,20/12/2024 12:20:29:643
dogpaddle-old-with-inertia,0,(547.50, 566.25),(0.00, 0.00),Began,1,20/12/2024 12:20:33:749
dogpaddle-old-with-inertia,0,(543.75, 506.25),(-3.75, -60.00),Moved,1,20/12/2024 12:20:33:785
dogpaddle-old-with-inertia,0,(543.75, 493.75),(0.00, -12.50),Moved,1,20/12/2024 12:20:33:797
dogpaddle-old-with-inertia,0,(543.75, 460.00),(0.00, -33.75),Moved,1,20/12/2024 12:20:33:815
dogpaddle-old-with-inertia,0,(543.75, 442.50),(0.00, -17.50),Moved,1,20/12/2024 12:20:33:822
dogpaddle-old-with-inertia,0,(543.75, 423.75),(0.00, -18.75),Moved,1,20/12/2024 12:20:33:834
dogpaddle-old-with-inertia,0,(542.50, 405.00),(-1.25, -18.75),Moved,1,20/12/2024 12:20:33:846
dogpaddle-old-with-inertia,0,(541.25, 387.50),(-1.25, -17.50),Moved,1,20/12/2024 12:20:33:856
dogpaddle-old-with-inertia,0,(537.50, 358.75),(-3.75, -28.75),Moved,1,20/12/2024 12:20:33:871
dogpaddle-old-with-inertia,0,(537.50, 358.75),(0.00, 0.00),Stationary,1,20/12/2024 12:20:33:880
dogpaddle-old-with-inertia,0,(537.50, 335.00),(0.00, -23.75),Moved,1,20/12/2024 12:20:33:893
dogpaddle-old-with-inertia,0,(536.25, 325.00),(-1.25, -10.00),Moved,1,20/12/2024 12:20:33:905
dogpaddle-old-with-inertia,0,(536.25, 313.75),(0.00, -11.25),Moved,1,20/12/2024 12:20:33:918
dogpaddle-old-with-inertia,0,(535.00, 288.75),(-1.25, -25.00),Moved,1,20/12/2024 12:20:33:934
dogpaddle-old-with-inertia,0,(535.00, 275.00),(0.00, -13.75),Moved,1,20/12/2024 12:20:33:944
dogpaddle-old-with-inertia,0,(535.00, 258.75),(0.00, -16.25),Moved,1,20/12/2024 12:20:33:954
dogpaddle-old-with-inertia,0,(536.25, 243.75),(1.25, -15.00),Moved,1,20/12/2024 12:20:33:966
dogpaddle-old-with-inertia,0,(537.50, 226.25),(1.25, -17.50),Moved,1,20/12/2024 12:20:33:977
dogpaddle-old-with-inertia,0,(537.50, 210.00),(0.00, -16.25),Moved,1,20/12/2024 12:20:33:987
dogpaddle-old-with-inertia,0,(540.00, 180.00),(2.50, -30.00),Moved,1,20/12/2024 12:20:34:000
dogpaddle-old-with-inertia,0,(541.25, 166.25),(1.25, -13.75),Moved,1,20/12/2024 12:20:34:009
dogpaddle-old-with-inertia,0,(541.25, 151.25),(0.00, -15.00),Moved,1,20/12/2024 12:20:34:021
dogpaddle-old-with-inertia,0,(541.25, 136.25),(0.00, -15.00),Moved,1,20/12/2024 12:20:34:031
dogpaddle-old-with-inertia,0,(541.25, 121.25),(0.00, -15.00),Moved,1,20/12/2024 12:20:34:044
dogpaddle-old-with-inertia,0,(541.25, 105.00),(0.00, -16.25),Moved,1,20/12/2024 12:20:34:055
dogpaddle-old-with-inertia,0,(541.25, 90.00),(0.00, -15.00),Moved,1,20/12/2024 12:20:34:067
dogpaddle-old-with-inertia,0,(542.50, 63.75),(1.25, -26.25),Moved,1,20/12/2024 12:20:34:082
dogpaddle-old-with-inertia,0,(543.75, 52.50),(1.25, -11.25),Moved,1,20/12/2024 12:20:34:090
dogpaddle-old-with-inertia,0,(545.00, 38.75),(1.25, -13.75),Moved,1,20/12/2024 12:20:34:101
dogpaddle-old-with-inertia,0,(546.25, 26.25),(1.25, -12.50),Moved,1,20/12/2024 12:20:34:114
dogpaddle-old-with-inertia,0,(547.50, 12.50),(1.25, -13.75),Moved,1,20/12/2024 12:20:34:124
dogpaddle-old-with-inertia,0,(547.50, -26.25),(0.00, -38.75),Moved,1,20/12/2024 12:20:34:139
dogpaddle-old-with-inertia,0,(547.50, -86.25),(0.00, -60.00),Moved,1,20/12/2024 12:20:34:149
dogpaddle-old-with-inertia,0,(547.50, -86.25),(0.00, 0.00),Ended,1,20/12/2024 12:20:34:165
dogpaddle-old-with-inertia,0,(557.50, 733.75),(0.00, 0.00),Began,1,20/12/2024 12:20:35:297
dogpaddle-old-with-inertia,0,(556.25, 727.50),(-1.25, -6.25),Moved,1,20/12/2024 12:20:35:307
dogpaddle-old-with-inertia,0,(553.75, 718.75),(-2.50, -8.75),Moved,1,20/12/2024 12:20:35:318
dogpaddle-old-with-inertia,0,(547.50, 675.00),(-6.25, -43.75),Moved,1,20/12/2024 12:20:35:343
dogpaddle-old-with-inertia,0,(542.50, 642.50),(-5.00, -32.50),Moved,1,20/12/2024 12:20:35:366
dogpaddle-old-with-inertia,0,(540.00, 602.50),(-2.50, -40.00),Moved,1,20/12/2024 12:20:35:383
dogpaddle-old-with-inertia,0,(537.50, 578.75),(-2.50, -23.75),Moved,1,20/12/2024 12:20:35:390
dogpaddle-old-with-inertia,0,(537.50, 556.25),(0.00, -22.50),Moved,1,20/12/2024 12:20:35:402
dogpaddle-old-with-inertia,0,(535.00, 531.25),(-2.50, -25.00),Moved,1,20/12/2024 12:20:35:415
dogpaddle-old-with-inertia,0,(533.75, 507.50),(-1.25, -23.75),Moved,1,20/12/2024 12:20:35:427
dogpaddle-old-with-inertia,0,(532.50, 483.75),(-1.25, -23.75),Moved,1,20/12/2024 12:20:35:438
dogpaddle-old-with-inertia,0,(531.25, 437.50),(-1.25, -46.25),Moved,1,20/12/2024 12:20:35:453
dogpaddle-old-with-inertia,0,(530.00, 415.00),(-1.25, -22.50),Moved,1,20/12/2024 12:20:35:460
dogpaddle-old-with-inertia,0,(530.00, 392.50),(0.00, -22.50),Moved,1,20/12/2024 12:20:35:472
dogpaddle-old-with-inertia,0,(528.75, 368.75),(-1.25, -23.75),Moved,1,20/12/2024 12:20:35:484
dogpaddle-old-with-inertia,0,(528.75, 343.75),(0.00, -25.00),Moved,1,20/12/2024 12:20:35:496
dogpaddle-old-with-inertia,0,(527.50, 290.00),(-1.25, -53.75),Moved,1,20/12/2024 12:20:35:512
dogpaddle-old-with-inertia,0,(526.25, 260.00),(-1.25, -30.00),Moved,1,20/12/2024 12:20:35:525
dogpaddle-old-with-inertia,0,(523.75, 228.75),(-2.50, -31.25),Moved,1,20/12/2024 12:20:35:532
dogpaddle-old-with-inertia,0,(522.50, 195.00),(-1.25, -33.75),Moved,1,20/12/2024 12:20:35:546
dogpaddle-old-with-inertia,0,(520.00, 128.75),(-2.50, -66.25),Moved,1,20/12/2024 12:20:35:562
dogpaddle-old-with-inertia,0,(518.75, 95.00),(-1.25, -33.75),Moved,1,20/12/2024 12:20:35:569
dogpaddle-old-with-inertia,0,(517.50, 63.75),(-1.25, -31.25),Moved,1,20/12/2024 12:20:35:583
dogpaddle-old-with-inertia,0,(517.50, 32.50),(0.00, -31.25),Moved,1,20/12/2024 12:20:35:592
dogpaddle-old-with-inertia,0,(518.75, 3.75),(1.25, -28.75),Moved,1,20/12/2024 12:20:35:604
dogpaddle-old-with-inertia,0,(520.00, -22.50),(1.25, -26.25),Moved,1,20/12/2024 12:20:35:615
dogpaddle-old-with-inertia,0,(527.50, -86.25),(7.50, -63.75),Ended,1,20/12/2024 12:20:35:631
dogpaddle-old-with-inertia,0,(517.50, 745.00),(0.00, 0.00),Began,1,20/12/2024 12:20:36:741
dogpaddle-old-with-inertia,0,(517.50, 745.00),(0.00, 0.00),Moved,1,20/12/2024 12:20:36:752
dogpaddle-old-with-inertia,0,(517.50, 745.00),(0.00, 0.00),Stationary,1,20/12/2024 12:20:36:769
dogpaddle-old-with-inertia,0,(517.50, 742.50),(0.00, -2.50),Moved,1,20/12/2024 12:20:36:784
dogpaddle-old-with-inertia,0,(516.25, 738.75),(-1.25, -3.75),Moved,1,20/12/2024 12:20:36:795
dogpaddle-old-with-inertia,0,(512.50, 713.75),(-3.75, -25.00),Moved,1,20/12/2024 12:20:36:824
dogpaddle-old-with-inertia,0,(512.50, 702.50),(0.00, -11.25),Moved,1,20/12/2024 12:20:36:833
dogpaddle-old-with-inertia,0,(510.00, 687.50),(-2.50, -15.00),Moved,1,20/12/2024 12:20:36:843
dogpaddle-old-with-inertia,0,(507.50, 670.00),(-2.50, -17.50),Moved,1,20/12/2024 12:20:36:856
dogpaddle-old-with-inertia,0,(505.00, 631.25),(-2.50, -38.75),Moved,1,20/12/2024 12:20:36:873
dogpaddle-old-with-inertia,0,(505.00, 608.75),(0.00, -22.50),Moved,1,20/12/2024 12:20:36:881
dogpaddle-old-with-inertia,0,(505.00, 586.25),(0.00, -22.50),Moved,1,20/12/2024 12:20:36:894
dogpaddle-old-with-inertia,0,(503.75, 563.75),(-1.25, -22.50),Moved,1,20/12/2024 12:20:36:904
dogpaddle-old-with-inertia,0,(503.75, 538.75),(0.00, -25.00),Moved,1,20/12/2024 12:20:36:916
dogpaddle-old-with-inertia,0,(503.75, 513.75),(0.00, -25.00),Moved,1,20/12/2024 12:20:36:929
dogpaddle-old-with-inertia,0,(503.75, 462.50),(0.00, -51.25),Moved,1,20/12/2024 12:20:36:943
dogpaddle-old-with-inertia,0,(505.00, 433.75),(1.25, -28.75),Moved,1,20/12/2024 12:20:36:951
dogpaddle-old-with-inertia,0,(507.50, 403.75),(2.50, -30.00),Moved,1,20/12/2024 12:20:36:962
dogpaddle-old-with-inertia,0,(508.75, 375.00),(1.25, -28.75),Moved,1,20/12/2024 12:20:36:977
dogpaddle-old-with-inertia,0,(511.25, 345.00),(2.50, -30.00),Moved,1,20/12/2024 12:20:36:988
dogpaddle-old-with-inertia,0,(513.75, 288.75),(2.50, -56.25),Moved,1,20/12/2024 12:20:37:001
dogpaddle-old-with-inertia,0,(516.25, 263.75),(2.50, -25.00),Moved,1,20/12/2024 12:20:37:010
dogpaddle-old-with-inertia,0,(517.50, 238.75),(1.25, -25.00),Moved,1,20/12/2024 12:20:37:022
dogpaddle-old-with-inertia,0,(517.50, 213.75),(0.00, -25.00),Moved,1,20/12/2024 12:20:37:034
dogpaddle-old-with-inertia,0,(521.25, 168.75),(3.75, -45.00),Moved,1,20/12/2024 12:20:37:052
dogpaddle-old-with-inertia,0,(522.50, 147.50),(1.25, -21.25),Moved,1,20/12/2024 12:20:37:059
dogpaddle-old-with-inertia,0,(525.00, 123.75),(2.50, -23.75),Moved,1,20/12/2024 12:20:37:071
dogpaddle-old-with-inertia,0,(527.50, 102.50),(2.50, -21.25),Moved,1,20/12/2024 12:20:37:083
dogpaddle-old-with-inertia,0,(530.00, 78.75),(2.50, -23.75),Moved,1,20/12/2024 12:20:37:094
dogpaddle-old-with-inertia,0,(532.50, 52.50),(2.50, -26.25),Moved,1,20/12/2024 12:20:37:105
dogpaddle-old-with-inertia,0,(537.50, 23.75),(5.00, -28.75),Ended,1,20/12/2024 12:20:37:121
dogpaddle-old-with-inertia,0,(571.25, 732.50),(0.00, 0.00),Began,1,20/12/2024 12:20:38:151
dogpaddle-old-with-inertia,0,(571.25, 732.50),(0.00, 0.00),Moved,1,20/12/2024 12:20:38:160
dogpaddle-old-with-inertia,0,(570.00, 728.75),(-1.25, -3.75),Moved,1,20/12/2024 12:20:38:168
dogpaddle-old-with-inertia,0,(570.00, 725.00),(0.00, -3.75),Moved,1,20/12/2024 12:20:38:180
dogpaddle-old-with-inertia,0,(567.50, 710.00),(-2.50, -15.00),Moved,1,20/12/2024 12:20:38:200
dogpaddle-old-with-inertia,0,(565.00, 690.00),(-2.50, -20.00),Moved,1,20/12/2024 12:20:38:220
dogpaddle-old-with-inertia,0,(562.50, 668.75),(-2.50, -21.25),Moved,1,20/12/2024 12:20:38:236
dogpaddle-old-with-inertia,0,(558.75, 640.00),(-3.75, -28.75),Moved,1,20/12/2024 12:20:38:253
dogpaddle-old-with-inertia,0,(556.25, 623.75),(-2.50, -16.25),Moved,1,20/12/2024 12:20:38:263
dogpaddle-old-with-inertia,0,(553.75, 603.75),(-2.50, -20.00),Moved,1,20/12/2024 12:20:38:277
dogpaddle-old-with-inertia,0,(552.50, 585.00),(-1.25, -18.75),Moved,1,20/12/2024 12:20:38:287
dogpaddle-old-with-inertia,0,(550.00, 563.75),(-2.50, -21.25),Moved,1,20/12/2024 12:20:38:298
dogpaddle-old-with-inertia,0,(546.25, 521.25),(-3.75, -42.50),Moved,1,20/12/2024 12:20:38:311
dogpaddle-old-with-inertia,0,(545.00, 498.75),(-1.25, -22.50),Moved,1,20/12/2024 12:20:38:321
dogpaddle-old-with-inertia,0,(545.00, 477.50),(0.00, -21.25),Moved,1,20/12/2024 12:20:38:333
dogpaddle-old-with-inertia,0,(546.25, 453.75),(1.25, -23.75),Moved,1,20/12/2024 12:20:38:346
dogpaddle-old-with-inertia,0,(550.00, 403.75),(3.75, -50.00),Moved,1,20/12/2024 12:20:38:362
dogpaddle-old-with-inertia,0,(552.50, 378.75),(2.50, -25.00),Moved,1,20/12/2024 12:20:38:369
dogpaddle-old-with-inertia,0,(553.75, 351.25),(1.25, -27.50),Moved,1,20/12/2024 12:20:38:381
dogpaddle-old-with-inertia,0,(556.25, 323.75),(2.50, -27.50),Moved,1,20/12/2024 12:20:38:392
dogpaddle-old-with-inertia,0,(557.50, 293.75),(1.25, -30.00),Moved,1,20/12/2024 12:20:38:402
dogpaddle-old-with-inertia,0,(561.25, 230.00),(3.75, -63.75),Moved,1,20/12/2024 12:20:38:420
dogpaddle-old-with-inertia,0,(561.25, 230.00),(0.00, 0.00),Stationary,1,20/12/2024 12:20:38:427
dogpaddle-old-with-inertia,0,(562.50, 165.00),(1.25, -65.00),Moved,1,20/12/2024 12:20:38:441
dogpaddle-old-with-inertia,0,(565.00, 131.25),(2.50, -33.75),Moved,1,20/12/2024 12:20:38:451
dogpaddle-old-with-inertia,0,(566.25, 97.50),(1.25, -33.75),Moved,1,20/12/2024 12:20:38:462
dogpaddle-old-with-inertia,0,(567.50, 63.75),(1.25, -33.75),Moved,1,20/12/2024 12:20:38:473
dogpaddle-old-with-inertia,0,(568.75, 30.00),(1.25, -33.75),Moved,1,20/12/2024 12:20:38:485
dogpaddle-old-with-inertia,0,(571.25, -3.75),(2.50, -33.75),Ended,1,20/12/2024 12:20:38:499
dogpaddle-old-with-inertia,0,(532.50, 772.50),(0.00, 0.00),Began,1,20/12/2024 12:20:39:336
dogpaddle-old-with-inertia,0,(532.50, 770.00),(0.00, -2.50),Moved,1,20/12/2024 12:20:39:346
dogpaddle-old-with-inertia,0,(531.25, 768.75),(-1.25, -1.25),Moved,1,20/12/2024 12:20:39:354
dogpaddle-old-with-inertia,0,(531.25, 766.25),(0.00, -2.50),Moved,1,20/12/2024 12:20:39:367
dogpaddle-old-with-inertia,0,(531.25, 763.75),(0.00, -2.50),Moved,1,20/12/2024 12:20:39:377
dogpaddle-old-with-inertia,0,(530.00, 760.00),(-1.25, -3.75),Moved,1,20/12/2024 12:20:39:391
dogpaddle-old-with-inertia,0,(526.25, 741.25),(-3.75, -18.75),Moved,1,20/12/2024 12:20:39:414
dogpaddle-old-with-inertia,0,(522.50, 731.25),(-3.75, -10.00),Moved,1,20/12/2024 12:20:39:431
dogpaddle-old-with-inertia,0,(517.50, 701.25),(-5.00, -30.00),Moved,1,20/12/2024 12:20:39:450
dogpaddle-old-with-inertia,0,(516.25, 683.75),(-1.25, -17.50),Moved,1,20/12/2024 12:20:39:457
dogpaddle-old-with-inertia,0,(513.75, 666.25),(-2.50, -17.50),Moved,1,20/12/2024 12:20:39:470
dogpaddle-old-with-inertia,0,(512.50, 627.50),(-1.25, -38.75),Moved,1,20/12/2024 12:20:39:484
dogpaddle-old-with-inertia,0,(512.50, 606.25),(0.00, -21.25),Moved,1,20/12/2024 12:20:39:494
dogpaddle-old-with-inertia,0,(511.25, 583.75),(-1.25, -22.50),Moved,1,20/12/2024 12:20:39:507
dogpaddle-old-with-inertia,0,(511.25, 561.25),(0.00, -22.50),Moved,1,20/12/2024 12:20:39:518
dogpaddle-old-with-inertia,0,(512.50, 511.25),(1.25, -50.00),Moved,1,20/12/2024 12:20:39:531
dogpaddle-old-with-inertia,0,(512.50, 511.25),(0.00, 0.00),Stationary,1,20/12/2024 12:20:39:540
dogpaddle-old-with-inertia,0,(512.50, 456.25),(0.00, -55.00),Moved,1,20/12/2024 12:20:39:552
dogpaddle-old-with-inertia,0,(513.75, 425.00),(1.25, -31.25),Moved,1,20/12/2024 12:20:39:564
dogpaddle-old-with-inertia,0,(515.00, 393.75),(1.25, -31.25),Moved,1,20/12/2024 12:20:39:575
dogpaddle-old-with-inertia,0,(516.25, 360.00),(1.25, -33.75),Moved,1,20/12/2024 12:20:39:587
dogpaddle-old-with-inertia,0,(517.50, 326.25),(1.25, -33.75),Moved,1,20/12/2024 12:20:39:598
dogpaddle-old-with-inertia,0,(518.75, 252.50),(1.25, -73.75),Moved,1,20/12/2024 12:20:39:612
dogpaddle-old-with-inertia,0,(518.75, 252.50),(0.00, 0.00),Stationary,1,20/12/2024 12:20:39:619
dogpaddle-old-with-inertia,0,(521.25, 166.25),(2.50, -86.25),Moved,1,20/12/2024 12:20:39:635
dogpaddle-old-with-inertia,0,(522.50, 118.75),(1.25, -47.50),Moved,1,20/12/2024 12:20:39:650
dogpaddle-old-with-inertia,0,(522.50, 118.75),(0.00, 0.00),Ended,1,20/12/2024 12:20:39:668
dogpaddle-old-with-inertia,0,(555.00, 738.75),(0.00, 0.00),Began,1,20/12/2024 12:20:40:487
dogpaddle-old-with-inertia,0,(555.00, 735.00),(0.00, -3.75),Moved,1,20/12/2024 12:20:40:497
dogpaddle-old-with-inertia,0,(553.75, 728.75),(-1.25, -6.25),Moved,1,20/12/2024 12:20:40:510
dogpaddle-old-with-inertia,0,(548.75, 707.50),(-5.00, -21.25),Moved,1,20/12/2024 12:20:40:531
dogpaddle-old-with-inertia,0,(546.25, 678.75),(-2.50, -28.75),Moved,1,20/12/2024 12:20:40:546
dogpaddle-old-with-inertia,0,(542.50, 645.00),(-3.75, -33.75),Moved,1,20/12/2024 12:20:40:567
dogpaddle-old-with-inertia,0,(542.50, 627.50),(0.00, -17.50),Moved,1,20/12/2024 12:20:40:577
dogpaddle-old-with-inertia,0,(542.50, 607.50),(0.00, -20.00),Moved,1,20/12/2024 12:20:40:595
dogpaddle-old-with-inertia,0,(545.00, 560.00),(2.50, -47.50),Moved,1,20/12/2024 12:20:40:604
dogpaddle-old-with-inertia,0,(547.50, 533.75),(2.50, -26.25),Moved,1,20/12/2024 12:20:40:615
dogpaddle-old-with-inertia,0,(550.00, 508.75),(2.50, -25.00),Moved,1,20/12/2024 12:20:40:625
dogpaddle-old-with-inertia,0,(552.50, 482.50),(2.50, -26.25),Moved,1,20/12/2024 12:20:40:636
dogpaddle-old-with-inertia,0,(555.00, 456.25),(2.50, -26.25),Moved,1,20/12/2024 12:20:40:651
dogpaddle-old-with-inertia,0,(557.50, 430.00),(2.50, -26.25),Moved,1,20/12/2024 12:20:40:660
dogpaddle-old-with-inertia,0,(560.00, 376.25),(2.50, -53.75),Moved,1,20/12/2024 12:20:40:675
dogpaddle-old-with-inertia,0,(562.50, 348.75),(2.50, -27.50),Moved,1,20/12/2024 12:20:40:684
dogpaddle-old-with-inertia,0,(563.75, 318.75),(1.25, -30.00),Moved,1,20/12/2024 12:20:40:696
dogpaddle-old-with-inertia,0,(567.50, 286.25),(3.75, -32.50),Moved,1,20/12/2024 12:20:40:706
dogpaddle-old-with-inertia,0,(570.00, 250.00),(2.50, -36.25),Moved,1,20/12/2024 12:20:40:718
dogpaddle-old-with-inertia,0,(573.75, 208.75),(3.75, -41.25),Moved,1,20/12/2024 12:20:40:730
dogpaddle-old-with-inertia,0,(582.50, 106.25),(8.75, -102.50),Moved,1,20/12/2024 12:20:40:745
dogpaddle-old-with-inertia,0,(582.50, 106.25),(0.00, 0.00),Ended,1,20/12/2024 12:20:40:754
dogpaddle-old-with-inertia,0,(562.50, 323.75),(0.00, 0.00),Began,1,20/12/2024 12:20:41:646
dogpaddle-old-with-inertia,0,(565.00, 330.00),(2.50, 6.25),Moved,1,20/12/2024 12:20:41:657
dogpaddle-old-with-inertia,0,(566.25, 338.75),(1.25, 8.75),Moved,1,20/12/2024 12:20:41:667
dogpaddle-old-with-inertia,0,(567.50, 361.25),(1.25, 22.50),Moved,1,20/12/2024 12:20:41:688
dogpaddle-old-with-inertia,0,(567.50, 373.75),(0.00, 12.50),Moved,1,20/12/2024 12:20:41:703
dogpaddle-old-with-inertia,0,(567.50, 408.75),(0.00, 35.00),Moved,1,20/12/2024 12:20:41:719
dogpaddle-old-with-inertia,0,(567.50, 430.00),(0.00, 21.25),Moved,1,20/12/2024 12:20:41:730
dogpaddle-old-with-inertia,0,(567.50, 452.50),(0.00, 22.50),Moved,1,20/12/2024 12:20:41:743
dogpaddle-old-with-inertia,0,(567.50, 498.75),(0.00, 46.25),Moved,1,20/12/2024 12:20:41:758
dogpaddle-old-with-inertia,0,(566.25, 523.75),(-1.25, 25.00),Moved,1,20/12/2024 12:20:41:766
dogpaddle-old-with-inertia,0,(565.00, 548.75),(-1.25, 25.00),Moved,1,20/12/2024 12:20:41:778
dogpaddle-old-with-inertia,0,(563.75, 573.75),(-1.25, 25.00),Moved,1,20/12/2024 12:20:41:790
dogpaddle-old-with-inertia,0,(562.50, 598.75),(-1.25, 25.00),Moved,1,20/12/2024 12:20:41:800
dogpaddle-old-with-inertia,0,(560.00, 625.00),(-2.50, 26.25),Moved,1,20/12/2024 12:20:41:811
dogpaddle-old-with-inertia,0,(557.50, 650.00),(-2.50, 25.00),Moved,1,20/12/2024 12:20:41:822
dogpaddle-old-with-inertia,0,(553.75, 677.50),(-3.75, 27.50),Moved,1,20/12/2024 12:20:41:833
dogpaddle-old-with-inertia,0,(552.50, 703.75),(-1.25, 26.25),Moved,1,20/12/2024 12:20:41:844
dogpaddle-old-with-inertia,0,(546.25, 756.25),(-6.25, 52.50),Moved,1,20/12/2024 12:20:41:857
dogpaddle-old-with-inertia,0,(543.75, 782.50),(-2.50, 26.25),Moved,1,20/12/2024 12:20:41:866
dogpaddle-old-with-inertia,0,(543.75, 782.50),(0.00, 0.00),Stationary,1,20/12/2024 12:20:41:876
dogpaddle-old-with-inertia,0,(542.50, 833.75),(-1.25, 51.25),Moved,1,20/12/2024 12:20:41:886
dogpaddle-old-with-inertia,0,(540.00, 858.75),(-2.50, 25.00),Moved,1,20/12/2024 12:20:41:898
dogpaddle-old-with-inertia,0,(537.50, 883.75),(-2.50, 25.00),Moved,1,20/12/2024 12:20:41:911
dogpaddle-old-with-inertia,0,(537.50, 883.75),(0.00, 0.00),Ended,1,20/12/2024 12:20:41:925
dogpaddle-old-with-inertia,0,(530.00, 230.00),(0.00, 0.00),Began,1,20/12/2024 12:20:42:579
dogpaddle-old-with-inertia,0,(533.75, 242.50),(3.75, 12.50),Moved,1,20/12/2024 12:20:42:591
dogpaddle-old-with-inertia,0,(537.50, 256.25),(3.75, 13.75),Moved,1,20/12/2024 12:20:42:609
dogpaddle-old-with-inertia,0,(546.25, 286.25),(8.75, 30.00),Moved,1,20/12/2024 12:20:42:622
dogpaddle-old-with-inertia,0,(552.50, 318.75),(6.25, 32.50),Moved,1,20/12/2024 12:20:42:643
dogpaddle-old-with-inertia,0,(555.00, 336.25),(2.50, 17.50),Moved,1,20/12/2024 12:20:42:655
dogpaddle-old-with-inertia,0,(557.50, 353.75),(2.50, 17.50),Moved,1,20/12/2024 12:20:42:667
dogpaddle-old-with-inertia,0,(561.25, 391.25),(3.75, 37.50),Moved,1,20/12/2024 12:20:42:687
dogpaddle-old-with-inertia,0,(561.25, 411.25),(0.00, 20.00),Moved,1,20/12/2024 12:20:42:696
dogpaddle-old-with-inertia,0,(562.50, 450.00),(1.25, 38.75),Moved,1,20/12/2024 12:20:42:712
dogpaddle-old-with-inertia,0,(561.25, 470.00),(-1.25, 20.00),Moved,1,20/12/2024 12:20:42:719
dogpaddle-old-with-inertia,0,(560.00, 491.25),(-1.25, 21.25),Moved,1,20/12/2024 12:20:42:730
dogpaddle-old-with-inertia,0,(558.75, 513.75),(-1.25, 22.50),Moved,1,20/12/2024 12:20:42:747
dogpaddle-old-with-inertia,0,(557.50, 535.00),(-1.25, 21.25),Moved,1,20/12/2024 12:20:42:755
dogpaddle-old-with-inertia,0,(552.50, 578.75),(-5.00, 43.75),Moved,1,20/12/2024 12:20:42:769
dogpaddle-old-with-inertia,0,(550.00, 598.75),(-2.50, 20.00),Moved,1,20/12/2024 12:20:42:781
dogpaddle-old-with-inertia,0,(547.50, 618.75),(-2.50, 20.00),Moved,1,20/12/2024 12:20:42:793
dogpaddle-old-with-inertia,0,(545.00, 636.25),(-2.50, 17.50),Moved,1,20/12/2024 12:20:42:804
dogpaddle-old-with-inertia,0,(541.25, 668.75),(-3.75, 32.50),Moved,1,20/12/2024 12:20:42:819
dogpaddle-old-with-inertia,0,(541.25, 668.75),(0.00, 0.00),Stationary,1,20/12/2024 12:20:42:826
dogpaddle-old-with-inertia,0,(532.50, 700.00),(-8.75, 31.25),Moved,1,20/12/2024 12:20:42:841
dogpaddle-old-with-inertia,0,(532.50, 700.00),(0.00, 0.00),Ended,1,20/12/2024 12:20:42:851
dogpaddle-old-with-inertia,0,(398.75, 591.25),(0.00, 0.00),Began,1,20/12/2024 12:20:43:883
dogpaddle-old-with-inertia,0,(467.50, 513.75),(68.75, -77.50),Moved,1,20/12/2024 12:20:43:901
dogpaddle-old-with-inertia,0,(507.50, 445.00),(40.00, -68.75),Moved,1,20/12/2024 12:20:43:922
dogpaddle-old-with-inertia,0,(521.25, 420.00),(13.75, -25.00),Moved,1,20/12/2024 12:20:43:935
dogpaddle-old-with-inertia,0,(550.00, 370.00),(28.75, -50.00),Moved,1,20/12/2024 12:20:43:956
dogpaddle-old-with-inertia,0,(565.00, 345.00),(15.00, -25.00),Moved,1,20/12/2024 12:20:43:967
dogpaddle-old-with-inertia,0,(592.50, 298.75),(27.50, -46.25),Moved,1,20/12/2024 12:20:43:986
dogpaddle-old-with-inertia,0,(602.50, 276.25),(10.00, -22.50),Moved,1,20/12/2024 12:20:43:998
dogpaddle-old-with-inertia,0,(622.50, 233.75),(20.00, -42.50),Moved,1,20/12/2024 12:20:44:019
dogpaddle-old-with-inertia,0,(641.25, 192.50),(18.75, -41.25),Moved,1,20/12/2024 12:20:44:035
dogpaddle-old-with-inertia,0,(652.50, 171.25),(11.25, -21.25),Moved,1,20/12/2024 12:20:44:043
dogpaddle-old-with-inertia,0,(666.25, 148.75),(13.75, -22.50),Moved,1,20/12/2024 12:20:44:054
dogpaddle-old-with-inertia,0,(682.50, 127.50),(16.25, -21.25),Moved,1,20/12/2024 12:20:44:065
dogpaddle-old-with-inertia,0,(701.25, 103.75),(18.75, -23.75),Moved,1,20/12/2024 12:20:44:076
dogpaddle-old-with-inertia,0,(722.50, 80.00),(21.25, -23.75),Moved,1,20/12/2024 12:20:44:086
dogpaddle-old-with-inertia,0,(742.50, 56.25),(20.00, -23.75),Moved,1,20/12/2024 12:20:44:097
dogpaddle-old-with-inertia,0,(777.50, 12.50),(35.00, -43.75),Moved,1,20/12/2024 12:20:44:110
dogpaddle-old-with-inertia,0,(792.50, -6.25),(15.00, -18.75),Moved,1,20/12/2024 12:20:44:120
dogpaddle-old-with-inertia,0,(802.50, -22.50),(10.00, -16.25),Moved,1,20/12/2024 12:20:44:131
dogpaddle-old-with-inertia,0,(802.50, -22.50),(0.00, 0.00),Ended,1,20/12/2024 12:20:44:142
dogpaddle-old-with-inertia,0,(251.25, 531.25),(0.00, 0.00),Began,1,20/12/2024 12:20:44:647
dogpaddle-old-with-inertia,0,(255.00, 525.00),(3.75, -6.25),Moved,1,20/12/2024 12:20:44:663
dogpaddle-old-with-inertia,0,(260.00, 518.75),(5.00, -6.25),Moved,1,20/12/2024 12:20:44:672
dogpaddle-old-with-inertia,0,(292.50, 482.50),(32.50, -36.25),Moved,1,20/12/2024 12:20:44:697
dogpaddle-old-with-inertia,0,(325.00, 455.00),(32.50, -27.50),Moved,1,20/12/2024 12:20:44:717
dogpaddle-old-with-inertia,0,(342.50, 440.00),(17.50, -15.00),Moved,1,20/12/2024 12:20:44:731
dogpaddle-old-with-inertia,0,(380.00, 407.50),(37.50, -32.50),Moved,1,20/12/2024 12:20:44:747
dogpaddle-old-with-inertia,0,(398.75, 390.00),(18.75, -17.50),Moved,1,20/12/2024 12:20:44:757
dogpaddle-old-with-inertia,0,(418.75, 372.50),(20.00, -17.50),Moved,1,20/12/2024 12:20:44:767
dogpaddle-old-with-inertia,0,(438.75, 353.75),(20.00, -18.75),Moved,1,20/12/2024 12:20:44:778
dogpaddle-old-with-inertia,0,(458.75, 333.75),(20.00, -20.00),Moved,1,20/12/2024 12:20:44:791
dogpaddle-old-with-inertia,0,(500.00, 295.00),(41.25, -38.75),Moved,1,20/12/2024 12:20:44:806
dogpaddle-old-with-inertia,0,(521.25, 276.25),(21.25, -18.75),Moved,1,20/12/2024 12:20:44:815
dogpaddle-old-with-inertia,0,(541.25, 257.50),(20.00, -18.75),Moved,1,20/12/2024 12:20:44:825
dogpaddle-old-with-inertia,0,(560.00, 238.75),(18.75, -18.75),Moved,1,20/12/2024 12:20:44:837
dogpaddle-old-with-inertia,0,(577.50, 220.00),(17.50, -18.75),Moved,1,20/12/2024 12:20:44:849
dogpaddle-old-with-inertia,0,(596.25, 203.75),(18.75, -16.25),Moved,1,20/12/2024 12:20:44:862
dogpaddle-old-with-inertia,0,(627.50, 168.75),(31.25, -35.00),Moved,1,20/12/2024 12:20:44:875
dogpaddle-old-with-inertia,0,(642.50, 153.75),(15.00, -15.00),Moved,1,20/12/2024 12:20:44:884
dogpaddle-old-with-inertia,0,(655.00, 138.75),(12.50, -15.00),Moved,1,20/12/2024 12:20:44:895
dogpaddle-old-with-inertia,0,(666.25, 123.75),(11.25, -15.00),Moved,1,20/12/2024 12:20:44:907
dogpaddle-old-with-inertia,0,(673.75, 112.50),(7.50, -11.25),Moved,1,20/12/2024 12:20:44:918
dogpaddle-old-with-inertia,0,(682.50, 102.50),(8.75, -10.00),Moved,1,20/12/2024 12:20:44:931
dogpaddle-old-with-inertia,0,(691.25, 88.75),(8.75, -13.75),Moved,1,20/12/2024 12:20:44:944
dogpaddle-old-with-inertia,0,(691.25, 88.75),(0.00, 0.00),Ended,1,20/12/2024 12:20:44:955
dogpaddle-old-with-inertia,1,(262.50, 490.00),(0.00, 0.00),Began,1,20/12/2024 12:20:45:349
dogpaddle-old-with-inertia,1,(262.50, 490.00),(0.00, 0.00),Moved,1,20/12/2024 12:20:45:359
dogpaddle-old-with-inertia,0,(830.00, 220.00),(-1.25, 0.00),Moved,1,20/12/2024 12:20:46:015
dogpaddle-old-with-inertia,0,(830.00, 220.00),(0.00, 0.00),Ended,1,20/12/2024 12:20:46:028
dogpaddle-old-with-inertia,2,(577.50, 521.25),(0.00, 0.00),Began,1,20/12/2024 12:20:46:362
dogpaddle-old-with-inertia,2,(561.25, 472.50),(-16.25, -48.75),Moved,1,20/12/2024 12:20:46:390
dogpaddle-old-with-inertia,2,(535.00, 422.50),(-26.25, -50.00),Moved,1,20/12/2024 12:20:46:414
dogpaddle-old-with-inertia,2,(535.00, 422.50),(0.00, 0.00),Stationary,1,20/12/2024 12:20:46:421
dogpaddle-old-with-inertia,2,(513.75, 383.75),(-21.25, -38.75),Moved,1,20/12/2024 12:20:46:437
dogpaddle-old-with-inertia,2,(493.75, 338.75),(-20.00, -45.00),Moved,1,20/12/2024 12:20:46:456
dogpaddle-old-with-inertia,2,(483.75, 317.50),(-10.00, -21.25),Moved,1,20/12/2024 12:20:46:465
dogpaddle-old-with-inertia,2,(475.00, 293.75),(-8.75, -23.75),Moved,1,20/12/2024 12:20:46:477
dogpaddle-old-with-inertia,2,(457.50, 253.75),(-17.50, -40.00),Moved,1,20/12/2024 12:20:46:494
dogpaddle-old-with-inertia,2,(447.50, 233.75),(-10.00, -20.00),Moved,1,20/12/2024 12:20:46:505
dogpaddle-old-with-inertia,2,(437.50, 216.25),(-10.00, -17.50),Moved,1,20/12/2024 12:20:46:519
dogpaddle-old-with-inertia,2,(421.25, 178.75),(-16.25, -37.50),Moved,1,20/12/2024 12:20:46:536
dogpaddle-old-with-inertia,2,(412.50, 158.75),(-8.75, -20.00),Moved,1,20/12/2024 12:20:46:545
dogpaddle-old-with-inertia,2,(402.50, 138.75),(-10.00, -20.00),Moved,1,20/12/2024 12:20:46:559
dogpaddle-old-with-inertia,2,(387.50, 93.75),(-15.00, -45.00),Moved,1,20/12/2024 12:20:46:572
dogpaddle-old-with-inertia,2,(377.50, 73.75),(-10.00, -20.00),Moved,1,20/12/2024 12:20:46:584
dogpaddle-old-with-inertia,2,(370.00, 53.75),(-7.50, -20.00),Moved,1,20/12/2024 12:20:46:597
dogpaddle-old-with-inertia,2,(362.50, 37.50),(-7.50, -16.25),Moved,1,20/12/2024 12:20:46:610
dogpaddle-old-with-inertia,2,(346.25, 8.75),(-16.25, -28.75),Moved,1,20/12/2024 12:20:46:624
dogpaddle-old-with-inertia,2,(346.25, 8.75),(0.00, 0.00),Ended,1,20/12/2024 12:20:46:635
dogpaddle-old-with-inertia,0,(615.00, 508.75),(0.00, 0.00),Began,1,20/12/2024 12:20:47:108
dogpaddle-old-with-inertia,0,(605.00, 498.75),(-10.00, -10.00),Moved,1,20/12/2024 12:20:47:117
dogpaddle-old-with-inertia,0,(582.50, 472.50),(-22.50, -26.25),Moved,1,20/12/2024 12:20:47:143
dogpaddle-old-with-inertia,0,(572.50, 456.25),(-10.00, -16.25),Moved,1,20/12/2024 12:20:47:157
dogpaddle-old-with-inertia,0,(542.50, 405.00),(-30.00, -51.25),Moved,1,20/12/2024 12:20:47:181
dogpaddle-old-with-inertia,0,(532.50, 385.00),(-10.00, -20.00),Moved,1,20/12/2024 12:20:47:192
dogpaddle-old-with-inertia,0,(507.50, 340.00),(-25.00, -45.00),Moved,1,20/12/2024 12:20:47:209
dogpaddle-old-with-inertia,0,(495.00, 315.00),(-12.50, -25.00),Moved,1,20/12/2024 12:20:47:220
dogpaddle-old-with-inertia,0,(483.75, 288.75),(-11.25, -26.25),Moved,1,20/12/2024 12:20:47:232
dogpaddle-old-with-inertia,0,(472.50, 258.75),(-11.25, -30.00),Moved,1,20/12/2024 12:20:47:244
dogpaddle-old-with-inertia,0,(457.50, 187.50),(-15.00, -71.25),Moved,1,20/12/2024 12:20:47:258
dogpaddle-old-with-inertia,0,(457.50, 187.50),(0.00, 0.00),Ended,1,20/12/2024 12:20:47:273
dogpaddle-old-no-inertia,0,(530.00, 525.00),(0.00, 0.00),Began,1,20/12/2024 12:20:50:559
dogpaddle-old-no-inertia,0,(520.00, 488.75),(-10.00, -36.25),Moved,1,20/12/2024 12:20:50:585
dogpaddle-old-no-inertia,0,(512.50, 437.50),(-7.50, -51.25),Moved,1,20/12/2024 12:20:50:608
dogpaddle-old-no-inertia,0,(512.50, 416.25),(0.00, -21.25),Moved,1,20/12/2024 12:20:50:618
dogpaddle-old-no-inertia,0,(512.50, 390.00),(0.00, -26.25),Moved,1,20/12/2024 12:20:50:631
dogpaddle-old-no-inertia,0,(511.25, 330.00),(-1.25, -60.00),Moved,1,20/12/2024 12:20:50:644
dogpaddle-old-no-inertia,0,(511.25, 295.00),(0.00, -35.00),Moved,1,20/12/2024 12:20:50:655
dogpaddle-old-no-inertia,0,(511.25, 258.75),(0.00, -36.25),Moved,1,20/12/2024 12:20:50:666
dogpaddle-old-no-inertia,0,(511.25, 222.50),(0.00, -36.25),Moved,1,20/12/2024 12:20:50:678
dogpaddle-old-no-inertia,0,(512.50, 183.75),(1.25, -38.75),Moved,1,20/12/2024 12:20:50:689
dogpaddle-old-no-inertia,0,(512.50, 147.50),(0.00, -36.25),Moved,1,20/12/2024 12:20:50:702
dogpaddle-old-no-inertia,0,(513.75, 75.00),(1.25, -72.50),Moved,1,20/12/2024 12:20:50:714
dogpaddle-old-no-inertia,0,(513.75, 41.25),(0.00, -33.75),Moved,1,20/12/2024 12:20:50:724
dogpaddle-old-no-inertia,0,(512.50, 10.00),(-1.25, -31.25),Moved,1,20/12/2024 12:20:50:734
dogpaddle-old-no-inertia,0,(512.50, -16.25),(0.00, -26.25),Moved,1,20/12/2024 12:20:50:744
dogpaddle-old-no-inertia,0,(511.25, -38.75),(-1.25, -22.50),Moved,1,20/12/2024 12:20:50:757
dogpaddle-old-no-inertia,0,(511.25, -55.00),(0.00, -16.25),Moved,1,20/12/2024 12:20:50:769
dogpaddle-old-no-inertia,0,(512.50, -76.25),(1.25, -21.25),Moved,1,20/12/2024 12:20:50:785
dogpaddle-old-no-inertia,0,(513.75, -86.25),(1.25, -10.00),Moved,1,20/12/2024 12:20:50:795
dogpaddle-old-no-inertia,0,(513.75, -86.25),(0.00, 0.00),Ended,1,20/12/2024 12:20:50:808
dogpaddle-old-no-inertia,0,(547.50, 743.75),(0.00, 0.00),Began,1,20/12/2024 12:20:52:122
dogpaddle-old-no-inertia,0,(547.50, 741.25),(0.00, -2.50),Moved,1,20/12/2024 12:20:52:131
dogpaddle-old-no-inertia,0,(546.25, 733.75),(-1.25, -7.50),Moved,1,20/12/2024 12:20:52:142
dogpaddle-old-no-inertia,0,(543.75, 723.75),(-2.50, -10.00),Moved,1,20/12/2024 12:20:52:161
dogpaddle-old-no-inertia,0,(543.75, 688.75),(0.00, -35.00),Moved,1,20/12/2024 12:20:52:178
dogpaddle-old-no-inertia,0,(546.25, 646.25),(2.50, -42.50),Moved,1,20/12/2024 12:20:52:199
dogpaddle-old-no-inertia,0,(550.00, 587.50),(3.75, -58.75),Moved,1,20/12/2024 12:20:52:212
dogpaddle-old-no-inertia,0,(552.50, 551.25),(2.50, -36.25),Moved,1,20/12/2024 12:20:52:223
dogpaddle-old-no-inertia,0,(552.50, 512.50),(0.00, -38.75),Moved,1,20/12/2024 12:20:52:235
dogpaddle-old-no-inertia,0,(552.50, 470.00),(0.00, -42.50),Moved,1,20/12/2024 12:20:52:248
dogpaddle-old-no-inertia,0,(552.50, 425.00),(0.00, -45.00),Moved,1,20/12/2024 12:20:52:258
dogpaddle-old-no-inertia,0,(552.50, 380.00),(0.00, -45.00),Moved,1,20/12/2024 12:20:52:268
dogpaddle-old-no-inertia,0,(552.50, 333.75),(0.00, -46.25),Moved,1,20/12/2024 12:20:52:281
dogpaddle-old-no-inertia,0,(552.50, 241.25),(0.00, -92.50),Moved,1,20/12/2024 12:20:52:298
dogpaddle-old-no-inertia,0,(552.50, 197.50),(0.00, -43.75),Moved,1,20/12/2024 12:20:52:307
dogpaddle-old-no-inertia,0,(552.50, 153.75),(0.00, -43.75),Moved,1,20/12/2024 12:20:52:318
dogpaddle-old-no-inertia,0,(546.25, 63.75),(-6.25, -90.00),Moved,1,20/12/2024 12:20:52:334
dogpaddle-old-no-inertia,0,(542.50, 18.75),(-3.75, -45.00),Moved,1,20/12/2024 12:20:52:343
dogpaddle-old-no-inertia,0,(536.25, -25.00),(-6.25, -43.75),Moved,1,20/12/2024 12:20:52:353
dogpaddle-old-no-inertia,0,(527.50, -86.25),(-8.75, -61.25),Moved,1,20/12/2024 12:20:52:366
dogpaddle-old-no-inertia,0,(527.50, -86.25),(0.00, 0.00),Ended,1,20/12/2024 12:20:52:380
dogpaddle-old-no-inertia,0,(561.25, 443.75),(0.00, 0.00),Ended,1,20/12/2024 12:20:53:686
dogpaddle-old-no-inertia,0,(677.50, 666.25),(0.00, 0.00),Began,1,20/12/2024 12:20:54:523
dogpaddle-old-no-inertia,0,(677.50, 663.75),(0.00, -2.50),Moved,1,20/12/2024 12:20:54:531
dogpaddle-old-no-inertia,0,(678.75, 660.00),(1.25, -3.75),Moved,1,20/12/2024 12:20:54:542
dogpaddle-old-no-inertia,0,(677.50, 653.75),(-1.25, -6.25),Moved,1,20/12/2024 12:20:54:552
dogpaddle-old-no-inertia,0,(676.25, 636.25),(-1.25, -17.50),Moved,1,20/12/2024 12:20:54:574
dogpaddle-old-no-inertia,0,(667.50, 597.50),(-8.75, -38.75),Moved,1,20/12/2024 12:20:54:599
dogpaddle-old-no-inertia,0,(663.75, 580.00),(-3.75, -17.50),Moved,1,20/12/2024 12:20:54:612
dogpaddle-old-no-inertia,0,(652.50, 541.25),(-11.25, -38.75),Moved,1,20/12/2024 12:20:54:627
dogpaddle-old-no-inertia,0,(642.50, 520.00),(-10.00, -21.25),Moved,1,20/12/2024 12:20:54:638
dogpaddle-old-no-inertia,0,(633.75, 498.75),(-8.75, -21.25),Moved,1,20/12/2024 12:20:54:654
dogpaddle-old-no-inertia,0,(612.50, 453.75),(-21.25, -45.00),Moved,1,20/12/2024 12:20:54:667
dogpaddle-old-no-inertia,0,(600.00, 433.75),(-12.50, -20.00),Moved,1,20/12/2024 12:20:54:682
dogpaddle-old-no-inertia,0,(576.25, 392.50),(-23.75, -41.25),Moved,1,20/12/2024 12:20:54:699
dogpaddle-old-no-inertia,0,(563.75, 371.25),(-12.50, -21.25),Moved,1,20/12/2024 12:20:54:708
dogpaddle-old-no-inertia,0,(552.50, 351.25),(-11.25, -20.00),Moved,1,20/12/2024 12:20:54:725
dogpaddle-old-no-inertia,0,(528.75, 311.25),(-23.75, -40.00),Moved,1,20/12/2024 12:20:54:740
dogpaddle-old-no-inertia,0,(517.50, 292.50),(-11.25, -18.75),Moved,1,20/12/2024 12:20:54:753
dogpaddle-old-no-inertia,0,(495.00, 253.75),(-22.50, -38.75),Moved,1,20/12/2024 12:20:54:765
dogpaddle-old-no-inertia,0,(483.75, 233.75),(-11.25, -20.00),Moved,1,20/12/2024 12:20:54:778
dogpaddle-old-no-inertia,0,(472.50, 213.75),(-11.25, -20.00),Moved,1,20/12/2024 12:20:54:792
dogpaddle-old-no-inertia,0,(453.75, 172.50),(-18.75, -41.25),Moved,1,20/12/2024 12:20:54:807
dogpaddle-old-no-inertia,0,(445.00, 152.50),(-8.75, -20.00),Moved,1,20/12/2024 12:20:54:821
dogpaddle-old-no-inertia,0,(427.50, 112.50),(-17.50, -40.00),Moved,1,20/12/2024 12:20:54:836
dogpaddle-old-no-inertia,0,(420.00, 92.50),(-7.50, -20.00),Moved,1,20/12/2024 12:20:54:846
dogpaddle-old-no-inertia,0,(412.50, 71.25),(-7.50, -21.25),Moved,1,20/12/2024 12:20:54:861
dogpaddle-old-no-inertia,0,(395.00, 27.50),(-17.50, -43.75),Moved,1,20/12/2024 12:20:54:875
dogpaddle-old-no-inertia,0,(387.50, 3.75),(-7.50, -23.75),Moved,1,20/12/2024 12:20:54:886
dogpaddle-old-no-inertia,0,(378.75, -21.25),(-8.75, -25.00),Moved,1,20/12/2024 12:20:54:899
dogpaddle-old-no-inertia,0,(378.75, -21.25),(0.00, 0.00),Ended,1,20/12/2024 12:20:54:912
dogpaddle-old-no-inertia,0,(687.50, 551.25),(0.00, 0.00),Began,1,20/12/2024 12:20:55:988
dogpaddle-old-no-inertia,2,(517.50, 567.50),(0.00, 0.00),Began,1,20/12/2024 12:20:57:846
dogpaddle-old-no-inertia,2,(517.50, 563.75),(0.00, -3.75),Moved,1,20/12/2024 12:20:57:855
dogpaddle-old-no-inertia,2,(517.50, 557.50),(0.00, -6.25),Moved,1,20/12/2024 12:20:57:869
dogpaddle-old-no-inertia,2,(523.75, 525.00),(6.25, -32.50),Moved,1,20/12/2024 12:20:57:888
dogpaddle-old-no-inertia,2,(528.75, 503.75),(5.00, -21.25),Moved,1,20/12/2024 12:20:57:902
dogpaddle-old-no-inertia,2,(553.75, 428.75),(25.00, -75.00),Moved,1,20/12/2024 12:20:57:925
dogpaddle-old-no-inertia,2,(565.00, 401.25),(11.25, -27.50),Moved,1,20/12/2024 12:20:57:937
dogpaddle-old-no-inertia,2,(575.00, 371.25),(10.00, -30.00),Moved,1,20/12/2024 12:20:57:951
dogpaddle-old-no-inertia,2,(592.50, 312.50),(17.50, -58.75),Moved,1,20/12/2024 12:20:57:967
dogpaddle-old-no-inertia,2,(598.75, 282.50),(6.25, -30.00),Moved,1,20/12/2024 12:20:57:976
dogpaddle-old-no-inertia,2,(605.00, 253.75),(6.25, -28.75),Moved,1,20/12/2024 12:20:57:989
dogpaddle-old-no-inertia,2,(617.50, 198.75),(12.50, -55.00),Moved,1,20/12/2024 12:20:58:001
dogpaddle-old-no-inertia,2,(617.50, 198.75),(0.00, 0.00),Stationary,1,20/12/2024 12:20:58:009
dogpaddle-old-no-inertia,2,(626.25, 148.75),(8.75, -50.00),Moved,1,20/12/2024 12:20:58:026
dogpaddle-old-no-inertia,2,(630.00, 126.25),(3.75, -22.50),Moved,1,20/12/2024 12:20:58:035
dogpaddle-old-no-inertia,2,(632.50, 103.75),(2.50, -22.50),Moved,1,20/12/2024 12:20:58:047
dogpaddle-old-no-inertia,2,(636.25, 80.00),(3.75, -23.75),Moved,1,20/12/2024 12:20:58:059
dogpaddle-old-no-inertia,2,(642.50, 33.75),(6.25, -46.25),Moved,1,20/12/2024 12:20:58:074
dogpaddle-old-no-inertia,2,(646.25, 8.75),(3.75, -25.00),Moved,1,20/12/2024 12:20:58:082
dogpaddle-old-no-inertia,2,(646.25, 8.75),(0.00, 0.00),Ended,1,20/12/2024 12:20:58:093
dogpaddle-old-no-inertia,0,(512.50, 273.75),(0.00, 0.00),Began,1,20/12/2024 12:20:58:704
dogpaddle-old-no-inertia,0,(516.25, 311.25),(3.75, 37.50),Moved,1,20/12/2024 12:20:58:726
dogpaddle-old-no-inertia,0,(517.50, 348.75),(1.25, 37.50),Moved,1,20/12/2024 12:20:58:745
dogpaddle-old-no-inertia,0,(515.00, 387.50),(-2.50, 38.75),Moved,1,20/12/2024 12:20:58:767
dogpaddle-old-no-inertia,0,(508.75, 431.25),(-6.25, 43.75),Moved,1,20/12/2024 12:20:58:779
dogpaddle-old-no-inertia,0,(503.75, 455.00),(-5.00, 23.75),Moved,1,20/12/2024 12:20:58:787
dogpaddle-old-no-inertia,0,(497.50, 478.75),(-6.25, 23.75),Moved,1,20/12/2024 12:20:58:799
dogpaddle-old-no-inertia,0,(492.50, 502.50),(-5.00, 23.75),Moved,1,20/12/2024 12:20:58:809
dogpaddle-old-no-inertia,0,(485.00, 526.25),(-7.50, 23.75),Moved,1,20/12/2024 12:20:58:821
dogpaddle-old-no-inertia,0,(470.00, 570.00),(-15.00, 43.75),Moved,1,20/12/2024 12:20:58:838
dogpaddle-old-no-inertia,0,(462.50, 593.75),(-7.50, 23.75),Moved,1,20/12/2024 12:20:58:852
dogpaddle-old-no-inertia,0,(453.75, 616.25),(-8.75, 22.50),Moved,1,20/12/2024 12:20:58:860
dogpaddle-old-no-inertia,0,(443.75, 640.00),(-10.00, 23.75),Moved,1,20/12/2024 12:20:58:871
dogpaddle-old-no-inertia,0,(433.75, 663.75),(-10.00, 23.75),Moved,1,20/12/2024 12:20:58:884
dogpaddle-old-no-inertia,0,(411.25, 711.25),(-22.50, 47.50),Moved,1,20/12/2024 12:20:58:897
dogpaddle-old-no-inertia,0,(398.75, 733.75),(-12.50, 22.50),Moved,1,20/12/2024 12:20:58:908
dogpaddle-old-no-inertia,0,(387.50, 756.25),(-11.25, 22.50),Moved,1,20/12/2024 12:20:58:920
dogpaddle-old-no-inertia,0,(375.00, 776.25),(-12.50, 20.00),Moved,1,20/12/2024 12:20:58:931
dogpaddle-old-no-inertia,0,(362.50, 793.75),(-12.50, 17.50),Moved,1,20/12/2024 12:20:58:941
dogpaddle-old-no-inertia,0,(362.50, 793.75),(0.00, 0.00),Ended,1,20/12/2024 12:20:58:954
dogpaddle-old-no-inertia,0,(561.25, 218.75),(0.00, 0.00),Began,1,20/12/2024 12:20:59:672
dogpaddle-old-no-inertia,0,(562.50, 255.00),(1.25, 36.25),Moved,1,20/12/2024 12:20:59:695
dogpaddle-old-no-inertia,0,(562.50, 275.00),(0.00, 20.00),Moved,1,20/12/2024 12:20:59:705
dogpaddle-old-no-inertia,0,(561.25, 315.00),(-1.25, 40.00),Moved,1,20/12/2024 12:20:59:724
dogpaddle-old-no-inertia,0,(558.75, 335.00),(-2.50, 20.00),Moved,1,20/12/2024 12:20:59:739
dogpaddle-old-no-inertia,0,(552.50, 378.75),(-6.25, 43.75),Moved,1,20/12/2024 12:20:59:752
dogpaddle-old-no-inertia,0,(547.50, 403.75),(-5.00, 25.00),Moved,1,20/12/2024 12:20:59:763
dogpaddle-old-no-inertia,0,(538.75, 432.50),(-8.75, 28.75),Moved,1,20/12/2024 12:20:59:773
dogpaddle-old-no-inertia,0,(527.50, 460.00),(-11.25, 27.50),Moved,1,20/12/2024 12:20:59:784
dogpaddle-old-no-inertia,0,(517.50, 488.75),(-10.00, 28.75),Moved,1,20/12/2024 12:20:59:797
dogpaddle-old-no-inertia,0,(492.50, 547.50),(-25.00, 58.75),Moved,1,20/12/2024 12:20:59:811
dogpaddle-old-no-inertia,0,(477.50, 578.75),(-15.00, 31.25),Moved,1,20/12/2024 12:20:59:819
dogpaddle-old-no-inertia,0,(461.25, 610.00),(-16.25, 31.25),Moved,1,20/12/2024 12:20:59:831
dogpaddle-old-no-inertia,0,(442.50, 643.75),(-18.75, 33.75),Moved,1,20/12/2024 12:20:59:843
dogpaddle-old-no-inertia,0,(421.25, 677.50),(-21.25, 33.75),Moved,1,20/12/2024 12:20:59:853
dogpaddle-old-no-inertia,0,(421.25, 677.50),(0.00, 0.00),Ended,1,20/12/2024 12:20:59:867
dogpaddle-old-no-inertia,1,(457.50, 638.75),(0.00, 0.00),Began,1,20/12/2024 12:21:00:219
dogpaddle-old-no-inertia,1,(458.75, 628.75),(1.25, -10.00),Moved,1,20/12/2024 12:21:00:231
dogpaddle-old-no-inertia,1,(460.00, 617.50),(1.25, -11.25),Moved,1,20/12/2024 12:21:00:249
dogpaddle-old-no-inertia,1,(463.75, 580.00),(3.75, -37.50),Moved,1,20/12/2024 12:21:00:266
dogpaddle-old-no-inertia,1,(472.50, 513.75),(8.75, -66.25),Moved,1,20/12/2024 12:21:00:287
dogpaddle-old-no-inertia,1,(477.50, 488.75),(5.00, -25.00),Moved,1,20/12/2024 12:21:00:301
dogpaddle-old-no-inertia,1,(482.50, 462.50),(5.00, -26.25),Moved,1,20/12/2024 12:21:00:311
dogpaddle-old-no-inertia,1,(493.75, 405.00),(11.25, -57.50),Moved,1,20/12/2024 12:21:00:325
dogpaddle-old-no-inertia,1,(500.00, 373.75),(6.25, -31.25),Moved,1,20/12/2024 12:21:00:336
dogpaddle-old-no-inertia,1,(505.00, 343.75),(5.00, -30.00),Moved,1,20/12/2024 12:21:00:348
dogpaddle-old-no-inertia,1,(510.00, 310.00),(5.00, -33.75),Moved,1,20/12/2024 12:21:00:362
dogpaddle-old-no-inertia,1,(517.50, 247.50),(7.50, -62.50),Moved,1,20/12/2024 12:21:00:378
dogpaddle-old-no-inertia,1,(522.50, 216.25),(5.00, -31.25),Moved,1,20/12/2024 12:21:00:387
dogpaddle-old-no-inertia,1,(527.50, 187.50),(5.00, -28.75),Moved,1,20/12/2024 12:21:00:400
dogpaddle-old-no-inertia,1,(530.00, 161.25),(2.50, -26.25),Moved,1,20/12/2024 12:21:00:412
dogpaddle-old-no-inertia,1,(536.25, 113.75),(6.25, -47.50),Moved,1,20/12/2024 12:21:00:431
dogpaddle-old-no-inertia,1,(537.50, 91.25),(1.25, -22.50),Moved,1,20/12/2024 12:21:00:447
dogpaddle-old-no-inertia,1,(540.00, 47.50),(2.50, -43.75),Moved,1,20/12/2024 12:21:00:455
dogpaddle-old-no-inertia,1,(542.50, 22.50),(2.50, -25.00),Moved,1,20/12/2024 12:21:00:464
dogpaddle-old-no-inertia,1,(542.50, 22.50),(0.00, 0.00),Ended,1,20/12/2024 12:21:00:481
dogpaddle-old-no-inertia,0,(535.00, 672.50),(0.00, 0.00),Began,1,20/12/2024 12:21:01:078
dogpaddle-old-no-inertia,0,(535.00, 672.50),(0.00, 0.00),Moved,1,20/12/2024 12:21:01:085
dogpaddle-old-no-inertia,0,(535.00, 670.00),(0.00, -2.50),Moved,1,20/12/2024 12:21:01:095
dogpaddle-old-no-inertia,0,(533.75, 667.50),(-1.25, -2.50),Moved,1,20/12/2024 12:21:01:104
dogpaddle-old-no-inertia,0,(533.75, 661.25),(0.00, -6.25),Moved,1,20/12/2024 12:21:01:115
dogpaddle-old-no-inertia,0,(531.25, 628.75),(-2.50, -32.50),Moved,1,20/12/2024 12:21:01:143
dogpaddle-old-no-inertia,0,(531.25, 613.75),(0.00, -15.00),Moved,1,20/12/2024 12:21:01:155
dogpaddle-old-no-inertia,0,(532.50, 578.75),(1.25, -35.00),Moved,1,20/12/2024 12:21:01:174
dogpaddle-old-no-inertia,0,(532.50, 558.75),(0.00, -20.00),Moved,1,20/12/2024 12:21:01:188
dogpaddle-old-no-inertia,0,(533.75, 512.50),(1.25, -46.25),Moved,1,20/12/2024 12:21:01:201
dogpaddle-old-no-inertia,0,(533.75, 487.50),(0.00, -25.00),Moved,1,20/12/2024 12:21:01:211
dogpaddle-old-no-inertia,0,(533.75, 463.75),(0.00, -23.75),Moved,1,20/12/2024 12:21:01:223
dogpaddle-old-no-inertia,0,(535.00, 437.50),(1.25, -26.25),Moved,1,20/12/2024 12:21:01:234
dogpaddle-old-no-inertia,0,(537.50, 412.50),(2.50, -25.00),Moved,1,20/12/2024 12:21:01:245
dogpaddle-old-no-inertia,0,(537.50, 387.50),(0.00, -25.00),Moved,1,20/12/2024 12:21:01:256
dogpaddle-old-no-inertia,0,(540.00, 362.50),(2.50, -25.00),Moved,1,20/12/2024 12:21:01:267
dogpaddle-old-no-inertia,0,(545.00, 312.50),(5.00, -50.00),Moved,1,20/12/2024 12:21:01:281
dogpaddle-old-no-inertia,0,(547.50, 288.75),(2.50, -23.75),Moved,1,20/12/2024 12:21:01:290
dogpaddle-old-no-inertia,0,(551.25, 265.00),(3.75, -23.75),Moved,1,20/12/2024 12:21:01:302
dogpaddle-old-no-inertia,0,(552.50, 241.25),(1.25, -23.75),Moved,1,20/12/2024 12:21:01:311
dogpaddle-old-no-inertia,0,(555.00, 218.75),(2.50, -22.50),Moved,1,20/12/2024 12:21:01:323
dogpaddle-old-no-inertia,0,(556.25, 175.00),(1.25, -43.75),Moved,1,20/12/2024 12:21:01:340
dogpaddle-old-no-inertia,0,(556.25, 175.00),(0.00, 0.00),Stationary,1,20/12/2024 12:21:01:347
dogpaddle-old-no-inertia,0,(557.50, 131.25),(1.25, -43.75),Moved,1,20/12/2024 12:21:01:361
dogpaddle-old-no-inertia,0,(557.50, 108.75),(0.00, -22.50),Moved,1,20/12/2024 12:21:01:373
dogpaddle-old-no-inertia,0,(557.50, 85.00),(0.00, -23.75),Moved,1,20/12/2024 12:21:01:385
dogpaddle-old-no-inertia,0,(557.50, 37.50),(0.00, -47.50),Moved,1,20/12/2024 12:21:01:399
dogpaddle-old-no-inertia,0,(557.50, 37.50),(0.00, 0.00),Ended,1,20/12/2024 12:21:01:409
dogpaddle-new-realtime-with-innertia,0,(527.50, 683.75),(0.00, 0.00),Began,1,20/12/2024 12:21:05:037
dogpaddle-new-realtime-with-innertia,0,(525.00, 633.75),(-2.50, -50.00),Moved,1,20/12/2024 12:21:05:075
dogpaddle-new-realtime-with-innertia,0,(522.50, 580.00),(-2.50, -53.75),Moved,1,20/12/2024 12:21:05:101
dogpaddle-new-realtime-with-innertia,0,(522.50, 580.00),(0.00, 0.00),Stationary,1,20/12/2024 12:21:05:109
dogpaddle-new-realtime-with-innertia,0,(521.25, 537.50),(-1.25, -42.50),Moved,1,20/12/2024 12:21:05:126
dogpaddle-new-realtime-with-innertia,0,(520.00, 515.00),(-1.25, -22.50),Moved,1,20/12/2024 12:21:05:138
dogpaddle-new-realtime-with-innertia,0,(517.50, 468.75),(-2.50, -46.25),Moved,1,20/12/2024 12:21:05:155
dogpaddle-new-realtime-with-innertia,0,(516.25, 445.00),(-1.25, -23.75),Moved,1,20/12/2024 12:21:05:165
dogpaddle-new-realtime-with-innertia,0,(513.75, 423.75),(-2.50, -21.25),Moved,1,20/12/2024 12:21:05:178
dogpaddle-new-realtime-with-innertia,0,(511.25, 383.75),(-2.50, -40.00),Moved,1,20/12/2024 12:21:05:194
dogpaddle-new-realtime-with-innertia,0,(508.75, 363.75),(-2.50, -20.00),Moved,1,20/12/2024 12:21:05:204
dogpaddle-new-realtime-with-innertia,0,(508.75, 343.75),(0.00, -20.00),Moved,1,20/12/2024 12:21:05:217
dogpaddle-new-realtime-with-innertia,0,(508.75, 308.75),(0.00, -35.00),Moved,1,20/12/2024 12:21:05:233
dogpaddle-new-realtime-with-innertia,0,(508.75, 291.25),(0.00, -17.50),Moved,1,20/12/2024 12:21:05:248
dogpaddle-new-realtime-with-innertia,0,(510.00, 273.75),(1.25, -17.50),Moved,1,20/12/2024 12:21:05:257
dogpaddle-new-realtime-with-innertia,0,(512.50, 243.75),(2.50, -30.00),Moved,1,20/12/2024 12:21:05:272
dogpaddle-new-realtime-with-innertia,0,(512.50, 230.00),(0.00, -13.75),Moved,1,20/12/2024 12:21:05:285
dogpaddle-new-realtime-with-innertia,0,(512.50, 218.75),(0.00, -11.25),Moved,1,20/12/2024 12:21:05:300
dogpaddle-new-realtime-with-innertia,0,(515.00, 198.75),(2.50, -20.00),Moved,1,20/12/2024 12:21:05:314
dogpaddle-new-realtime-with-innertia,0,(516.25, 191.25),(1.25, -7.50),Moved,1,20/12/2024 12:21:05:327
dogpaddle-new-realtime-with-innertia,0,(517.50, 178.75),(1.25, -12.50),Moved,1,20/12/2024 12:21:05:342
dogpaddle-new-realtime-with-innertia,0,(518.75, 172.50),(1.25, -6.25),Moved,1,20/12/2024 12:21:05:352
dogpaddle-new-realtime-with-innertia,0,(520.00, 166.25),(1.25, -6.25),Moved,1,20/12/2024 12:21:05:364
dogpaddle-new-realtime-with-innertia,0,(521.25, 158.75),(1.25, -7.50),Moved,1,20/12/2024 12:21:05:376
dogpaddle-new-realtime-with-innertia,0,(522.50, 141.25),(1.25, -17.50),Moved,1,20/12/2024 12:21:05:394
dogpaddle-new-realtime-with-innertia,0,(522.50, 132.50),(0.00, -8.75),Moved,1,20/12/2024 12:21:05:406
dogpaddle-new-realtime-with-innertia,0,(523.75, 123.75),(1.25, -8.75),Moved,1,20/12/2024 12:21:05:418
dogpaddle-new-realtime-with-innertia,0,(525.00, 107.50),(1.25, -16.25),Moved,1,20/12/2024 12:21:05:431
dogpaddle-new-realtime-with-innertia,0,(525.00, 100.00),(0.00, -7.50),Moved,1,20/12/2024 12:21:05:441
dogpaddle-new-realtime-with-innertia,0,(525.00, 95.00),(0.00, -5.00),Moved,1,20/12/2024 12:21:05:453
dogpaddle-new-realtime-with-innertia,0,(526.25, 90.00),(1.25, -5.00),Moved,1,20/12/2024 12:21:05:464
dogpaddle-new-realtime-with-innertia,0,(526.25, 86.25),(0.00, -3.75),Moved,1,20/12/2024 12:21:05:475
dogpaddle-new-realtime-with-innertia,0,(526.25, 83.75),(0.00, -2.50),Moved,1,20/12/2024 12:21:05:487
dogpaddle-new-realtime-with-innertia,0,(527.50, 76.25),(1.25, -7.50),Moved,1,20/12/2024 12:21:05:499
dogpaddle-new-realtime-with-innertia,0,(527.50, 72.50),(0.00, -3.75),Moved,1,20/12/2024 12:21:05:511
dogpaddle-new-realtime-with-innertia,0,(530.00, 68.75),(2.50, -3.75),Moved,1,20/12/2024 12:21:05:521
dogpaddle-new-realtime-with-innertia,0,(532.50, 63.75),(2.50, -5.00),Moved,1,20/12/2024 12:21:05:532
dogpaddle-new-realtime-with-innertia,0,(535.00, 60.00),(2.50, -3.75),Moved,1,20/12/2024 12:21:05:547
dogpaddle-new-realtime-with-innertia,0,(542.50, 51.25),(7.50, -8.75),Moved,1,20/12/2024 12:21:05:562
dogpaddle-new-realtime-with-innertia,0,(547.50, 46.25),(5.00, -5.00),Moved,1,20/12/2024 12:21:05:569
dogpaddle-new-realtime-with-innertia,0,(553.75, 42.50),(6.25, -3.75),Moved,1,20/12/2024 12:21:05:581
dogpaddle-new-realtime-with-innertia,0,(560.00, 38.75),(6.25, -3.75),Moved,1,20/12/2024 12:21:05:592
dogpaddle-new-realtime-with-innertia,0,(567.50, 33.75),(7.50, -5.00),Moved,1,20/12/2024 12:21:05:603
dogpaddle-new-realtime-with-innertia,0,(576.25, 28.75),(8.75, -5.00),Moved,1,20/12/2024 12:21:05:614
dogpaddle-new-realtime-with-innertia,0,(583.75, 25.00),(7.50, -3.75),Moved,1,20/12/2024 12:21:05:626
dogpaddle-new-realtime-with-innertia,0,(598.75, 13.75),(15.00, -11.25),Moved,1,20/12/2024 12:21:05:639
dogpaddle-new-realtime-with-innertia,0,(606.25, 7.50),(7.50, -6.25),Moved,1,20/12/2024 12:21:05:649
dogpaddle-new-realtime-with-innertia,0,(612.50, 0.00),(6.25, -7.50),Moved,1,20/12/2024 12:21:05:661
dogpaddle-new-realtime-with-innertia,0,(620.00, -7.50),(7.50, -7.50),Moved,1,20/12/2024 12:21:05:672
dogpaddle-new-realtime-with-innertia,0,(626.25, -16.25),(6.25, -8.75),Moved,1,20/12/2024 12:21:05:683
dogpaddle-new-realtime-with-innertia,0,(632.50, -21.25),(6.25, -5.00),Moved,1,20/12/2024 12:21:05:694
dogpaddle-new-realtime-with-innertia,0,(637.50, -26.25),(5.00, -5.00),Moved,1,20/12/2024 12:21:05:703
dogpaddle-new-realtime-with-innertia,0,(642.50, -30.00),(5.00, -3.75),Moved,1,20/12/2024 12:21:05:715
dogpaddle-new-realtime-with-innertia,0,(646.25, -32.50),(3.75, -2.50),Moved,1,20/12/2024 12:21:05:726
dogpaddle-new-realtime-with-innertia,0,(648.75, -35.00),(2.50, -2.50),Moved,1,20/12/2024 12:21:05:734
dogpaddle-new-realtime-with-innertia,0,(651.25, -36.25),(2.50, -1.25),Moved,1,20/12/2024 12:21:05:746
dogpaddle-new-realtime-with-innertia,0,(652.50, -36.25),(1.25, 0.00),Moved,1,20/12/2024 12:21:05:757
dogpaddle-new-realtime-with-innertia,0,(656.25, -37.50),(3.75, -1.25),Moved,1,20/12/2024 12:21:05:769
dogpaddle-new-realtime-with-innertia,0,(656.25, -37.50),(0.00, 0.00),Stationary,1,20/12/2024 12:21:05:779
dogpaddle-new-realtime-with-innertia,0,(658.75, -37.50),(2.50, 0.00),Moved,1,20/12/2024 12:21:05:789
dogpaddle-new-realtime-with-innertia,0,(661.25, -37.50),(2.50, 0.00),Moved,1,20/12/2024 12:21:05:801
dogpaddle-new-realtime-with-innertia,0,(663.75, -37.50),(2.50, 0.00),Moved,1,20/12/2024 12:21:05:814
dogpaddle-new-realtime-with-innertia,0,(676.25, -35.00),(12.50, 2.50),Moved,1,20/12/2024 12:21:05:838
dogpaddle-new-realtime-with-innertia,0,(676.25, -35.00),(0.00, 0.00),Ended,1,20/12/2024 12:21:05:852
dogpaddle-new-realtime-with-innertia,0,(642.50, 495.00),(0.00, 0.00),Began,1,20/12/2024 12:21:06:345
dogpaddle-new-realtime-with-innertia,2,(408.75, 511.25),(0.00, 0.00),Began,1,20/12/2024 12:21:07:119
dogpaddle-new-realtime-with-innertia,2,(411.25, 508.75),(2.50, -2.50),Moved,1,20/12/2024 12:21:07:128
dogpaddle-new-realtime-with-innertia,2,(413.75, 505.00),(2.50, -3.75),Moved,1,20/12/2024 12:21:07:139
dogpaddle-new-realtime-with-innertia,2,(433.75, 482.50),(20.00, -22.50),Moved,1,20/12/2024 12:21:07:165
dogpaddle-new-realtime-with-innertia,2,(463.75, 448.75),(30.00, -33.75),Moved,1,20/12/2024 12:21:07:180
dogpaddle-new-realtime-with-innertia,2,(477.50, 431.25),(13.75, -17.50),Moved,1,20/12/2024 12:21:07:198
dogpaddle-new-realtime-with-innertia,2,(513.75, 373.75),(36.25, -57.50),Moved,1,20/12/2024 12:21:07:220
dogpaddle-new-realtime-with-innertia,2,(513.75, 373.75),(0.00, 0.00),Stationary,1,20/12/2024 12:21:07:225
dogpaddle-new-realtime-with-innertia,2,(530.00, 333.75),(16.25, -40.00),Moved,1,20/12/2024 12:21:07:237
dogpaddle-new-realtime-with-innertia,2,(537.50, 313.75),(7.50, -20.00),Moved,1,20/12/2024 12:21:07:249
dogpaddle-new-realtime-with-innertia,2,(543.75, 293.75),(6.25, -20.00),Moved,1,20/12/2024 12:21:07:262
dogpaddle-new-realtime-with-innertia,2,(550.00, 275.00),(6.25, -18.75),Moved,1,20/12/2024 12:21:07:274
dogpaddle-new-realtime-with-innertia,2,(560.00, 243.75),(10.00, -31.25),Moved,1,20/12/2024 12:21:07:288
dogpaddle-new-realtime-with-innertia,2,(560.00, 243.75),(0.00, 0.00),Stationary,1,20/12/2024 12:21:07:295
dogpaddle-new-realtime-with-innertia,2,(567.50, 217.50),(7.50, -26.25),Moved,1,20/12/2024 12:21:07:312
dogpaddle-new-realtime-with-innertia,2,(572.50, 205.00),(5.00, -12.50),Moved,1,20/12/2024 12:21:07:320
dogpaddle-new-realtime-with-innertia,2,(576.25, 191.25),(3.75, -13.75),Moved,1,20/12/2024 12:21:07:334
dogpaddle-new-realtime-with-innertia,2,(586.25, 161.25),(10.00, -30.00),Moved,1,20/12/2024 12:21:07:347
dogpaddle-new-realtime-with-innertia,2,(592.50, 143.75),(6.25, -17.50),Moved,1,20/12/2024 12:21:07:359
dogpaddle-new-realtime-with-innertia,2,(597.50, 126.25),(5.00, -17.50),Moved,1,20/12/2024 12:21:07:373
dogpaddle-new-realtime-with-innertia,2,(605.00, 108.75),(7.50, -17.50),Moved,1,20/12/2024 12:21:07:382
dogpaddle-new-realtime-with-innertia,2,(612.50, 88.75),(7.50, -20.00),Ended,1,20/12/2024 12:21:07:403
dogpaddle-new-realtime-with-innertia,0,(376.25, 568.75),(0.00, 0.00),Began,1,20/12/2024 12:21:07:682
dogpaddle-new-realtime-with-innertia,0,(376.25, 568.75),(0.00, 0.00),Moved,1,20/12/2024 12:21:07:692
dogpaddle-new-realtime-with-innertia,0,(376.25, 568.75),(0.00, 0.00),Stationary,1,20/12/2024 12:21:07:701
dogpaddle-new-realtime-with-innertia,0,(376.25, 568.75),(0.00, 0.00),Stationary,1,20/12/2024 12:21:07:711
dogpaddle-new-realtime-with-innertia,0,(376.25, 563.75),(0.00, -5.00),Moved,1,20/12/2024 12:21:07:722
dogpaddle-new-realtime-with-innertia,0,(376.25, 558.75),(0.00, -5.00),Moved,1,20/12/2024 12:21:07:733
dogpaddle-new-realtime-with-innertia,0,(380.00, 522.50),(3.75, -36.25),Moved,1,20/12/2024 12:21:07:765
dogpaddle-new-realtime-with-innertia,0,(385.00, 481.25),(5.00, -41.25),Moved,1,20/12/2024 12:21:07:786
dogpaddle-new-realtime-with-innertia,0,(387.50, 457.50),(2.50, -23.75),Moved,1,20/12/2024 12:21:07:797
dogpaddle-new-realtime-with-innertia,0,(392.50, 431.25),(5.00, -26.25),Moved,1,20/12/2024 12:21:07:807
dogpaddle-new-realtime-with-innertia,0,(397.50, 403.75),(5.00, -27.50),Moved,1,20/12/2024 12:21:07:822
dogpaddle-new-realtime-with-innertia,0,(402.50, 377.50),(5.00, -26.25),Moved,1,20/12/2024 12:21:07:831
dogpaddle-new-realtime-with-innertia,0,(412.50, 326.25),(10.00, -51.25),Moved,1,20/12/2024 12:21:07:845
dogpaddle-new-realtime-with-innertia,0,(416.25, 302.50),(3.75, -23.75),Moved,1,20/12/2024 12:21:07:855
dogpaddle-new-realtime-with-innertia,0,(421.25, 280.00),(5.00, -22.50),Moved,1,20/12/2024 12:21:07:868
dogpaddle-new-realtime-with-innertia,0,(425.00, 257.50),(3.75, -22.50),Moved,1,20/12/2024 12:21:07:883
dogpaddle-new-realtime-with-innertia,0,(436.25, 213.75),(11.25, -43.75),Moved,1,20/12/2024 12:21:07:896
dogpaddle-new-realtime-with-innertia,0,(442.50, 191.25),(6.25, -22.50),Moved,1,20/12/2024 12:21:07:911
dogpaddle-new-realtime-with-innertia,0,(448.75, 170.00),(6.25, -21.25),Moved,1,20/12/2024 12:21:07:919
dogpaddle-new-realtime-with-innertia,0,(462.50, 133.75),(13.75, -36.25),Moved,1,20/12/2024 12:21:07:933
dogpaddle-new-realtime-with-innertia,0,(467.50, 117.50),(5.00, -16.25),Moved,1,20/12/2024 12:21:07:945
dogpaddle-new-realtime-with-innertia,0,(472.50, 105.00),(5.00, -12.50),Moved,1,20/12/2024 12:21:07:957
dogpaddle-new-realtime-with-innertia,0,(477.50, 86.25),(5.00, -18.75),Moved,1,20/12/2024 12:21:07:975
dogpaddle-new-realtime-with-innertia,0,(478.75, 80.00),(1.25, -6.25),Moved,1,20/12/2024 12:21:07:983
dogpaddle-new-realtime-with-innertia,0,(480.00, 76.25),(1.25, -3.75),Moved,1,20/12/2024 12:21:07:994
dogpaddle-new-realtime-with-innertia,0,(480.00, 76.25),(0.00, 0.00),Ended,1,20/12/2024 12:21:08:007
dogpaddle-new-realtime-with-innertia,1,(427.50, 483.75),(0.00, 0.00),Began,1,20/12/2024 12:21:08:287
dogpaddle-new-realtime-with-innertia,1,(428.75, 480.00),(1.25, -3.75),Moved,1,20/12/2024 12:21:08:295
dogpaddle-new-realtime-with-innertia,1,(433.75, 451.25),(5.00, -28.75),Moved,1,20/12/2024 12:21:08:326
dogpaddle-new-realtime-with-innertia,1,(437.50, 426.25),(3.75, -25.00),Moved,1,20/12/2024 12:21:08:342
dogpaddle-new-realtime-with-innertia,1,(442.50, 397.50),(5.00, -28.75),Moved,1,20/12/2024 12:21:08:365
dogpaddle-new-realtime-with-innertia,1,(443.75, 380.00),(1.25, -17.50),Moved,1,20/12/2024 12:21:08:373
dogpaddle-new-realtime-with-innertia,1,(445.00, 363.75),(1.25, -16.25),Moved,1,20/12/2024 12:21:08:385
dogpaddle-new-realtime-with-innertia,1,(445.00, 345.00),(0.00, -18.75),Moved,1,20/12/2024 12:21:08:396
dogpaddle-new-realtime-with-innertia,1,(442.50, 308.75),(-2.50, -36.25),Moved,1,20/12/2024 12:21:08:410
dogpaddle-new-realtime-with-innertia,1,(441.25, 293.75),(-1.25, -15.00),Moved,1,20/12/2024 12:21:08:420
dogpaddle-new-realtime-with-innertia,1,(437.50, 280.00),(-3.75, -13.75),Moved,1,20/12/2024 12:21:08:431
dogpaddle-new-realtime-with-innertia,1,(436.25, 267.50),(-1.25, -12.50),Moved,1,20/12/2024 12:21:08:443
dogpaddle-new-realtime-with-innertia,1,(435.00, 257.50),(-1.25, -10.00),Moved,1,20/12/2024 12:21:08:453
dogpaddle-new-realtime-with-innertia,1,(432.50, 248.75),(-2.50, -8.75),Moved,1,20/12/2024 12:21:08:465
dogpaddle-new-realtime-with-innertia,1,(430.00, 236.25),(-2.50, -12.50),Moved,1,20/12/2024 12:21:08:485
dogpaddle-new-realtime-with-innertia,1,(427.50, 231.25),(-2.50, -5.00),Moved,1,20/12/2024 12:21:08:496
dogpaddle-new-realtime-with-innertia,1,(425.00, 223.75),(-2.50, -7.50),Moved,1,20/12/2024 12:21:08:512
dogpaddle-new-realtime-with-innertia,1,(423.75, 223.75),(-1.25, 0.00),Moved,1,20/12/2024 12:21:08:520
dogpaddle-new-realtime-with-innertia,1,(422.50, 222.50),(-1.25, -1.25),Moved,1,20/12/2024 12:21:08:531
dogpaddle-new-realtime-with-innertia,1,(422.50, 222.50),(0.00, 0.00),Ended,1,20/12/2024 12:21:08:545
dogpaddle-new-realtime-with-innertia,0,(182.50, 522.50),(0.00, 0.00),Began,1,20/12/2024 12:21:08:721
dogpaddle-new-realtime-with-innertia,0,(182.50, 522.50),(0.00, 0.00),Moved,1,20/12/2024 12:21:08:731
dogpaddle-new-realtime-with-innertia,0,(186.25, 526.25),(3.75, 3.75),Moved,1,20/12/2024 12:21:08:748
dogpaddle-new-realtime-with-innertia,1,(523.75, 527.50),(0.00, 0.00),Began,1,20/12/2024 12:21:09:631
dogpaddle-new-realtime-with-innertia,1,(520.00, 513.75),(-3.75, -13.75),Moved,1,20/12/2024 12:21:09:645
dogpaddle-new-realtime-with-innertia,1,(510.00, 478.75),(-10.00, -35.00),Moved,1,20/12/2024 12:21:09:665
dogpaddle-new-realtime-with-innertia,1,(505.00, 461.25),(-5.00, -17.50),Moved,1,20/12/2024 12:21:09:679
dogpaddle-new-realtime-with-innertia,1,(493.75, 426.25),(-11.25, -35.00),Moved,1,20/12/2024 12:21:09:694
dogpaddle-new-realtime-with-innertia,1,(487.50, 406.25),(-6.25, -20.00),Moved,1,20/12/2024 12:21:09:707
dogpaddle-new-realtime-with-innertia,1,(472.50, 362.50),(-15.00, -43.75),Moved,1,20/12/2024 12:21:09:721
dogpaddle-new-realtime-with-innertia,1,(462.50, 337.50),(-10.00, -25.00),Moved,1,20/12/2024 12:21:09:735
dogpaddle-new-realtime-with-innertia,1,(452.50, 313.75),(-10.00, -23.75),Moved,1,20/12/2024 12:21:09:744
dogpaddle-new-realtime-with-innertia,1,(442.50, 290.00),(-10.00, -23.75),Moved,1,20/12/2024 12:21:09:756
dogpaddle-new-realtime-with-innertia,1,(431.25, 268.75),(-11.25, -21.25),Moved,1,20/12/2024 12:21:09:768
dogpaddle-new-realtime-with-innertia,1,(407.50, 225.00),(-23.75, -43.75),Moved,1,20/12/2024 12:21:09:779
dogpaddle-new-realtime-with-innertia,1,(396.25, 205.00),(-11.25, -20.00),Moved,1,20/12/2024 12:21:09:791
dogpaddle-new-realtime-with-innertia,1,(385.00, 185.00),(-11.25, -20.00),Moved,1,20/12/2024 12:21:09:801
dogpaddle-new-realtime-with-innertia,1,(372.50, 166.25),(-12.50, -18.75),Moved,1,20/12/2024 12:21:09:813
dogpaddle-new-realtime-with-innertia,1,(362.50, 148.75),(-10.00, -17.50),Moved,1,20/12/2024 12:21:09:825
dogpaddle-new-realtime-with-innertia,1,(350.00, 132.50),(-12.50, -16.25),Moved,1,20/12/2024 12:21:09:835
dogpaddle-new-realtime-with-innertia,1,(322.50, 96.25),(-27.50, -36.25),Moved,1,20/12/2024 12:21:09:848
dogpaddle-new-realtime-with-innertia,1,(322.50, 96.25),(0.00, 0.00),Stationary,1,20/12/2024 12:21:09:858
dogpaddle-new-realtime-with-innertia,1,(290.00, 57.50),(-32.50, -38.75),Moved,1,20/12/2024 12:21:09:870
dogpaddle-new-realtime-with-innertia,1,(272.50, 37.50),(-17.50, -20.00),Moved,1,20/12/2024 12:21:09:881
dogpaddle-new-realtime-with-innertia,1,(252.50, 17.50),(-20.00, -20.00),Moved,1,20/12/2024 12:21:09:893
dogpaddle-new-realtime-with-innertia,1,(232.50, -5.00),(-20.00, -22.50),Moved,1,20/12/2024 12:21:09:902
dogpaddle-new-realtime-with-innertia,1,(207.50, -27.50),(-25.00, -22.50),Moved,1,20/12/2024 12:21:09:916
dogpaddle-new-realtime-with-innertia,1,(207.50, -27.50),(0.00, 0.00),Ended,1,20/12/2024 12:21:09:928
dogpaddle-new-realtime-with-innertia,0,(688.75, 417.50),(0.00, 0.00),Began,1,20/12/2024 12:21:10:965
dogpaddle-new-realtime-with-innertia,2,(508.75, 607.50),(0.00, 0.00),Began,1,20/12/2024 12:21:11:542
dogpaddle-new-realtime-with-innertia,2,(510.00, 605.00),(1.25, -2.50),Moved,1,20/12/2024 12:21:11:549
dogpaddle-new-realtime-with-innertia,2,(510.00, 601.25),(0.00, -3.75),Moved,1,20/12/2024 12:21:11:558
dogpaddle-new-realtime-with-innertia,2,(511.25, 593.75),(1.25, -7.50),Moved,1,20/12/2024 12:21:11:571
dogpaddle-new-realtime-with-innertia,2,(516.25, 561.25),(5.00, -32.50),Moved,1,20/12/2024 12:21:11:595
dogpaddle-new-realtime-with-innertia,2,(521.25, 540.00),(5.00, -21.25),Moved,1,20/12/2024 12:21:11:605
dogpaddle-new-realtime-with-innertia,2,(526.25, 518.75),(5.00, -21.25),Moved,1,20/12/2024 12:21:11:619
dogpaddle-new-realtime-with-innertia,2,(535.00, 473.75),(8.75, -45.00),Moved,1,20/12/2024 12:21:11:635
dogpaddle-new-realtime-with-innertia,2,(542.50, 427.50),(7.50, -46.25),Moved,1,20/12/2024 12:21:11:647
dogpaddle-new-realtime-with-innertia,2,(545.00, 403.75),(2.50, -23.75),Moved,1,20/12/2024 12:21:11:663
dogpaddle-new-realtime-with-innertia,2,(548.75, 378.75),(3.75, -25.00),Moved,1,20/12/2024 12:21:11:673
dogpaddle-new-realtime-with-innertia,2,(552.50, 352.50),(3.75, -26.25),Moved,1,20/12/2024 12:21:11:684
dogpaddle-new-realtime-with-innertia,2,(558.75, 298.75),(6.25, -53.75),Moved,1,20/12/2024 12:21:11:698
dogpaddle-new-realtime-with-innertia,2,(561.25, 273.75),(2.50, -25.00),Moved,1,20/12/2024 12:21:11:709
dogpaddle-new-realtime-with-innertia,2,(562.50, 250.00),(1.25, -23.75),Moved,1,20/12/2024 12:21:11:722
dogpaddle-new-realtime-with-innertia,2,(565.00, 226.25),(2.50, -23.75),Moved,1,20/12/2024 12:21:11:731
dogpaddle-new-realtime-with-innertia,2,(567.50, 182.50),(2.50, -43.75),Moved,1,20/12/2024 12:21:11:746
dogpaddle-new-realtime-with-innertia,2,(567.50, 162.50),(0.00, -20.00),Moved,1,20/12/2024 12:21:11:757
dogpaddle-new-realtime-with-innertia,2,(568.75, 143.75),(1.25, -18.75),Moved,1,20/12/2024 12:21:11:768
dogpaddle-new-realtime-with-innertia,2,(570.00, 123.75),(1.25, -20.00),Moved,1,20/12/2024 12:21:11:781
dogpaddle-new-realtime-with-innertia,2,(570.00, 86.25),(0.00, -37.50),Moved,1,20/12/2024 12:21:11:798
dogpaddle-new-realtime-with-innertia,2,(568.75, 67.50),(-1.25, -18.75),Moved,1,20/12/2024 12:21:11:806
dogpaddle-new-realtime-with-innertia,2,(567.50, 47.50),(-1.25, -20.00),Moved,1,20/12/2024 12:21:11:817
dogpaddle-new-realtime-with-innertia,2,(566.25, 28.75),(-1.25, -18.75),Moved,1,20/12/2024 12:21:11:829
dogpaddle-new-realtime-with-innertia,2,(566.25, 28.75),(0.00, 0.00),Ended,1,20/12/2024 12:21:11:843
dogpaddle-new-realtime-with-innertia,0,(487.50, 540.00),(0.00, 0.00),Began,1,20/12/2024 12:21:13:762
dogpaddle-new-realtime-with-innertia,0,(492.50, 507.50),(5.00, -32.50),Moved,1,20/12/2024 12:21:13:784
dogpaddle-new-realtime-with-innertia,0,(495.00, 490.00),(2.50, -17.50),Moved,1,20/12/2024 12:21:13:799
dogpaddle-new-realtime-with-innertia,0,(502.50, 451.25),(7.50, -38.75),Moved,1,20/12/2024 12:21:13:822
dogpaddle-new-realtime-with-innertia,0,(508.75, 405.00),(6.25, -46.25),Moved,1,20/12/2024 12:21:13:834
dogpaddle-new-realtime-with-innertia,0,(512.50, 380.00),(3.75, -25.00),Moved,1,20/12/2024 12:21:13:847
dogpaddle-new-realtime-with-innertia,0,(516.25, 355.00),(3.75, -25.00),Moved,1,20/12/2024 12:21:13:856
dogpaddle-new-realtime-with-innertia,0,(518.75, 328.75),(2.50, -26.25),Moved,1,20/12/2024 12:21:13:867
dogpaddle-new-realtime-with-innertia,0,(522.50, 303.75),(3.75, -25.00),Moved,1,20/12/2024 12:21:13:879
dogpaddle-new-realtime-with-innertia,0,(527.50, 255.00),(5.00, -48.75),Moved,1,20/12/2024 12:21:13:892
dogpaddle-new-realtime-with-innertia,0,(530.00, 231.25),(2.50, -23.75),Moved,1,20/12/2024 12:21:13:906
dogpaddle-new-realtime-with-innertia,0,(532.50, 208.75),(2.50, -22.50),Moved,1,20/12/2024 12:21:13:917
dogpaddle-new-realtime-with-innertia,0,(538.75, 163.75),(6.25, -45.00),Moved,1,20/12/2024 12:21:13:932
dogpaddle-new-realtime-with-innertia,0,(542.50, 140.00),(3.75, -23.75),Moved,1,20/12/2024 12:21:13:941
dogpaddle-new-realtime-with-innertia,0,(547.50, 93.75),(5.00, -46.25),Moved,1,20/12/2024 12:21:13:963
dogpaddle-new-realtime-with-innertia,0,(550.00, 71.25),(2.50, -22.50),Moved,1,20/12/2024 12:21:13:974
dogpaddle-new-realtime-with-innertia,0,(551.25, 48.75),(1.25, -22.50),Moved,1,20/12/2024 12:21:13:987
dogpaddle-new-realtime-with-innertia,0,(551.25, 25.00),(0.00, -23.75),Moved,1,20/12/2024 12:21:13:999
dogpaddle-new-realtime-with-innertia,0,(551.25, -21.25),(0.00, -46.25),Moved,1,20/12/2024 12:21:14:012
dogpaddle-new-realtime-with-innertia,0,(551.25, -21.25),(0.00, 0.00),Ended,1,20/12/2024 12:21:14:027
dogpaddle-new-realtime-with-innertia,0,(385.00, 520.00),(0.00, 0.00),Began,1,20/12/2024 12:21:14:943
dogpaddle-new-realtime-with-innertia,0,(385.00, 520.00),(0.00, 0.00),Moved,1,20/12/2024 12:21:14:956
dogpaddle-new-realtime-with-innertia,2,(575.00, 575.00),(0.00, 0.00),Began,1,20/12/2024 12:21:15:699
dogpaddle-new-realtime-with-innertia,2,(573.75, 568.75),(-1.25, -6.25),Moved,1,20/12/2024 12:21:15:711
dogpaddle-new-realtime-with-innertia,2,(570.00, 543.75),(-3.75, -25.00),Moved,1,20/12/2024 12:21:15:732
dogpaddle-new-realtime-with-innertia,2,(565.00, 508.75),(-5.00, -35.00),Moved,1,20/12/2024 12:21:15:750
dogpaddle-new-realtime-with-innertia,2,(562.50, 490.00),(-2.50, -18.75),Moved,1,20/12/2024 12:21:15:766
dogpaddle-new-realtime-with-innertia,2,(553.75, 448.75),(-8.75, -41.25),Moved,1,20/12/2024 12:21:15:779
dogpaddle-new-realtime-with-innertia,2,(548.75, 426.25),(-5.00, -22.50),Moved,1,20/12/2024 12:21:15:788
dogpaddle-new-realtime-with-innertia,2,(542.50, 403.75),(-6.25, -22.50),Moved,1,20/12/2024 12:21:15:801
dogpaddle-new-realtime-with-innertia,2,(536.25, 378.75),(-6.25, -25.00),Moved,1,20/12/2024 12:21:15:813
dogpaddle-new-realtime-with-innertia,2,(527.50, 355.00),(-8.75, -23.75),Moved,1,20/12/2024 12:21:15:824
dogpaddle-new-realtime-with-innertia,2,(512.50, 308.75),(-15.00, -46.25),Moved,1,20/12/2024 12:21:15:840
dogpaddle-new-realtime-with-innertia,2,(497.50, 262.50),(-15.00, -46.25),Moved,1,20/12/2024 12:21:15:858
dogpaddle-new-realtime-with-innertia,2,(490.00, 241.25),(-7.50, -21.25),Moved,1,20/12/2024 12:21:15:867
dogpaddle-new-realtime-with-innertia,2,(482.50, 218.75),(-7.50, -22.50),Moved,1,20/12/2024 12:21:15:880
dogpaddle-new-realtime-with-innertia,2,(476.25, 198.75),(-6.25, -20.00),Moved,1,20/12/2024 12:21:15:893
dogpaddle-new-realtime-with-innertia,2,(470.00, 178.75),(-6.25, -20.00),Moved,1,20/12/2024 12:21:15:903
dogpaddle-new-realtime-with-innertia,2,(457.50, 138.75),(-12.50, -40.00),Moved,1,20/12/2024 12:21:15:918
dogpaddle-new-realtime-with-innertia,2,(451.25, 118.75),(-6.25, -20.00),Moved,1,20/12/2024 12:21:15:927
dogpaddle-new-realtime-with-innertia,2,(445.00, 98.75),(-6.25, -20.00),Moved,1,20/12/2024 12:21:15:939
dogpaddle-new-realtime-with-innertia,2,(440.00, 81.25),(-5.00, -17.50),Moved,1,20/12/2024 12:21:15:955
dogpaddle-new-realtime-with-innertia,2,(430.00, 46.25),(-10.00, -35.00),Moved,1,20/12/2024 12:21:15:968
dogpaddle-new-realtime-with-innertia,2,(426.25, 28.75),(-3.75, -17.50),Moved,1,20/12/2024 12:21:15:978
dogpaddle-new-realtime-with-innertia,2,(422.50, 13.75),(-3.75, -15.00),Moved,1,20/12/2024 12:21:15:990
dogpaddle-new-realtime-with-innertia,2,(417.50, -2.50),(-5.00, -16.25),Moved,1,20/12/2024 12:21:16:001
dogpaddle-new-realtime-with-innertia,2,(412.50, -17.50),(-5.00, -15.00),Moved,1,20/12/2024 12:21:16:011
dogpaddle-new-realtime-with-innertia,2,(407.50, -31.25),(-5.00, -13.75),Ended,1,20/12/2024 12:21:16:028
dogpaddle-new-realtime-with-innertia,0,(551.25, 631.25),(0.00, 0.00),Began,1,20/12/2024 12:21:16:579
dogpaddle-new-realtime-with-innertia,0,(551.25, 622.50),(0.00, -8.75),Moved,1,20/12/2024 12:21:16:588
dogpaddle-new-realtime-with-innertia,0,(551.25, 591.25),(0.00, -31.25),Moved,1,20/12/2024 12:21:16:612
dogpaddle-new-realtime-with-innertia,0,(556.25, 527.50),(5.00, -63.75),Moved,1,20/12/2024 12:21:16:636
dogpaddle-new-realtime-with-innertia,0,(558.75, 503.75),(2.50, -23.75),Moved,1,20/12/2024 12:21:16:648
dogpaddle-new-realtime-with-innertia,0,(562.50, 452.50),(3.75, -51.25),Moved,1,20/12/2024 12:21:16:664
dogpaddle-new-realtime-with-innertia,0,(563.75, 423.75),(1.25, -28.75),Moved,1,20/12/2024 12:21:16:672
dogpaddle-new-realtime-with-innertia,0,(563.75, 397.50),(0.00, -26.25),Moved,1,20/12/2024 12:21:16:683
dogpaddle-new-realtime-with-innertia,0,(562.50, 368.75),(-1.25, -28.75),Moved,1,20/12/2024 12:21:16:695
dogpaddle-new-realtime-with-innertia,0,(562.50, 341.25),(0.00, -27.50),Moved,1,20/12/2024 12:21:16:705
dogpaddle-new-realtime-with-innertia,0,(561.25, 313.75),(-1.25, -27.50),Moved,1,20/12/2024 12:21:16:718
dogpaddle-new-realtime-with-innertia,0,(557.50, 263.75),(-3.75, -50.00),Moved,1,20/12/2024 12:21:16:733
dogpaddle-new-realtime-with-innertia,0,(555.00, 240.00),(-2.50, -23.75),Moved,1,20/12/2024 12:21:16:742
dogpaddle-new-realtime-with-innertia,0,(553.75, 216.25),(-1.25, -23.75),Moved,1,20/12/2024 12:21:16:756
dogpaddle-new-realtime-with-innertia,0,(552.50, 192.50),(-1.25, -23.75),Moved,1,20/12/2024 12:21:16:769
dogpaddle-new-realtime-with-innertia,0,(551.25, 143.75),(-1.25, -48.75),Moved,1,20/12/2024 12:21:16:784
dogpaddle-new-realtime-with-innertia,0,(551.25, 120.00),(0.00, -23.75),Moved,1,20/12/2024 12:21:16:791
dogpaddle-new-realtime-with-innertia,0,(551.25, 97.50),(0.00, -22.50),Moved,1,20/12/2024 12:21:16:802
dogpaddle-new-realtime-with-innertia,0,(551.25, 76.25),(0.00, -21.25),Moved,1,20/12/2024 12:21:16:813
dogpaddle-new-realtime-with-innertia,0,(552.50, 58.75),(1.25, -17.50),Moved,1,20/12/2024 12:21:16:825
dogpaddle-new-realtime-with-innertia,0,(552.50, 58.75),(0.00, 0.00),Ended,1,20/12/2024 12:21:16:837
dogpaddle-new-realtime-with-innertia,0,(730.00, 465.00),(0.00, 0.00),Began,1,20/12/2024 12:21:17:287
dogpaddle-new-realtime-with-innertia,0,(675.00, 483.75),(0.00, 0.00),Ended,1,20/12/2024 12:21:17:589
dogpaddle-new-realtime-with-innertia,2,(536.25, 593.75),(0.00, 0.00),Began,1,20/12/2024 12:21:17:863
dogpaddle-new-realtime-with-innertia,2,(537.50, 588.75),(1.25, -5.00),Moved,1,20/12/2024 12:21:17:873
dogpaddle-new-realtime-with-innertia,2,(538.75, 580.00),(1.25, -8.75),Moved,1,20/12/2024 12:21:17:880
dogpaddle-new-realtime-with-innertia,2,(542.50, 568.75),(3.75, -11.25),Moved,1,20/12/2024 12:21:17:900
dogpaddle-new-realtime-with-innertia,2,(548.75, 541.25),(6.25, -27.50),Moved,1,20/12/2024 12:21:17:915
dogpaddle-new-realtime-with-innertia,2,(552.50, 526.25),(3.75, -15.00),Moved,1,20/12/2024 12:21:17:929
dogpaddle-new-realtime-with-innertia,2,(562.50, 495.00),(10.00, -31.25),Moved,1,20/12/2024 12:21:17:943
dogpaddle-new-realtime-with-innertia,2,(566.25, 478.75),(3.75, -16.25),Moved,1,20/12/2024 12:21:17:955
dogpaddle-new-realtime-with-innertia,2,(573.75, 441.25),(7.50, -37.50),Moved,1,20/12/2024 12:21:17:975
dogpaddle-new-realtime-with-innertia,2,(577.50, 422.50),(3.75, -18.75),Moved,1,20/12/2024 12:21:17:989
dogpaddle-new-realtime-with-innertia,2,(580.00, 383.75),(2.50, -38.75),Moved,1,20/12/2024 12:21:18:003
dogpaddle-new-realtime-with-innertia,2,(581.25, 363.75),(1.25, -20.00),Moved,1,20/12/2024 12:21:18:011
dogpaddle-new-realtime-with-innertia,2,(581.25, 343.75),(0.00, -20.00),Moved,1,20/12/2024 12:21:18:024
dogpaddle-new-realtime-with-innertia,2,(581.25, 325.00),(0.00, -18.75),Moved,1,20/12/2024 12:21:18:035
dogpaddle-new-realtime-with-innertia,2,(581.25, 303.75),(0.00, -21.25),Moved,1,20/12/2024 12:21:18:049
dogpaddle-new-realtime-with-innertia,2,(581.25, 283.75),(0.00, -20.00),Moved,1,20/12/2024 12:21:18:058
dogpaddle-new-realtime-with-innertia,2,(582.50, 262.50),(1.25, -21.25),Moved,1,20/12/2024 12:21:18:068
dogpaddle-new-realtime-with-innertia,2,(585.00, 218.75),(2.50, -43.75),Moved,1,20/12/2024 12:21:18:086
dogpaddle-new-realtime-with-innertia,2,(587.50, 197.50),(2.50, -21.25),Moved,1,20/12/2024 12:21:18:098
dogpaddle-new-realtime-with-innertia,2,(590.00, 176.25),(2.50, -21.25),Moved,1,20/12/2024 12:21:18:109
dogpaddle-new-realtime-with-innertia,2,(592.50, 155.00),(2.50, -21.25),Moved,1,20/12/2024 12:21:18:122
dogpaddle-new-realtime-with-innertia,2,(597.50, 115.00),(5.00, -40.00),Moved,1,20/12/2024 12:21:18:135
dogpaddle-new-realtime-with-innertia,2,(601.25, 95.00),(3.75, -20.00),Moved,1,20/12/2024 12:21:18:148
dogpaddle-new-realtime-with-innertia,2,(607.50, 57.50),(6.25, -37.50),Moved,1,20/12/2024 12:21:18:163
dogpaddle-new-realtime-with-innertia,2,(608.75, 38.75),(1.25, -18.75),Moved,1,20/12/2024 12:21:18:174
dogpaddle-new-realtime-with-innertia,2,(610.00, 22.50),(1.25, -16.25),Moved,1,20/12/2024 12:21:18:185
dogpaddle-new-realtime-with-innertia,2,(610.00, 22.50),(0.00, 0.00),Ended,1,20/12/2024 12:21:18:197
dogpaddle-new-realtime-with-innertia,0,(437.50, 583.75),(0.00, 0.00),Began,1,20/12/2024 12:21:18:657
dogpaddle-new-realtime-with-innertia,0,(443.75, 565.00),(6.25, -18.75),Moved,1,20/12/2024 12:21:18:676
dogpaddle-new-realtime-with-innertia,0,(455.00, 533.75),(11.25, -31.25),Moved,1,20/12/2024 12:21:18:691
dogpaddle-new-realtime-with-innertia,0,(467.50, 498.75),(12.50, -35.00),Moved,1,20/12/2024 12:21:18:711
dogpaddle-new-realtime-with-innertia,0,(472.50, 482.50),(5.00, -16.25),Moved,1,20/12/2024 12:21:18:722
dogpaddle-new-realtime-with-innertia,0,(480.00, 463.75),(7.50, -18.75),Moved,1,20/12/2024 12:21:18:734
dogpaddle-new-realtime-with-innertia,0,(492.50, 423.75),(12.50, -40.00),Moved,1,20/12/2024 12:21:18:748
dogpaddle-new-realtime-with-innertia,0,(497.50, 402.50),(5.00, -21.25),Moved,1,20/12/2024 12:21:18:756
dogpaddle-new-realtime-with-innertia,0,(503.75, 378.75),(6.25, -23.75),Moved,1,20/12/2024 12:21:18:768
dogpaddle-new-realtime-with-innertia,0,(510.00, 356.25),(6.25, -22.50),Moved,1,20/12/2024 12:21:18:778
dogpaddle-new-realtime-with-innertia,0,(517.50, 332.50),(7.50, -23.75),Moved,1,20/12/2024 12:21:18:794
dogpaddle-new-realtime-with-innertia,0,(522.50, 308.75),(5.00, -23.75),Moved,1,20/12/2024 12:21:18:803
dogpaddle-new-realtime-with-innertia,0,(536.25, 263.75),(13.75, -45.00),Moved,1,20/12/2024 12:21:18:819
dogpaddle-new-realtime-with-innertia,0,(542.50, 241.25),(6.25, -22.50),Moved,1,20/12/2024 12:21:18:828
dogpaddle-new-realtime-with-innertia,0,(548.75, 218.75),(6.25, -22.50),Moved,1,20/12/2024 12:21:18:840
dogpaddle-new-realtime-with-innertia,0,(556.25, 195.00),(7.50, -23.75),Moved,1,20/12/2024 12:21:18:852
dogpaddle-new-realtime-with-innertia,0,(562.50, 171.25),(6.25, -23.75),Moved,1,20/12/2024 12:21:18:863
dogpaddle-new-realtime-with-innertia,0,(576.25, 122.50),(13.75, -48.75),Moved,1,20/12/2024 12:21:18:878
dogpaddle-new-realtime-with-innertia,0,(582.50, 93.75),(6.25, -28.75),Moved,1,20/12/2024 12:21:18:890
dogpaddle-new-realtime-with-innertia,0,(590.00, 65.00),(7.50, -28.75),Moved,1,20/12/2024 12:21:18:900
dogpaddle-new-realtime-with-innertia,0,(590.00, 65.00),(0.00, 0.00),Ended,1,20/12/2024 12:21:18:911
