Timestamp,EventType,Touch_X,Touch_Y,Pos_X,Pos_Y,Pos_Z
07/02/2025 15:14:23:885,Began,553.75,410.5,0.00,1.00,0.00
07/02/2025 15:14:23:885,Began,553.75,410.50,0.00,1.00,0.00
07/02/2025 15:14:23:903,Moved,551.25,249.25,0.00,1.00,0.00
07/02/2025 15:14:23:903,Moved,551.25,249.25,0.00,1.00,0.17
07/02/2025 15:14:23:916,Moved,551.25,239.25,0.00,1.00,0.17
07/02/2025 15:14:23:916,Moved,551.25,239.25,0.00,1.00,0.25
07/02/2025 15:14:23:933,Moved,551.25,224.25,0.00,1.00,0.25
07/02/2025 15:14:23:933,Moved,551.25,224.25,0.00,1.00,0.45
07/02/2025 15:14:23:952,Moved,551.25,210.5,0.00,1.00,0.45
07/02/2025 15:14:23:952,Moved,551.25,210.50,0.00,1.00,0.63
07/02/2025 15:14:23:956,Stationary,551.25,210.5,0.00,1.00,0.63
07/02/2025 15:14:23:980,Moved,551.25,199.25,0.00,1.00,0.63
07/02/2025 15:14:23:980,Moved,551.25,199.25,0.00,1.00,0.87
07/02/2025 15:14:24:005,Moved,548.75,183,0.00,1.00,0.87
07/02/2025 15:14:24:005,Moved,548.75,183.00,0.00,1.00,1.16
07/02/2025 15:14:24:018,Moved,547.5,176.75,0.00,1.00,1.16
07/02/2025 15:14:24:018,Moved,547.50,176.75,0.00,1.00,1.32
07/02/2025 15:14:24:034,Moved,547.5,165.5,0.00,1.00,1.32
07/02/2025 15:14:24:034,Moved,547.50,165.50,0.00,1.00,1.50
07/02/2025 15:14:24:066,Moved,546.25,153,0.00,1.00,1.50
07/02/2025 15:14:24:066,Moved,546.25,153.00,0.00,1.00,1.92
07/02/2025 15:14:24:076,Moved,545,149.25,0.00,1.00,1.92
07/02/2025 15:14:24:076,Moved,545.00,149.25,0.00,1.00,2.05
07/02/2025 15:14:24:095,Moved,545,143,0.00,1.00,2.05
07/02/2025 15:14:24:095,Moved,545.00,143.00,0.00,1.00,2.32
07/02/2025 15:14:24:104,Moved,543.75,139.25,0.00,1.00,2.32
07/02/2025 15:14:24:104,Moved,543.75,139.25,0.00,1.00,2.43
07/02/2025 15:14:24:124,Moved,543.75,134.25,0.00,1.00,2.43
07/02/2025 15:14:24:124,Moved,543.75,134.25,0.00,1.00,2.71
07/02/2025 15:14:24:131,Moved,542.5,130.5,0.00,1.00,2.71
07/02/2025 15:14:24:131,Moved,542.50,130.50,0.00,1.00,2.81
07/02/2025 15:14:24:143,Moved,542.5,126.75,0.00,1.00,2.81
07/02/2025 15:14:24:143,Moved,542.50,126.75,0.00,1.00,2.99
07/02/2025 15:14:24:165,Moved,542.5,120.5,0.00,1.00,2.99
07/02/2025 15:14:24:165,Moved,542.50,120.50,0.00,1.00,3.28
07/02/2025 15:14:24:178,Moved,542.5,118,0.00,1.00,3.28
07/02/2025 15:14:24:178,Moved,542.50,118.00,0.00,1.00,3.44
07/02/2025 15:14:24:198,Moved,542.5,110.5,0.00,1.00,3.44
07/02/2025 15:14:24:198,Moved,542.50,110.50,0.00,1.00,3.80
07/02/2025 15:14:24:206,Stationary,542.5,110.5,0.00,1.00,3.80
07/02/2025 15:14:24:221,Moved,542.5,105.5,0.00,1.00,3.80
07/02/2025 15:14:24:221,Moved,542.50,105.50,0.00,1.00,4.05
07/02/2025 15:14:24:237,Moved,542.5,103,0.00,1.00,4.05
07/02/2025 15:14:24:237,Moved,542.50,103.00,0.00,1.00,4.29
07/02/2025 15:14:24:249,Moved,542.5,99.25002,0.00,1.00,4.29
07/02/2025 15:14:24:249,Moved,542.50,99.25,0.00,1.00,4.48
07/02/2025 15:14:24:264,Moved,541.25,90.50002,0.00,1.00,4.48
07/02/2025 15:14:24:264,Moved,541.25,90.50,0.00,1.00,4.73
07/02/2025 15:14:24:275,Moved,541.25,86.75002,0.00,1.00,4.73
07/02/2025 15:14:24:275,Moved,541.25,86.75,0.00,1.00,4.87
07/02/2025 15:14:24:288,Moved,541.25,81.75002,0.00,1.00,4.87
07/02/2025 15:14:24:288,Moved,541.25,81.75,0.00,1.00,5.10
07/02/2025 15:14:24:302,Moved,540,74.25002,0.00,1.00,5.10
07/02/2025 15:14:24:302,Moved,540.00,74.25,0.00,1.00,5.35
07/02/2025 15:14:24:312,Moved,540,70.50002,0.00,1.00,5.35
07/02/2025 15:14:24:312,Moved,540.00,70.50,0.00,1.00,5.51
07/02/2025 15:14:24:323,Moved,540,66.75002,0.00,1.00,5.51
07/02/2025 15:14:24:323,Moved,540.00,66.75,0.00,1.00,5.71
07/02/2025 15:14:24:339,Moved,541.25,64.25002,0.00,1.00,5.71
07/02/2025 15:14:24:339,Moved,541.25,64.25,0.00,1.00,5.97
07/02/2025 15:14:24:353,Moved,541.25,55.50002,0.00,1.00,5.97
07/02/2025 15:14:24:353,Moved,541.25,55.50,0.00,1.00,6.23
07/02/2025 15:14:24:368,Moved,542.5,49.25002,0.00,1.00,6.23
07/02/2025 15:14:24:368,Moved,542.50,49.25,0.00,1.00,6.51
07/02/2025 15:14:24:374,Stationary,542.5,49.25002,0.00,1.00,6.51
07/02/2025 15:14:24:395,Moved,542.5,41.75002,0.00,1.00,6.51
07/02/2025 15:14:24:395,Moved,542.50,41.75,0.00,1.00,6.90
07/02/2025 15:14:24:411,Moved,542.5,35.50002,0.00,1.00,6.90
07/02/2025 15:14:24:411,Moved,542.50,35.50,0.00,1.00,7.20
07/02/2025 15:14:24:414,Stationary,542.5,35.50002,0.00,1.00,7.20
07/02/2025 15:14:24:430,Moved,543.75,30.50002,0.00,1.00,7.20
07/02/2025 15:14:24:430,Moved,543.75,30.50,0.00,1.00,7.50
07/02/2025 15:14:24:439,Moved,543.75,29.25002,0.00,1.00,7.50
07/02/2025 15:14:24:439,Moved,543.75,29.25,0.00,1.00,7.71
07/02/2025 15:14:24:454,Moved,543.75,26.75002,0.00,1.00,7.71
07/02/2025 15:14:24:454,Moved,543.75,26.75,0.00,1.00,7.96
07/02/2025 15:14:24:463,Moved,543.75,24.25002,0.00,1.00,7.96
07/02/2025 15:14:24:463,Moved,543.75,24.25,0.00,1.00,8.14
07/02/2025 15:14:24:474,Moved,545,23.00002,0.00,1.00,8.14
07/02/2025 15:14:24:474,Moved,545.00,23.00,0.00,1.00,8.36
07/02/2025 15:14:24:489,Moved,545,20.50002,0.00,1.00,8.36
07/02/2025 15:14:24:489,Moved,545.00,20.50,0.00,1.00,8.64
07/02/2025 15:14:24:499,Moved,547.5,18.00002,0.00,1.00,8.64
07/02/2025 15:14:24:499,Moved,547.50,18.00,0.00,1.00,8.84
07/02/2025 15:14:24:503,Stationary,547.5,18.00002,0.00,1.00,8.84
07/02/2025 15:14:24:522,Moved,552.5,15.50002,0.00,1.00,8.84
07/02/2025 15:14:24:522,Moved,552.50,15.50,0.00,1.00,9.21
07/02/2025 15:14:24:529,Moved,553.75,14.25002,0.00,1.00,9.21
07/02/2025 15:14:24:529,Moved,553.75,14.25,0.00,1.00,9.36
07/02/2025 15:14:24:543,Moved,556.25,14.25002,0.00,1.00,9.36
07/02/2025 15:14:24:543,Moved,556.25,14.25,0.00,1.00,9.62
07/02/2025 15:14:24:553,Moved,558.75,13.00002,0.00,1.00,9.62
07/02/2025 15:14:24:553,Moved,558.75,13.00,0.00,1.00,9.82
07/02/2025 15:14:24:562,Moved,560,11.75002,0.00,1.00,9.82
07/02/2025 15:14:24:562,Moved,560.00,11.75,0.00,1.00,10.02
07/02/2025 15:14:24:580,Moved,562.5,9.250016,0.00,1.00,10.02
07/02/2025 15:14:24:580,Moved,562.50,9.25,0.00,1.00,10.37
07/02/2025 15:14:24:587,Moved,562.5,8.000016,0.00,1.00,10.37
07/02/2025 15:14:24:587,Moved,562.50,8.00,0.00,1.00,10.52
07/02/2025 15:14:24:599,Moved,562.5,6.750016,0.00,1.00,10.52
07/02/2025 15:14:24:599,Moved,562.50,6.75,0.00,1.00,10.74
07/02/2025 15:14:24:609,Moved,561.25,4.250016,0.00,1.00,10.74
07/02/2025 15:14:24:609,Moved,561.25,4.25,0.00,1.00,10.98
07/02/2025 15:14:24:690,Ended,561.25,4.250016,0.00,1.00,10.98
07/02/2025 15:14:24:690,Ended,561.25,4.25,0.00,1.00,10.98
07/02/2025 15:14:25:305,Began,545,375.5,0.00,1.00,10.98
07/02/2025 15:14:25:305,Began,545.00,375.50,0.00,1.00,10.98
07/02/2025 15:14:25:369,Moved,545,375.5,0.00,1.00,10.98
07/02/2025 15:14:25:369,Moved,545.00,375.50,0.00,1.00,10.98
07/02/2025 15:14:26:855,Began,617.5,329.25,0.00,1.00,10.98
07/02/2025 15:14:26:855,Began,617.50,329.25,0.00,1.00,10.98
07/02/2025 15:14:26:878,Moved,617.5,328,0.00,1.00,10.98
07/02/2025 15:14:26:878,Moved,617.50,328.00,0.00,1.00,10.98
07/02/2025 15:14:26:898,Moved,616.25,319.25,0.00,1.00,10.98
07/02/2025 15:14:26:898,Moved,616.25,319.25,0.01,1.00,10.99
07/02/2025 15:14:26:926,Moved,605,291.75,0.01,1.00,10.99
07/02/2025 15:14:26:926,Moved,605.00,291.75,0.03,1.00,11.03
07/02/2025 15:14:26:934,Moved,600,283,0.03,1.00,11.03
07/02/2025 15:14:26:934,Moved,600.00,283.00,0.04,1.00,11.05
07/02/2025 15:14:26:951,Moved,590,264.25,0.04,1.00,11.05
07/02/2025 15:14:26:951,Moved,590.00,264.25,0.07,1.00,11.10
07/02/2025 15:14:26:961,Moved,585,255.5,0.07,1.00,11.10
07/02/2025 15:14:26:961,Moved,585.00,255.50,0.09,1.00,11.13
07/02/2025 15:14:26:976,Moved,581.25,249.25,0.09,1.00,11.13
07/02/2025 15:14:26:976,Moved,581.25,249.25,0.11,1.00,11.17
07/02/2025 15:14:26:984,Moved,577.5,240.5,0.11,1.00,11.17
07/02/2025 15:14:26:984,Moved,577.50,240.50,0.14,1.00,11.21
07/02/2025 15:14:26:996,Moved,572.5,234.25,0.14,1.00,11.21
07/02/2025 15:14:26:996,Moved,572.50,234.25,0.16,1.00,11.25
07/02/2025 15:14:27:004,Moved,568.75,226.75,0.16,1.00,11.25
07/02/2025 15:14:27:004,Moved,568.75,226.75,0.19,1.00,11.29
07/02/2025 15:14:27:015,Moved,565,219.25,0.19,1.00,11.29
07/02/2025 15:14:27:015,Moved,565.00,219.25,0.22,1.00,11.34
07/02/2025 15:14:27:028,Moved,562.5,214.25,0.22,1.00,11.34
07/02/2025 15:14:27:028,Moved,562.50,214.25,0.25,1.00,11.40
07/02/2025 15:14:27:041,Moved,556.25,204.25,0.25,1.00,11.40
07/02/2025 15:14:27:041,Moved,556.25,204.25,0.30,1.00,11.49
07/02/2025 15:14:27:045,Stationary,556.25,204.25,0.30,1.00,11.49
07/02/2025 15:14:27:061,Moved,551.25,194.25,0.30,1.00,11.49
07/02/2025 15:14:27:061,Moved,551.25,194.25,0.35,1.00,11.57
07/02/2025 15:14:27:073,Moved,547.5,190.5,0.35,1.00,11.57
07/02/2025 15:14:27:073,Moved,547.50,190.50,0.40,1.00,11.66
07/02/2025 15:14:27:083,Moved,546.25,186.75,0.40,1.00,11.66
07/02/2025 15:14:27:083,Moved,546.25,186.75,0.43,1.00,11.71
07/02/2025 15:14:27:145,Moved,533.75,164.25,0.43,1.00,11.71
07/02/2025 15:14:27:145,Moved,533.75,164.25,0.69,1.00,12.15
07/02/2025 15:14:27:174,Moved,528.75,150.5,0.69,1.00,12.15
07/02/2025 15:14:27:174,Moved,528.75,150.50,0.82,1.00,12.37
07/02/2025 15:14:27:197,Moved,526.25,143,0.82,1.00,12.37
07/02/2025 15:14:27:197,Moved,526.25,143.00,0.92,1.00,12.55
07/02/2025 15:14:27:216,Moved,522.5,134.25,0.92,1.00,12.55
07/02/2025 15:14:27:216,Moved,522.50,134.25,1.02,1.00,12.71
07/02/2025 15:14:27:243,Moved,518.75,121.75,1.02,1.00,12.71
07/02/2025 15:14:27:243,Moved,518.75,121.75,1.16,1.00,12.96
07/02/2025 15:14:27:268,Moved,517.5,114.25,1.16,1.00,12.96
07/02/2025 15:14:27:268,Moved,517.50,114.25,1.30,1.00,13.19
07/02/2025 15:14:27:296,Moved,513.75,105.5,1.30,1.00,13.19
07/02/2025 15:14:27:296,Moved,513.75,105.50,1.45,1.00,13.46
07/02/2025 15:14:27:313,Moved,512.5,99.25002,1.45,1.00,13.46
07/02/2025 15:14:27:313,Moved,512.50,99.25,1.56,1.00,13.64
07/02/2025 15:14:27:341,Moved,510,89.25002,1.56,1.00,13.64
07/02/2025 15:14:27:341,Moved,510.00,89.25,1.73,1.00,13.92
07/02/2025 15:14:27:367,Moved,507.5,83.00002,1.73,1.00,13.92
07/02/2025 15:14:27:367,Moved,507.50,83.00,1.89,1.00,14.19
07/02/2025 15:14:27:385,Moved,506.25,74.25002,1.89,1.00,14.19
07/02/2025 15:14:27:385,Moved,506.25,74.25,2.01,1.00,14.40
07/02/2025 15:14:27:404,Moved,502.5,68.00002,2.01,1.00,14.40
07/02/2025 15:14:27:404,Moved,502.50,68.00,2.13,1.00,14.62
07/02/2025 15:14:27:431,Moved,498.75,59.25002,2.13,1.00,14.62
07/02/2025 15:14:27:431,Moved,498.75,59.25,2.32,1.00,14.93
07/02/2025 15:14:27:440,Moved,497.5,55.50002,2.32,1.00,14.93
07/02/2025 15:14:27:440,Moved,497.50,55.50,2.38,1.00,15.04
07/02/2025 15:14:27:451,Moved,497.5,54.25002,2.38,1.00,15.04
07/02/2025 15:14:27:451,Moved,497.50,54.25,2.45,1.00,15.15
07/02/2025 15:14:27:463,Moved,496.25,51.75002,2.45,1.00,15.15
07/02/2025 15:14:27:463,Moved,496.25,51.75,2.55,1.00,15.32
07/02/2025 15:14:27:471,Moved,495,49.25002,2.55,1.00,15.32
07/02/2025 15:14:27:471,Moved,495.00,49.25,2.60,1.00,15.41
07/02/2025 15:14:27:484,Moved,493.75,46.75002,2.60,1.00,15.41
07/02/2025 15:14:27:484,Moved,493.75,46.75,2.68,1.00,15.54
07/02/2025 15:14:27:492,Moved,492.5,44.25002,2.68,1.00,15.54
07/02/2025 15:14:27:492,Moved,492.50,44.25,2.75,1.00,15.66
07/02/2025 15:14:27:502,Moved,492.5,41.75002,2.75,1.00,15.66
07/02/2025 15:14:27:502,Moved,492.50,41.75,2.82,1.00,15.79
07/02/2025 15:14:27:514,Moved,490,39.25002,2.82,1.00,15.79
07/02/2025 15:14:27:514,Moved,490.00,39.25,2.91,1.00,15.94
07/02/2025 15:14:27:526,Moved,488.75,36.75002,2.91,1.00,15.94
07/02/2025 15:14:27:526,Moved,488.75,36.75,2.99,1.00,16.08
07/02/2025 15:14:27:534,Moved,487.5,34.25002,2.99,1.00,16.08
07/02/2025 15:14:27:534,Moved,487.50,34.25,3.06,1.00,16.20
07/02/2025 15:14:27:545,Moved,487.5,31.75002,3.06,1.00,16.20
07/02/2025 15:14:27:545,Moved,487.50,31.75,3.14,1.00,16.33
07/02/2025 15:14:27:557,Moved,485,28.00002,3.14,1.00,16.33
07/02/2025 15:14:27:557,Moved,485.00,28.00,3.23,1.00,16.49
07/02/2025 15:14:27:562,Stationary,485,28.00002,3.23,1.00,16.49
07/02/2025 15:14:27:576,Moved,482.5,23.00002,3.23,1.00,16.49
07/02/2025 15:14:27:576,Moved,482.50,23.00,3.35,1.00,16.68
07/02/2025 15:14:27:590,Moved,481.25,19.25002,3.35,1.00,16.68
07/02/2025 15:14:27:590,Moved,481.25,19.25,3.45,1.00,16.87
07/02/2025 15:14:27:598,Moved,480,16.75002,3.45,1.00,16.87
07/02/2025 15:14:27:598,Moved,480.00,16.75,3.51,1.00,16.97
07/02/2025 15:14:27:611,Moved,478.75,14.25002,3.51,1.00,16.97
07/02/2025 15:14:27:611,Moved,478.75,14.25,3.62,1.00,17.14
07/02/2025 15:14:27:620,Moved,477.5,9.250016,3.62,1.00,17.14
07/02/2025 15:14:27:620,Moved,477.50,9.25,3.70,1.00,17.28
07/02/2025 15:14:27:634,Moved,476.25,5.500016,3.70,1.00,17.28
07/02/2025 15:14:27:634,Moved,476.25,5.50,3.81,1.00,17.47
07/02/2025 15:14:27:644,Moved,473.75,1.750016,3.81,1.00,17.47
07/02/2025 15:14:27:644,Moved,473.75,1.75,3.88,1.00,17.60
07/02/2025 15:14:27:655,Moved,472.5,-1.999984,3.88,1.00,17.60
07/02/2025 15:14:27:655,Moved,472.50,-2.00,3.99,1.00,17.78
07/02/2025 15:14:27:671,Moved,468.75,-10.74998,3.99,1.00,17.78
07/02/2025 15:14:27:671,Moved,468.75,-10.75,4.12,1.00,18.01
07/02/2025 15:14:27:677,Moved,467.5,-11.99998,4.12,1.00,18.01
07/02/2025 15:14:27:677,Moved,467.50,-12.00,4.18,1.00,18.10
07/02/2025 15:14:27:689,Moved,466.25,-15.74998,4.18,1.00,18.10
07/02/2025 15:14:27:689,Moved,466.25,-15.75,4.27,1.00,18.26
07/02/2025 15:14:27:697,Moved,465,-16.99998,4.27,1.00,18.26
07/02/2025 15:14:27:697,Moved,465.00,-17.00,4.35,1.00,18.39
07/02/2025 15:14:27:711,Ended,465,-16.99998,4.35,1.00,18.39
07/02/2025 15:14:27:711,Ended,465.00,-17.00,4.35,1.00,18.39
07/02/2025 15:56:38:565,Began,560,623,0.00,1.00,0.00
07/02/2025 15:56:38:565,Began,560.00,623.00,0.00,1.00,0.00
07/02/2025 15:56:38:590,Moved,561.25,616.75,0.00,1.00,0.00
07/02/2025 15:56:38:590,Moved,561.25,616.75,0.00,1.00,0.02
07/02/2025 15:56:38:634,Moved,561.25,613,0.00,1.00,0.02
07/02/2025 15:56:38:634,Moved,561.25,613.00,0.00,1.00,0.04
07/02/2025 15:56:38:650,Moved,561.25,609.25,0.00,1.00,0.04
07/02/2025 15:56:38:650,Moved,561.25,609.25,0.00,1.00,0.05
07/02/2025 15:56:38:807,Moved,560,604.25,0.00,1.00,0.05
07/02/2025 15:56:38:807,Moved,560.00,604.25,0.00,1.00,0.20
07/02/2025 15:56:38:855,Moved,550,534.25,0.00,1.00,0.20
07/02/2025 15:56:38:855,Moved,550.00,534.25,0.00,1.00,0.42
07/02/2025 15:56:38:868,Moved,550,529.25,0.00,1.00,0.42
07/02/2025 15:56:38:868,Moved,550.00,529.25,0.00,1.00,0.48
07/02/2025 15:56:38:902,Moved,550,515.5,0.00,1.00,0.48
07/02/2025 15:56:38:902,Moved,550.00,515.50,0.00,1.00,0.67
07/02/2025 15:56:38:943,Moved,550,499.25,0.00,1.00,0.67
07/02/2025 15:56:38:943,Moved,550.00,499.25,0.00,1.00,0.92
07/02/2025 15:56:39:118,Moved,543.75,444.25,0.00,1.00,0.92
07/02/2025 15:56:39:118,Moved,543.75,444.25,0.00,1.00,2.37
07/02/2025 15:56:39:161,Moved,535,394.25,0.00,1.00,2.37
07/02/2025 15:56:39:161,Moved,535.00,394.25,0.00,1.00,3.00
07/02/2025 15:56:39:182,Moved,533.75,388,0.00,1.00,3.00
07/02/2025 15:56:39:182,Moved,533.75,388.00,0.00,1.00,3.26
07/02/2025 15:56:39:218,Moved,532.5,374.25,0.00,1.00,3.26
07/02/2025 15:56:39:218,Moved,532.50,374.25,0.00,1.00,3.70
07/02/2025 15:56:39:240,Moved,532.5,369.25,0.00,1.00,3.70
07/02/2025 15:56:39:240,Moved,532.50,369.25,0.00,1.00,3.97
07/02/2025 15:56:39:260,Moved,531.25,363,0.00,1.00,3.97
07/02/2025 15:56:39:260,Moved,531.25,363.00,0.00,1.00,4.22
07/02/2025 15:56:39:291,Moved,531.25,354.25,0.00,1.00,4.22
07/02/2025 15:56:39:291,Moved,531.25,354.25,0.00,1.00,4.66
07/02/2025 15:56:39:325,Moved,530,344.25,0.00,1.00,4.66
07/02/2025 15:56:39:325,Moved,530.00,344.25,0.00,1.00,5.15
07/02/2025 15:56:39:358,Moved,530,339.25,0.00,1.00,5.15
07/02/2025 15:56:39:358,Moved,530.00,339.25,0.00,1.00,5.59
07/02/2025 15:56:39:383,Moved,530,334.25,0.00,1.00,5.59
07/02/2025 15:56:39:383,Moved,530.00,334.25,0.00,1.00,5.92
07/02/2025 15:56:39:428,Moved,531.25,326.75,0.00,1.00,5.92
07/02/2025 15:56:39:428,Moved,531.25,326.75,0.00,1.00,6.62
07/02/2025 15:56:39:448,Moved,531.25,323,0.00,1.00,6.62
07/02/2025 15:56:39:448,Moved,531.25,323.00,0.00,1.00,6.92
07/02/2025 15:56:39:487,Moved,532.5,316.75,0.00,1.00,6.92
07/02/2025 15:56:39:487,Moved,532.50,316.75,0.00,1.00,7.53
07/02/2025 15:56:39:521,Moved,532.5,311.75,0.00,1.00,7.53
07/02/2025 15:56:39:521,Moved,532.50,311.75,0.00,1.00,8.03
07/02/2025 15:56:39:555,Moved,531.25,305.5,0.00,1.00,8.03
07/02/2025 15:56:39:555,Moved,531.25,305.50,0.00,1.00,8.60
07/02/2025 15:56:39:593,Moved,530,299.25,0.00,1.00,8.60
07/02/2025 15:56:39:593,Moved,530.00,299.25,0.00,1.00,9.20
07/02/2025 15:56:39:605,Moved,528.75,299.25,0.00,1.00,9.20
07/02/2025 15:56:39:605,Moved,528.75,299.25,0.00,1.00,9.43
07/02/2025 15:56:39:642,Moved,527.5,294.25,0.00,1.00,9.43
07/02/2025 15:56:39:642,Moved,527.50,294.25,0.00,1.00,10.01
07/02/2025 15:56:39:674,Moved,527.5,290.5,0.00,1.00,10.01
07/02/2025 15:56:39:674,Moved,527.50,290.50,0.00,1.00,10.54
07/02/2025 15:56:39:699,Moved,526.25,289.25,0.00,1.00,10.54
07/02/2025 15:56:39:699,Moved,526.25,289.25,0.00,1.00,10.97
07/02/2025 15:56:39:731,Moved,526.25,286.75,0.00,1.00,10.97
07/02/2025 15:56:39:731,Moved,526.25,286.75,0.00,1.00,11.48
07/02/2025 15:56:39:751,Moved,526.25,285.5,0.00,1.00,11.48
07/02/2025 15:56:39:751,Moved,526.25,285.50,0.00,1.00,11.85
07/02/2025 15:56:39:786,Moved,525,284.25,0.00,1.00,11.85
07/02/2025 15:56:39:786,Moved,525.00,284.25,0.00,1.00,12.43
07/02/2025 15:56:39:820,Moved,525,283,0.00,1.00,12.43
07/02/2025 15:56:39:820,Moved,525.00,283.00,0.00,1.00,13.01
07/02/2025 15:56:39:836,Stationary,525,283,0.00,1.00,13.01
07/02/2025 15:56:39:875,Moved,525,280.5,0.00,1.00,13.01
07/02/2025 15:56:39:875,Moved,525.00,280.50,0.00,1.00,13.70
07/02/2025 15:56:39:970,Moved,526.25,276.75,0.00,1.00,13.70
07/02/2025 15:56:39:970,Moved,526.25,276.75,0.00,1.00,15.06
07/02/2025 15:56:40:038,Moved,527.5,271.75,0.00,1.00,15.06
07/02/2025 15:56:40:038,Moved,527.50,271.75,0.00,1.00,16.53
07/02/2025 15:56:40:092,Moved,528.75,269.25,0.00,1.00,16.53
07/02/2025 15:56:40:092,Moved,528.75,269.25,0.00,1.00,17.49
07/02/2025 15:56:40:103,Stationary,528.75,269.25,0.00,1.00,17.49
07/02/2025 15:56:40:146,Moved,530,265.5,0.00,1.00,17.49
07/02/2025 15:56:40:146,Moved,530.00,265.50,0.00,1.00,18.25
07/02/2025 15:56:40:188,Moved,530,263,0.00,1.00,18.25
07/02/2025 15:56:40:188,Moved,530.00,263.00,0.00,1.00,18.99
07/02/2025 15:56:40:212,Moved,530,259.25,0.00,1.00,18.99
07/02/2025 15:56:40:212,Moved,530.00,259.25,0.00,1.00,19.44
07/02/2025 15:56:40:239,Moved,528.75,255.5,0.00,1.00,19.44
07/02/2025 15:56:40:239,Moved,528.75,255.50,0.00,1.00,19.97
07/02/2025 15:56:40:271,Moved,528.75,251.75,0.00,1.00,19.97
07/02/2025 15:56:40:271,Moved,528.75,251.75,0.00,1.00,20.50
07/02/2025 15:56:40:291,Moved,527.5,249.25,0.00,1.00,20.50
07/02/2025 15:56:40:291,Moved,527.50,249.25,0.00,1.00,20.88
07/02/2025 15:56:40:316,Moved,527.5,246.75,0.00,1.00,20.88
07/02/2025 15:56:40:316,Moved,527.50,246.75,0.00,1.00,21.38
07/02/2025 15:56:40:351,Moved,527.5,243,0.00,1.00,21.38
07/02/2025 15:56:40:351,Moved,527.50,243.00,0.00,1.00,22.06
07/02/2025 15:56:40:365,Moved,527.5,241.75,0.00,1.00,22.06
07/02/2025 15:56:40:365,Moved,527.50,241.75,0.00,1.00,22.30
07/02/2025 15:56:40:401,Moved,527.5,240.5,0.00,1.00,22.30
07/02/2025 15:56:40:401,Moved,527.50,240.50,0.00,1.00,22.96
07/02/2025 15:56:40:422,Moved,527.5,239.25,0.00,1.00,22.96
07/02/2025 15:56:40:422,Moved,527.50,239.25,0.00,1.00,23.40
07/02/2025 15:56:40:435,Stationary,527.5,239.25,0.00,1.00,23.40
07/02/2025 15:56:40:473,Stationary,527.5,239.25,0.00,1.00,23.40
07/02/2025 15:56:40:507,Moved,527.5,235.5,0.00,1.00,23.40
07/02/2025 15:56:40:507,Moved,527.50,235.50,0.00,1.00,24.08
07/02/2025 15:56:40:536,Moved,527.5,234.25,0.00,1.00,24.08
07/02/2025 15:56:40:536,Moved,527.50,234.25,0.00,1.00,24.65
07/02/2025 15:56:40:561,Moved,527.5,233,0.00,1.00,24.65
07/02/2025 15:56:40:561,Moved,527.50,233.00,0.00,1.00,25.09
07/02/2025 15:56:40:595,Moved,527.5,230.5,0.00,1.00,25.09
07/02/2025 15:56:40:595,Moved,527.50,230.50,0.00,1.00,25.78
07/02/2025 15:56:40:614,Moved,527.5,229.25,0.00,1.00,25.78
07/02/2025 15:56:40:614,Moved,527.50,229.25,0.00,1.00,26.13
07/02/2025 15:56:40:641,Stationary,527.5,229.25,0.00,1.00,26.13
07/02/2025 15:56:40:676,Moved,527.5,226.75,0.00,1.00,26.13
07/02/2025 15:56:40:676,Moved,527.50,226.75,0.00,1.00,26.82
07/02/2025 15:56:40:714,Moved,527.5,224.25,0.00,1.00,26.82
07/02/2025 15:56:40:714,Moved,527.50,224.25,0.00,1.00,27.61
07/02/2025 15:56:40:726,Stationary,527.5,224.25,0.00,1.00,27.61
07/02/2025 15:56:40:763,Moved,527.5,223,0.00,1.00,27.61
07/02/2025 15:56:40:763,Moved,527.50,223.00,0.00,1.00,28.34
07/02/2025 15:56:40:837,Moved,527.5,219.25,0.00,1.00,28.34
07/02/2025 15:56:40:837,Moved,527.50,219.25,0.00,1.00,29.75
07/02/2025 15:56:40:928,Moved,527.5,214.25,0.00,1.00,29.75
07/02/2025 15:56:40:928,Moved,527.50,214.25,0.00,1.00,31.60
07/02/2025 15:56:40:984,Moved,527.5,210.5,0.00,1.00,31.60
07/02/2025 15:56:40:984,Moved,527.50,210.50,0.00,1.00,32.86
07/02/2025 15:56:41:007,Moved,527.5,209.25,0.00,1.00,32.86
07/02/2025 15:56:41:007,Moved,527.50,209.25,0.00,1.00,33.32
07/02/2025 15:56:41:030,Moved,527.5,208,0.00,1.00,33.32
07/02/2025 15:56:41:030,Moved,527.50,208.00,0.00,1.00,33.76
07/02/2025 15:56:41:057,Moved,527.5,205.5,0.00,1.00,33.76
07/02/2025 15:56:41:057,Moved,527.50,205.50,0.00,1.00,34.34
07/02/2025 15:56:41:076,Moved,527.5,204.25,0.00,1.00,34.34
07/02/2025 15:56:41:076,Moved,527.50,204.25,0.00,1.00,34.76
07/02/2025 15:56:41:098,Moved,528.75,203,0.00,1.00,34.76
07/02/2025 15:56:41:098,Moved,528.75,203.00,0.00,1.00,35.22
07/02/2025 15:56:41:140,Moved,528.75,199.25,0.00,1.00,35.22
07/02/2025 15:56:41:140,Moved,528.75,199.25,0.00,1.00,36.08
07/02/2025 15:56:41:171,Moved,528.75,198,0.00,1.00,36.08
07/02/2025 15:56:41:171,Moved,528.75,198.00,0.00,1.00,36.78
07/02/2025 15:56:41:203,Moved,528.75,194.25,0.00,1.00,36.78
07/02/2025 15:56:41:203,Moved,528.75,194.25,0.00,1.00,37.46
07/02/2025 15:56:41:223,Stationary,528.75,194.25,0.00,1.00,37.46
07/02/2025 15:56:41:260,Moved,528.75,190.5,0.00,1.00,37.46
07/02/2025 15:56:41:260,Moved,528.75,190.50,0.00,1.00,38.26
07/02/2025 15:56:41:306,Moved,528.75,185.5,0.00,1.00,38.26
07/02/2025 15:56:41:306,Moved,528.75,185.50,0.00,1.00,39.23
07/02/2025 15:56:41:334,Moved,528.75,183,0.00,1.00,39.23
07/02/2025 15:56:41:334,Moved,528.75,183.00,0.00,1.00,39.92
07/02/2025 15:56:41:357,Moved,528.75,181.75,0.00,1.00,39.92
07/02/2025 15:56:41:357,Moved,528.75,181.75,0.00,1.00,40.36
07/02/2025 15:56:41:391,Moved,528.75,178,0.00,1.00,40.36
07/02/2025 15:56:41:391,Moved,528.75,178.00,0.00,1.00,41.16
07/02/2025 15:56:41:415,Moved,527.5,176.75,0.00,1.00,41.16
07/02/2025 15:56:41:415,Moved,527.50,176.75,0.00,1.00,41.70
07/02/2025 15:56:41:443,Moved,527.5,174.25,0.00,1.00,41.70
07/02/2025 15:56:41:443,Moved,527.50,174.25,0.00,1.00,42.35
07/02/2025 15:56:41:464,Stationary,527.5,174.25,0.00,1.00,42.35
07/02/2025 15:56:41:498,Moved,527.5,173,0.00,1.00,42.35
07/02/2025 15:56:41:498,Moved,527.50,173.00,0.00,1.00,43.09
07/02/2025 15:56:41:531,Moved,527.5,171.75,0.00,1.00,43.09
07/02/2025 15:56:41:531,Moved,527.50,171.75,0.00,1.00,43.81
07/02/2025 15:56:41:569,Moved,527.5,169.25,0.00,1.00,43.81
07/02/2025 15:56:41:569,Moved,527.50,169.25,0.00,1.00,44.64
07/02/2025 15:56:41:611,Moved,527.5,166.75,0.00,1.00,44.64
07/02/2025 15:56:41:611,Moved,527.50,166.75,0.00,1.00,45.64
07/02/2025 15:56:41:636,Moved,527.5,165.5,0.00,1.00,45.64
07/02/2025 15:56:41:636,Moved,527.50,165.50,0.00,1.00,46.24
07/02/2025 15:56:41:671,Moved,527.5,163,0.00,1.00,46.24
07/02/2025 15:56:41:671,Moved,527.50,163.00,0.00,1.00,47.02
07/02/2025 15:56:41:704,Moved,527.5,161.75,0.00,1.00,47.02
07/02/2025 15:56:41:704,Moved,527.50,161.75,0.00,1.00,47.80
07/02/2025 15:56:41:726,Moved,527.5,160.5,0.00,1.00,47.80
07/02/2025 15:56:41:726,Moved,527.50,160.50,0.00,1.00,48.25
07/02/2025 15:56:41:754,Moved,527.5,159.25,0.00,1.00,48.25
07/02/2025 15:56:41:754,Moved,527.50,159.25,0.00,1.00,48.94
07/02/2025 15:56:41:790,Moved,526.25,158,0.00,1.00,48.94
07/02/2025 15:56:41:790,Moved,526.25,158.00,0.00,1.00,49.67
07/02/2025 15:56:41:945,Moved,525,150.5,0.00,1.00,49.67
07/02/2025 15:56:41:945,Moved,525.00,150.50,0.00,1.00,53.38
07/02/2025 15:56:41:976,Moved,525,148,0.00,1.00,53.38
07/02/2025 15:56:41:976,Moved,525.00,148.00,0.00,1.00,54.17
07/02/2025 15:56:42:002,Stationary,525,148,0.00,1.00,54.17
07/02/2025 15:56:42:040,Moved,525,145.5,0.00,1.00,54.17
07/02/2025 15:56:42:040,Moved,525.00,145.50,0.00,1.00,55.14
07/02/2025 15:56:42:070,Moved,525,144.25,0.00,1.00,55.14
07/02/2025 15:56:42:070,Moved,525.00,144.25,0.00,1.00,55.85
07/02/2025 15:56:42:085,Stationary,525,144.25,0.00,1.00,55.85
07/02/2025 15:56:42:123,Moved,525,143,0.00,1.00,55.85
07/02/2025 15:56:42:123,Moved,525.00,143.00,0.00,1.00,56.80
07/02/2025 15:56:42:158,Moved,525,141.75,0.00,1.00,56.80
07/02/2025 15:56:42:158,Moved,525.00,141.75,0.00,1.00,57.63
07/02/2025 15:56:42:182,Moved,525,140.5,0.00,1.00,57.63
07/02/2025 15:56:42:182,Moved,525.00,140.50,0.00,1.00,58.15
07/02/2025 15:56:42:199,Stationary,525,140.5,0.00,1.00,58.15
07/02/2025 15:56:42:238,Moved,525,139.25,0.00,1.00,58.15
07/02/2025 15:56:42:238,Moved,525.00,139.25,0.00,1.00,59.15
07/02/2025 15:56:42:279,Moved,523.75,138,0.00,1.00,59.15
07/02/2025 15:56:42:279,Moved,523.75,138.00,0.00,1.00,60.11
07/02/2025 15:56:42:297,Moved,523.75,136.75,0.00,1.00,60.11
07/02/2025 15:56:42:297,Moved,523.75,136.75,0.00,1.00,60.54
07/02/2025 15:56:42:334,Moved,523.75,134.25,0.00,1.00,60.54
07/02/2025 15:56:42:334,Moved,523.75,134.25,0.00,1.00,61.45
07/02/2025 15:56:42:355,Stationary,523.75,134.25,0.00,1.00,61.45
07/02/2025 15:56:42:380,Stationary,523.75,134.25,0.00,1.00,61.45
07/02/2025 15:56:42:403,Moved,523.75,133,0.00,1.00,61.45
07/02/2025 15:56:42:403,Moved,523.75,133.00,0.00,1.00,62.03
07/02/2025 15:56:42:433,Stationary,523.75,133,0.00,1.00,62.03
07/02/2025 15:56:42:459,Moved,523.75,131.75,0.00,1.00,62.03
07/02/2025 15:56:42:459,Moved,523.75,131.75,0.00,1.00,62.66
07/02/2025 15:56:42:502,Moved,523.75,130.5,0.00,1.00,62.66
07/02/2025 15:56:42:502,Moved,523.75,130.50,0.00,1.00,63.65
07/02/2025 15:56:42:518,Moved,523.75,129.25,0.00,1.00,63.65
07/02/2025 15:56:42:518,Moved,523.75,129.25,0.00,1.00,64.13
07/02/2025 15:56:42:542,Stationary,523.75,129.25,0.00,1.00,64.13
07/02/2025 15:56:42:578,Stationary,523.75,129.25,0.00,1.00,64.13
07/02/2025 15:56:42:596,Stationary,523.75,129.25,0.00,1.00,64.13
07/02/2025 15:56:42:628,Moved,523.75,128,0.00,1.00,64.13
07/02/2025 15:56:42:628,Moved,523.75,128.00,0.00,1.00,64.97
07/02/2025 15:56:42:662,Moved,523.75,126.75,0.00,1.00,64.97
07/02/2025 15:56:42:662,Moved,523.75,126.75,0.00,1.00,65.81
07/02/2025 15:56:42:700,Moved,523.75,125.5,0.00,1.00,65.81
07/02/2025 15:56:42:700,Moved,523.75,125.50,0.00,1.00,66.71
07/02/2025 15:56:42:716,Moved,523.75,124.25,0.00,1.00,66.71
07/02/2025 15:56:42:716,Moved,523.75,124.25,0.00,1.00,67.05
07/02/2025 15:56:42:755,Stationary,523.75,124.25,0.00,1.00,67.05
07/02/2025 15:56:42:917,Moved,523.75,119.25,0.00,1.00,67.05
07/02/2025 15:56:42:917,Moved,523.75,119.25,0.00,1.00,71.07
07/02/2025 15:56:42:951,Moved,523.75,118,0.00,1.00,71.07
07/02/2025 15:56:42:951,Moved,523.75,118.00,0.00,1.00,72.00
07/02/2025 15:56:42:970,Moved,523.75,116.75,0.00,1.00,72.00
07/02/2025 15:56:42:970,Moved,523.75,116.75,0.00,1.00,72.51
07/02/2025 15:56:42:997,Moved,523.75,115.5,0.00,1.00,72.51
07/02/2025 15:56:42:997,Moved,523.75,115.50,0.00,1.00,73.17
07/02/2025 15:56:43:031,Moved,525,114.25,0.00,1.00,73.17
07/02/2025 15:56:43:031,Moved,525.00,114.25,0.00,1.00,73.99
07/02/2025 15:56:43:054,Stationary,525,114.25,0.00,1.00,73.99
07/02/2025 15:56:43:086,Moved,525,113,0.00,1.00,73.99
07/02/2025 15:56:43:086,Moved,525.00,113.00,0.00,1.00,74.79
07/02/2025 15:56:43:125,Moved,526.25,110.5,0.00,1.00,74.79
07/02/2025 15:56:43:125,Moved,526.25,110.50,0.00,1.00,75.77
07/02/2025 15:56:43:165,Moved,526.25,108,0.00,1.00,75.77
07/02/2025 15:56:43:165,Moved,526.25,108.00,0.00,1.00,76.83
07/02/2025 15:56:43:200,Moved,526.25,104.25,0.00,1.00,76.83
07/02/2025 15:56:43:200,Moved,526.25,104.25,0.00,1.00,77.75
07/02/2025 15:56:43:225,Moved,526.25,101.75,0.00,1.00,77.75
07/02/2025 15:56:43:225,Moved,526.25,101.75,0.00,1.00,78.36
07/02/2025 15:56:43:255,Moved,525,98.00002,0.00,1.00,78.36
07/02/2025 15:56:43:255,Moved,525.00,98.00,0.00,1.00,79.19
07/02/2025 15:56:43:293,Moved,525,94.25002,0.00,1.00,79.19
07/02/2025 15:56:43:293,Moved,525.00,94.25,0.00,1.00,80.20
07/02/2025 15:56:43:320,Moved,523.75,90.50002,0.00,1.00,80.20
07/02/2025 15:56:43:320,Moved,523.75,90.50,0.00,1.00,80.89
07/02/2025 15:56:43:351,Moved,523.75,88.00002,0.00,1.00,80.89
07/02/2025 15:56:43:351,Moved,523.75,88.00,0.00,1.00,81.75
07/02/2025 15:56:43:410,Ended,523.75,79.25002,0.00,1.00,81.75
07/02/2025 15:56:43:410,Ended,523.75,79.25,0.00,1.00,81.75
07/02/2025 15:56:44:647,Began,562.5,654.25,0.00,1.00,81.75
07/02/2025 15:56:44:647,Began,562.50,654.25,0.00,1.00,81.75
07/02/2025 15:56:44:672,Moved,562.5,654.25,0.00,1.00,81.75
07/02/2025 15:56:44:672,Moved,562.50,654.25,0.00,1.00,81.75
07/02/2025 15:56:44:700,Moved,562.5,650.5,0.00,1.00,81.75
07/02/2025 15:56:44:700,Moved,562.50,650.50,0.00,1.00,81.75
07/02/2025 15:56:44:732,Moved,562.5,645.5,0.00,1.00,81.75
07/02/2025 15:56:44:732,Moved,562.50,645.50,0.00,1.00,81.76
07/02/2025 15:56:44:748,Moved,562.5,639.25,0.00,1.00,81.76
07/02/2025 15:56:44:748,Moved,562.50,639.25,0.00,1.00,81.78
07/02/2025 15:56:44:788,Moved,562.5,618,0.00,1.00,81.78
07/02/2025 15:56:44:788,Moved,562.50,618.00,0.00,1.00,81.85
07/02/2025 15:56:44:956,Moved,563.75,509.25,0.00,1.00,81.85
07/02/2025 15:56:44:956,Moved,563.75,509.25,0.00,1.00,82.99
07/02/2025 15:56:45:016,Moved,555,384.25,0.00,1.00,82.99
07/02/2025 15:56:45:016,Moved,555.00,384.25,0.00,1.00,83.93
07/02/2025 15:56:45:028,Moved,553.75,373,0.00,1.00,83.93
07/02/2025 15:56:45:028,Moved,553.75,373.00,0.00,1.00,84.12
07/02/2025 15:56:45:045,Moved,552.5,350.5,0.00,1.00,84.12
07/02/2025 15:56:45:045,Moved,552.50,350.50,0.00,1.00,84.37
07/02/2025 15:56:45:085,Moved,551.25,308,0.00,1.00,84.37
07/02/2025 15:56:45:085,Moved,551.25,308.00,0.00,1.00,85.06
07/02/2025 15:56:45:113,Moved,548.75,288,0.00,1.00,85.06
07/02/2025 15:56:45:113,Moved,548.75,288.00,0.00,1.00,85.57
07/02/2025 15:56:45:139,Moved,545,251.75,0.00,1.00,85.57
07/02/2025 15:56:45:139,Moved,545.00,251.75,0.00,1.00,86.14
07/02/2025 15:56:45:171,Moved,542.5,229.25,0.00,1.00,86.14
07/02/2025 15:56:45:171,Moved,542.50,229.25,0.00,1.00,86.79
07/02/2025 15:56:45:204,Moved,542.5,209.25,0.00,1.00,86.79
07/02/2025 15:56:45:204,Moved,542.50,209.25,0.00,1.00,87.53
07/02/2025 15:56:45:234,Moved,542.5,191.75,0.00,1.00,87.53
07/02/2025 15:56:45:234,Moved,542.50,191.75,0.00,1.00,88.24
07/02/2025 15:56:45:268,Moved,541.25,174.25,0.00,1.00,88.24
07/02/2025 15:56:45:268,Moved,541.25,174.25,0.00,1.00,89.03
07/02/2025 15:56:45:295,Moved,538.75,158,0.00,1.00,89.03
07/02/2025 15:56:45:295,Moved,538.75,158.00,0.00,1.00,89.67
07/02/2025 15:56:45:323,Moved,537.5,143,0.00,1.00,89.67
07/02/2025 15:56:45:323,Moved,537.50,143.00,0.00,1.00,90.38
07/02/2025 15:56:45:363,Moved,536.25,124.25,0.00,1.00,90.38
07/02/2025 15:56:45:363,Moved,536.25,124.25,0.00,1.00,91.44
07/02/2025 15:56:45:401,Moved,535,106.75,0.00,1.00,91.44
07/02/2025 15:56:45:401,Moved,535.00,106.75,0.00,1.00,92.50
07/02/2025 15:56:45:434,Moved,535,94.25002,0.00,1.00,92.50
07/02/2025 15:56:45:434,Moved,535.00,94.25,0.00,1.00,93.45
07/02/2025 15:56:45:465,Moved,533.75,81.75002,0.00,1.00,93.45
07/02/2025 15:56:45:465,Moved,533.75,81.75,0.00,1.00,94.31
07/02/2025 15:56:45:487,Moved,533.75,74.25002,0.00,1.00,94.31
07/02/2025 15:56:45:487,Moved,533.75,74.25,0.00,1.00,94.94
07/02/2025 15:56:45:516,Moved,533.75,63.00002,0.00,1.00,94.94
07/02/2025 15:56:45:516,Moved,533.75,63.00,0.00,1.00,95.81
07/02/2025 15:56:45:542,Moved,533.75,55.50002,0.00,1.00,95.81
07/02/2025 15:56:45:542,Moved,533.75,55.50,0.00,1.00,96.58
07/02/2025 15:56:45:575,Moved,533.75,41.75002,0.00,1.00,96.58
07/02/2025 15:56:45:575,Moved,533.75,41.75,0.00,1.00,97.62
07/02/2025 15:56:45:598,Moved,533.75,36.75002,0.00,1.00,97.62
07/02/2025 15:56:45:598,Moved,533.75,36.75,0.00,1.00,98.31
07/02/2025 15:56:45:625,Moved,533.75,28.00002,0.00,1.00,98.31
07/02/2025 15:56:45:625,Moved,533.75,28.00,0.00,1.00,99.13
07/02/2025 15:56:45:655,Moved,533.75,20.50002,0.00,1.00,99.13
07/02/2025 15:56:45:655,Moved,533.75,20.50,0.00,1.00,100.10
07/02/2025 15:56:45:678,Moved,535,16.75002,0.00,1.00,100.10
07/02/2025 15:56:45:678,Moved,535.00,16.75,0.00,1.00,100.84
07/02/2025 15:56:45:708,Moved,535,8.000016,0.00,1.00,100.84
07/02/2025 15:56:45:708,Moved,535.00,8.00,0.00,1.00,101.85
07/02/2025 15:56:45:881,Moved,533.75,-11.99998,0.00,1.00,101.85
07/02/2025 15:56:45:881,Moved,533.75,-12.00,0.00,1.00,107.54
07/02/2025 15:56:45:912,Ended,533.75,-15.74998,0.00,1.00,107.54
07/02/2025 15:56:45:912,Ended,533.75,-15.75,0.00,1.00,107.54
07/02/2025 15:56:51:189,Began,558.75,329.25,0.00,1.00,107.54
07/02/2025 15:56:51:189,Began,558.75,329.25,0.00,1.00,107.54
07/02/2025 15:56:51:253,Moved,546.25,279.25,0.00,1.00,107.54
07/02/2025 15:56:51:253,Moved,546.25,279.25,0.00,1.00,107.71
07/02/2025 15:56:51:296,Moved,540,249.25,0.00,1.00,107.71
07/02/2025 15:56:51:296,Moved,540.00,249.25,0.00,1.00,107.89
07/02/2025 15:56:51:317,Moved,537.5,235.5,0.00,1.00,107.89
07/02/2025 15:56:51:317,Moved,537.50,235.50,0.00,1.00,107.99
07/02/2025 15:56:51:353,Moved,536.25,209.25,0.00,1.00,107.99
07/02/2025 15:56:51:353,Moved,536.25,209.25,0.00,1.00,108.20
07/02/2025 15:56:51:378,Moved,535,198,0.00,1.00,108.20
07/02/2025 15:56:51:378,Moved,535.00,198.00,0.00,1.00,108.37
07/02/2025 15:56:51:438,Moved,532.5,164.25,0.00,1.00,108.37
07/02/2025 15:56:51:438,Moved,532.50,164.25,0.00,1.00,108.86
07/02/2025 15:56:51:485,Moved,532.5,150.5,0.00,1.00,108.86
07/02/2025 15:56:51:485,Moved,532.50,150.50,0.00,1.00,109.29
07/02/2025 15:56:51:511,Moved,532.5,144.25,0.00,1.00,109.29
07/02/2025 15:56:51:511,Moved,532.50,144.25,0.00,1.00,109.49
07/02/2025 15:56:51:539,Moved,532.5,136.75,0.00,1.00,109.49
07/02/2025 15:56:51:539,Moved,532.50,136.75,0.00,1.00,109.78
07/02/2025 15:56:51:583,Moved,533.75,125.5,0.00,1.00,109.78
07/02/2025 15:56:51:583,Moved,533.75,125.50,0.00,1.00,110.23
07/02/2025 15:56:51:600,Moved,536.25,118,0.00,1.00,110.23
07/02/2025 15:56:51:600,Moved,536.25,118.00,0.00,1.00,110.41
07/02/2025 15:56:51:632,Moved,538.75,109.25,0.00,1.00,110.41
07/02/2025 15:56:51:632,Moved,538.75,109.25,0.00,1.00,110.78
07/02/2025 15:56:51:655,Moved,541.25,104.25,0.00,1.00,110.78
07/02/2025 15:56:51:655,Moved,541.25,104.25,0.00,1.00,111.03
07/02/2025 15:56:51:681,Moved,542.5,96.75002,0.00,1.00,111.03
07/02/2025 15:56:51:681,Moved,542.50,96.75,0.00,1.00,111.34
07/02/2025 15:56:51:704,Moved,545,90.50002,0.00,1.00,111.34
07/02/2025 15:56:51:704,Moved,545.00,90.50,0.00,1.00,111.58
07/02/2025 15:56:51:725,Moved,547.5,85.50002,0.00,1.00,111.58
07/02/2025 15:56:51:725,Moved,547.50,85.50,0.00,1.00,111.87
07/02/2025 15:56:51:753,Moved,551.25,75.50002,0.00,1.00,111.87
07/02/2025 15:56:51:753,Moved,551.25,75.50,0.00,1.00,112.22
07/02/2025 15:56:51:775,Moved,552.5,73.00002,0.00,1.00,112.22
07/02/2025 15:56:51:775,Moved,552.50,73.00,0.00,1.00,112.49
07/02/2025 15:56:51:798,Moved,552.5,68.00002,0.00,1.00,112.49
07/02/2025 15:56:51:798,Moved,552.50,68.00,0.00,1.00,112.78
07/02/2025 15:56:51:828,Moved,556.25,59.25002,0.00,1.00,112.78
07/02/2025 15:56:51:828,Moved,556.25,59.25,0.00,1.00,113.20
07/02/2025 15:56:51:850,Moved,557.5,54.25002,0.00,1.00,113.20
07/02/2025 15:56:51:850,Moved,557.50,54.25,0.00,1.00,113.50
07/02/2025 15:56:51:876,Moved,557.5,49.25002,0.00,1.00,113.50
07/02/2025 15:56:51:876,Moved,557.50,49.25,0.00,1.00,113.86
07/02/2025 15:56:51:911,Moved,560,41.75002,0.00,1.00,113.86
07/02/2025 15:56:51:911,Moved,560.00,41.75,0.00,1.00,114.36
07/02/2025 15:56:51:931,Moved,561.25,38.00002,0.00,1.00,114.36
07/02/2025 15:56:51:931,Moved,561.25,38.00,0.00,1.00,114.67
07/02/2025 15:56:51:956,Moved,562.5,34.25002,0.00,1.00,114.67
07/02/2025 15:56:51:956,Moved,562.50,34.25,0.00,1.00,114.97
07/02/2025 15:56:51:990,Moved,563.75,25.50002,0.00,1.00,114.97
07/02/2025 15:56:51:990,Moved,563.75,25.50,0.00,1.00,115.54
07/02/2025 15:56:52:019,Moved,565,20.50002,0.00,1.00,115.54
07/02/2025 15:56:52:019,Moved,565.00,20.50,0.00,1.00,116.01
07/02/2025 15:56:52:051,Moved,567.5,14.25002,0.00,1.00,116.01
07/02/2025 15:56:52:051,Moved,567.50,14.25,0.00,1.00,116.49
07/02/2025 15:56:52:087,Moved,567.5,4.250016,0.00,1.00,116.49
07/02/2025 15:56:52:087,Moved,567.50,4.25,0.00,1.00,117.08
07/02/2025 15:56:52:115,Moved,568.75,-1.999984,0.00,1.00,117.08
07/02/2025 15:56:52:115,Moved,568.75,-2.00,0.00,1.00,117.55
07/02/2025 15:56:52:141,Moved,568.75,-8.249984,0.00,1.00,117.55
07/02/2025 15:56:52:141,Moved,568.75,-8.25,0.00,1.00,117.99
07/02/2025 15:56:52:163,Moved,568.75,-14.49998,0.00,1.00,117.99
07/02/2025 15:56:52:163,Moved,568.75,-14.50,0.00,1.00,118.35
07/02/2025 15:56:52:197,Moved,568.75,-24.49998,0.00,1.00,118.35
07/02/2025 15:56:52:197,Moved,568.75,-24.50,0.00,1.00,118.95
07/02/2025 15:56:52:217,Moved,567.5,-28.24998,0.00,1.00,118.95
07/02/2025 15:56:52:217,Moved,567.50,-28.25,0.00,1.00,119.34
07/02/2025 15:56:52:241,Moved,567.5,-31.99998,0.00,1.00,119.34
07/02/2025 15:56:52:241,Moved,567.50,-32.00,0.00,1.00,119.76
07/02/2025 15:56:52:258,Moved,567.5,-36.99998,0.00,1.00,119.76
07/02/2025 15:56:52:258,Moved,567.50,-37.00,0.00,1.00,120.09
07/02/2025 15:56:52:287,Moved,566.25,-40.74998,0.00,1.00,120.09
07/02/2025 15:56:52:287,Moved,566.25,-40.75,0.00,1.00,120.55
07/02/2025 15:56:52:315,Moved,565,-45.74998,0.00,1.00,120.55
07/02/2025 15:56:52:315,Moved,565.00,-45.75,0.00,1.00,121.13
07/02/2025 15:56:52:353,Moved,563.75,-49.49998,0.00,1.00,121.13
07/02/2025 15:56:52:353,Moved,563.75,-49.50,0.00,1.00,121.87
07/02/2025 15:56:52:378,Moved,563.75,-50.74998,0.00,1.00,121.87
07/02/2025 15:56:52:378,Moved,563.75,-50.75,0.00,1.00,122.34
07/02/2025 15:56:52:404,Moved,562.5,-50.74998,0.00,1.00,122.34
07/02/2025 15:56:52:404,Moved,562.50,-50.75,0.00,1.00,122.83
07/02/2025 15:56:52:428,Ended,562.5,-51.99998,0.00,1.00,122.83
07/02/2025 15:56:52:428,Ended,562.50,-52.00,0.00,1.00,122.83
07/02/2025 15:56:53:277,Began,555,656.75,0.00,1.00,122.83
07/02/2025 15:56:53:277,Began,555.00,656.75,0.00,1.00,122.83
07/02/2025 15:56:53:311,Moved,555,656.75,0.00,1.00,122.83
07/02/2025 15:56:53:311,Moved,555.00,656.75,0.00,1.00,122.83
07/02/2025 15:56:53:343,Moved,557.5,650.5,0.00,1.00,122.83
07/02/2025 15:56:53:343,Moved,557.50,650.50,0.00,1.00,122.84
07/02/2025 15:56:53:365,Moved,561.25,639.25,0.00,1.00,122.84
07/02/2025 15:56:53:365,Moved,561.25,639.25,0.00,1.00,122.86
07/02/2025 15:56:53:416,Moved,567.5,589.25,0.00,1.00,122.86
07/02/2025 15:56:53:416,Moved,567.50,589.25,0.00,1.00,123.04
07/02/2025 15:56:53:463,Moved,567.5,543,0.00,1.00,123.04
07/02/2025 15:56:53:463,Moved,567.50,543.00,0.00,1.00,123.31
07/02/2025 15:56:53:486,Moved,567.5,533,0.00,1.00,123.31
07/02/2025 15:56:53:486,Moved,567.50,533.00,0.00,1.00,123.43
07/02/2025 15:56:53:520,Moved,567.5,496.75,0.00,1.00,123.43
07/02/2025 15:56:53:520,Moved,567.50,496.75,0.00,1.00,123.71
07/02/2025 15:56:53:540,Moved,568.75,481.75,0.00,1.00,123.71
07/02/2025 15:56:53:540,Moved,568.75,481.75,0.00,1.00,123.89
07/02/2025 15:56:53:565,Moved,571.25,469.25,0.00,1.00,123.89
07/02/2025 15:56:53:565,Moved,571.25,469.25,0.00,1.00,124.11
07/02/2025 15:56:53:591,Moved,572.5,453,0.00,1.00,124.11
07/02/2025 15:56:53:591,Moved,572.50,453.00,0.00,1.00,124.40
07/02/2025 15:56:53:628,Moved,572.5,429.25,0.00,1.00,124.40
07/02/2025 15:56:53:628,Moved,572.50,429.25,0.00,1.00,124.82
07/02/2025 15:56:53:654,Moved,573.75,419.25,0.00,1.00,124.82
07/02/2025 15:56:53:654,Moved,573.75,419.25,0.00,1.00,125.11
07/02/2025 15:56:53:690,Moved,575,401.75,0.00,1.00,125.11
07/02/2025 15:56:53:690,Moved,575.00,401.75,0.00,1.00,125.58
07/02/2025 15:56:53:713,Moved,576.25,393,0.00,1.00,125.58
07/02/2025 15:56:53:713,Moved,576.25,393.00,0.00,1.00,125.88
07/02/2025 15:56:53:895,Moved,576.25,388,0.00,1.00,125.88
07/02/2025 15:56:53:895,Moved,576.25,388.00,0.00,1.00,128.32
07/02/2025 15:56:53:933,Moved,572.5,278,0.00,1.00,128.32
07/02/2025 15:56:53:933,Moved,572.50,278.00,0.00,1.00,129.06
07/02/2025 15:56:53:966,Moved,572.5,264.25,0.00,1.00,129.06
07/02/2025 15:56:53:966,Moved,572.50,264.25,0.00,1.00,129.71
07/02/2025 15:56:53:989,Moved,572.5,254.25,0.00,1.00,129.71
07/02/2025 15:56:53:989,Moved,572.50,254.25,0.00,1.00,130.18
07/02/2025 15:56:54:023,Moved,575,231.75,0.00,1.00,130.18
07/02/2025 15:56:54:023,Moved,575.00,231.75,0.00,1.00,130.90
07/02/2025 15:56:54:051,Moved,577.5,218,0.00,1.00,130.90
07/02/2025 15:56:54:051,Moved,577.50,218.00,0.00,1.00,131.50
07/02/2025 15:56:54:087,Moved,577.5,204.25,0.00,1.00,131.50
07/02/2025 15:56:54:087,Moved,577.50,204.25,0.00,1.00,132.30
07/02/2025 15:56:54:113,Moved,577.5,189.25,0.00,1.00,132.30
07/02/2025 15:56:54:113,Moved,577.50,189.25,0.00,1.00,132.92
07/02/2025 15:56:54:147,Moved,577.5,174.25,0.00,1.00,132.92
07/02/2025 15:56:54:147,Moved,577.50,174.25,0.00,1.00,133.74
07/02/2025 15:56:54:173,Moved,577.5,164.25,0.00,1.00,133.74
07/02/2025 15:56:54:173,Moved,577.50,164.25,0.00,1.00,134.40
07/02/2025 15:56:54:198,Moved,577.5,158,0.00,1.00,134.40
07/02/2025 15:56:54:198,Moved,577.50,158.00,0.00,1.00,135.01
07/02/2025 15:56:54:232,Moved,576.25,148,0.00,1.00,135.01
07/02/2025 15:56:54:232,Moved,576.25,148.00,0.00,1.00,135.86
07/02/2025 15:56:54:260,Moved,575,140.5,0.00,1.00,135.86
07/02/2025 15:56:54:260,Moved,575.00,140.50,0.00,1.00,136.60
07/02/2025 15:56:54:293,Moved,573.75,134.25,0.00,1.00,136.60
07/02/2025 15:56:54:293,Moved,573.75,134.25,0.00,1.00,137.46
07/02/2025 15:56:54:320,Moved,572.5,130.5,0.00,1.00,137.46
07/02/2025 15:56:54:320,Moved,572.50,130.50,0.00,1.00,138.19
07/02/2025 15:56:54:354,Moved,571.25,125.5,0.00,1.00,138.19
07/02/2025 15:56:54:354,Moved,571.25,125.50,0.00,1.00,139.09
07/02/2025 15:56:54:372,Moved,571.25,123,0.00,1.00,139.09
07/02/2025 15:56:54:372,Moved,571.25,123.00,0.00,1.00,139.55
07/02/2025 15:56:54:411,Moved,568.75,115.5,0.00,1.00,139.55
07/02/2025 15:56:54:411,Moved,568.75,115.50,0.00,1.00,140.57
07/02/2025 15:56:54:435,Moved,567.5,114.25,0.00,1.00,140.57
07/02/2025 15:56:54:435,Moved,567.50,114.25,0.00,1.00,141.25
07/02/2025 15:56:54:459,Moved,567.5,111.75,0.00,1.00,141.25
07/02/2025 15:56:54:459,Moved,567.50,111.75,0.00,1.00,141.90
07/02/2025 15:56:54:487,Moved,567.5,109.25,0.00,1.00,141.90
07/02/2025 15:56:54:487,Moved,567.50,109.25,0.00,1.00,142.70
07/02/2025 15:56:54:513,Moved,566.25,108,0.00,1.00,142.70
07/02/2025 15:56:54:513,Moved,566.25,108.00,0.00,1.00,143.40
07/02/2025 15:56:54:530,Moved,566.25,106.75,0.00,1.00,143.40
07/02/2025 15:56:54:530,Moved,566.25,106.75,0.00,1.00,143.87
07/02/2025 15:56:54:570,Moved,565,104.25,0.00,1.00,143.87
07/02/2025 15:56:54:570,Moved,565.00,104.25,0.00,1.00,144.94
07/02/2025 15:56:54:592,Moved,563.75,104.25,0.00,1.00,144.94
07/02/2025 15:56:54:592,Moved,563.75,104.25,0.00,1.00,145.56
07/02/2025 15:56:54:618,Ended,563.75,104.25,0.00,1.00,145.56
07/02/2025 15:56:54:618,Ended,563.75,104.25,0.00,1.00,145.56
07/02/2025 15:56:55:496,Began,437.5,129.25,0.00,1.00,145.56
07/02/2025 15:56:55:496,Began,437.50,129.25,0.00,1.00,145.56
07/02/2025 15:56:56:166,Began,460,350.5,0.00,1.00,145.56
07/02/2025 15:56:56:166,Began,460.00,350.50,0.00,1.00,145.56
07/02/2025 15:56:56:191,Moved,463.75,346.75,0.00,1.00,145.56
07/02/2025 15:56:56:191,Moved,463.75,346.75,0.00,1.00,145.56
07/02/2025 15:56:56:247,Moved,481.25,304.25,0.00,1.00,145.56
07/02/2025 15:56:56:247,Moved,481.25,304.25,-0.07,1.00,145.68
07/02/2025 15:56:56:282,Moved,491.25,264.25,-0.07,1.00,145.68
07/02/2025 15:56:56:282,Moved,491.25,264.25,-0.14,1.00,145.81
07/02/2025 15:56:56:303,Moved,495,253,-0.14,1.00,145.81
07/02/2025 15:56:56:303,Moved,495.00,253.00,-0.19,1.00,145.89
07/02/2025 15:56:56:329,Moved,507.5,228,-0.19,1.00,145.89
07/02/2025 15:56:56:329,Moved,507.50,228.00,-0.27,1.00,146.04
07/02/2025 15:56:56:363,Moved,520,209.25,-0.27,1.00,146.04
07/02/2025 15:56:56:363,Moved,520.00,209.25,-0.39,1.00,146.25
07/02/2025 15:56:56:389,Moved,525,200.5,-0.39,1.00,146.25
07/02/2025 15:56:56:389,Moved,525.00,200.50,-0.49,1.00,146.42
07/02/2025 15:56:56:415,Moved,528.75,189.25,-0.49,1.00,146.42
07/02/2025 15:56:56:415,Moved,528.75,189.25,-0.59,1.00,146.59
07/02/2025 15:56:56:450,Moved,536.25,170.5,-0.59,1.00,146.59
07/02/2025 15:56:56:450,Moved,536.25,170.50,-0.75,1.00,146.88
07/02/2025 15:56:56:478,Moved,540,163,-0.75,1.00,146.88
07/02/2025 15:56:56:478,Moved,540.00,163.00,-0.88,1.00,147.11
07/02/2025 15:56:56:504,Moved,542.5,159.25,-0.88,1.00,147.11
07/02/2025 15:56:56:504,Moved,542.50,159.25,-1.00,1.00,147.32
07/02/2025 15:56:56:538,Moved,547.5,151.75,-1.00,1.00,147.32
07/02/2025 15:56:56:538,Moved,547.50,151.75,-1.17,1.00,147.62
07/02/2025 15:56:56:560,Moved,550,148,-1.17,1.00,147.62
07/02/2025 15:56:56:560,Moved,550.00,148.00,-1.28,1.00,147.81
07/02/2025 15:56:56:583,Moved,552.5,144.25,-1.28,1.00,147.81
07/02/2025 15:56:56:583,Moved,552.50,144.25,-1.40,1.00,148.02
07/02/2025 15:56:56:617,Moved,558.75,136.75,-1.40,1.00,148.02
07/02/2025 15:56:56:617,Moved,558.75,136.75,-1.58,1.00,148.33
07/02/2025 15:56:56:648,Moved,563.75,130.5,-1.58,1.00,148.33
07/02/2025 15:56:56:648,Moved,563.75,130.50,-1.75,1.00,148.62
07/02/2025 15:56:56:676,Moved,570,124.25,-1.75,1.00,148.62
07/02/2025 15:56:56:676,Moved,570.00,124.25,-1.90,1.00,148.90
07/02/2025 15:56:56:700,Moved,572.5,119.25,-1.90,1.00,148.90
07/02/2025 15:56:56:700,Moved,572.50,119.25,-2.03,1.00,149.13
07/02/2025 15:56:56:731,Moved,577.5,114.25,-2.03,1.00,149.13
07/02/2025 15:56:56:731,Moved,577.50,114.25,-2.21,1.00,149.44
07/02/2025 15:56:56:761,Moved,581.25,109.25,-2.21,1.00,149.44
07/02/2025 15:56:56:761,Moved,581.25,109.25,-2.41,1.00,149.78
07/02/2025 15:56:56:781,Stationary,581.25,109.25,-2.41,1.00,149.78
07/02/2025 15:56:56:817,Moved,585,104.25,-2.41,1.00,149.78
07/02/2025 15:56:56:817,Moved,585.00,104.25,-2.64,1.00,150.20
07/02/2025 15:56:56:851,Moved,590,95.50002,-2.64,1.00,150.20
07/02/2025 15:56:56:851,Moved,590.00,95.50,-2.85,1.00,150.56
07/02/2025 15:56:56:884,Moved,593.75,89.25002,-2.85,1.00,150.56
07/02/2025 15:56:56:884,Moved,593.75,89.25,-3.07,1.00,150.94
07/02/2025 15:56:56:928,Moved,601.25,79.25002,-3.07,1.00,150.94
07/02/2025 15:56:56:928,Moved,601.25,79.25,-3.37,1.00,151.47
07/02/2025 15:56:56:966,Moved,615,55.50002,-3.37,1.00,151.47
07/02/2025 15:56:56:966,Moved,615.00,55.50,-3.64,1.00,151.96
07/02/2025 15:56:56:990,Ended,615,55.50002,-3.64,1.00,151.96
07/02/2025 15:56:56:990,Ended,615.00,55.50,-3.64,1.00,151.96
07/02/2025 15:56:57:411,Began,453.75,455.5,-3.64,1.00,151.96
07/02/2025 15:56:57:411,Began,453.75,455.50,-3.64,1.00,151.96
07/02/2025 15:56:58:113,Began,596.25,381.75,-3.64,1.00,151.96
07/02/2025 15:56:58:113,Began,596.25,381.75,-3.64,1.00,151.96
07/02/2025 15:56:58:163,Moved,562.5,323,-3.64,1.00,151.96
07/02/2025 15:56:58:163,Moved,562.50,323.00,-3.59,1.00,152.10
07/02/2025 15:56:58:337,Moved,540,270.5,-3.59,1.00,152.10
07/02/2025 15:56:58:337,Moved,540.00,270.50,-3.27,1.00,152.98
07/02/2025 15:56:58:379,Moved,506.25,170.5,-3.27,1.00,152.98
07/02/2025 15:56:58:379,Moved,506.25,170.50,-3.09,1.00,153.45
07/02/2025 15:56:58:403,Moved,503.75,164.25,-3.09,1.00,153.45
07/02/2025 15:56:58:403,Moved,503.75,164.25,-3.01,1.00,153.68
07/02/2025 15:56:58:440,Moved,493.75,139.25,-3.01,1.00,153.68
07/02/2025 15:56:58:440,Moved,493.75,139.25,-2.85,1.00,154.11
07/02/2025 15:56:58:459,Moved,491.25,134.25,-2.85,1.00,154.11
07/02/2025 15:56:58:459,Moved,491.25,134.25,-2.77,1.00,154.33
07/02/2025 15:56:58:493,Moved,478.75,106.75,-2.77,1.00,154.33
07/02/2025 15:56:58:493,Moved,478.75,106.75,-2.60,1.00,154.79
07/02/2025 15:56:58:518,Moved,473.75,91.75002,-2.60,1.00,154.79
07/02/2025 15:56:58:518,Moved,473.75,91.75,-2.48,1.00,155.11
07/02/2025 15:56:58:539,Moved,470,76.75002,-2.48,1.00,155.11
07/02/2025 15:56:58:539,Moved,470.00,76.75,-2.36,1.00,155.44
07/02/2025 15:56:58:577,Moved,462.5,44.25002,-2.36,1.00,155.44
07/02/2025 15:56:58:577,Moved,462.50,44.25,-2.14,1.00,156.02
07/02/2025 15:56:58:608,Moved,457.5,29.25002,-2.14,1.00,156.02
07/02/2025 15:56:58:608,Moved,457.50,29.25,-1.95,1.00,156.55
07/02/2025 15:56:58:632,Moved,455,24.25002,-1.95,1.00,156.55
07/02/2025 15:56:58:632,Moved,455.00,24.25,-1.82,1.00,156.90
07/02/2025 15:56:58:660,Moved,447.5,8.000016,-1.82,1.00,156.90
07/02/2025 15:56:58:660,Moved,447.50,8.00,-1.63,1.00,157.43
07/02/2025 15:56:58:690,Ended,447.5,8.000016,-1.63,1.00,157.43
07/02/2025 15:56:58:690,Ended,447.50,8.00,-1.63,1.00,157.43
07/02/2025 16:11:50:085,Began,552.5,655.5,0.00,1.00,0.00
07/02/2025 16:11:50:085,Began,552.50,655.50,0.00,1.00,0.00
07/02/2025 16:11:50:122,Moved,548.75,649.25,0.00,1.00,0.00
07/02/2025 16:11:50:122,Moved,548.75,649.25,0.00,1.00,0.04
07/02/2025 16:11:50:152,Moved,547.5,648,0.00,1.00,0.04
07/02/2025 16:11:50:152,Moved,547.50,648.00,0.00,1.00,0.05
07/02/2025 16:11:50:171,Stationary,547.5,648,0.00,1.00,0.05
07/02/2025 16:11:50:208,Moved,547.5,646.75,0.00,1.00,0.05
07/02/2025 16:11:50:208,Moved,547.50,646.75,0.00,1.00,0.07
07/02/2025 16:11:50:240,Stationary,547.5,646.75,0.00,1.00,0.07
07/02/2025 16:11:50:262,Moved,547.5,645.5,0.00,1.00,0.07
07/02/2025 16:11:50:262,Moved,547.50,645.50,0.00,1.00,0.08
07/02/2025 16:11:50:287,Stationary,547.5,645.5,0.00,1.00,0.08
07/02/2025 16:11:50:324,Moved,547.5,644.25,0.00,1.00,0.08
07/02/2025 16:11:50:324,Moved,547.50,644.25,0.00,1.00,0.10
07/02/2025 16:11:50:345,Stationary,547.5,644.25,0.00,1.00,0.10
07/02/2025 16:11:50:364,Stationary,547.5,644.25,0.00,1.00,0.10
07/02/2025 16:11:50:384,Stationary,547.5,644.25,0.00,1.00,0.10
07/02/2025 16:11:50:409,Stationary,547.5,644.25,0.00,1.00,0.10
07/02/2025 16:11:50:443,Stationary,547.5,644.25,0.00,1.00,0.10
07/02/2025 16:11:50:467,Stationary,547.5,644.25,0.00,1.00,0.10
07/02/2025 16:11:50:489,Stationary,547.5,644.25,0.00,1.00,0.10
07/02/2025 16:11:50:502,Stationary,547.5,644.25,0.00,1.00,0.10
07/02/2025 16:11:50:521,Moved,547.5,643,0.00,1.00,0.10
07/02/2025 16:11:50:521,Moved,547.50,643.00,0.00,1.00,0.11
07/02/2025 16:11:50:549,Stationary,547.5,643,0.00,1.00,0.11
07/02/2025 16:11:50:572,Stationary,547.5,643,0.00,1.00,0.11
07/02/2025 16:11:50:583,Moved,547.5,641.75,0.00,1.00,0.11
07/02/2025 16:11:50:583,Moved,547.50,641.75,0.00,1.00,0.12
07/02/2025 16:11:50:617,Stationary,547.5,641.75,0.00,1.00,0.12
07/02/2025 16:11:50:712,Moved,546.25,633,0.00,1.00,0.12
07/02/2025 16:11:50:712,Moved,546.25,633.00,0.00,1.00,0.22
07/02/2025 16:11:50:759,Moved,547.5,620.5,0.00,1.00,0.22
07/02/2025 16:11:50:759,Moved,547.50,620.50,0.00,1.00,0.30
07/02/2025 16:11:50:785,Moved,547.5,615.5,0.00,1.00,0.30
07/02/2025 16:11:50:785,Moved,547.50,615.50,0.00,1.00,0.36
07/02/2025 16:11:50:821,Moved,546.25,605.5,0.00,1.00,0.36
07/02/2025 16:11:50:821,Moved,546.25,605.50,0.00,1.00,0.45
07/02/2025 16:11:50:993,Moved,545,594.25,0.00,1.00,0.45
07/02/2025 16:11:50:993,Moved,545.00,594.25,0.00,1.00,0.97
07/02/2025 16:11:51:025,Moved,541.25,574.25,0.00,1.00,0.97
07/02/2025 16:11:51:025,Moved,541.25,574.25,0.00,1.00,1.11
07/02/2025 16:11:51:057,Moved,538.75,568,0.00,1.00,1.11
07/02/2025 16:11:51:057,Moved,538.75,568.00,0.00,1.00,1.25
07/02/2025 16:11:51:079,Moved,537.5,564.25,0.00,1.00,1.25
07/02/2025 16:11:51:079,Moved,537.50,564.25,0.00,1.00,1.35
07/02/2025 16:11:51:097,Moved,537.5,560.5,0.00,1.00,1.35
07/02/2025 16:11:51:097,Moved,537.50,560.50,0.00,1.00,1.44
07/02/2025 16:11:51:125,Moved,536.25,558,0.00,1.00,1.44
07/02/2025 16:11:51:125,Moved,536.25,558.00,0.00,1.00,1.57
07/02/2025 16:11:51:155,Moved,536.25,551.75,0.00,1.00,1.57
07/02/2025 16:11:51:155,Moved,536.25,551.75,0.00,1.00,1.73
07/02/2025 16:11:51:181,Moved,536.25,549.25,0.00,1.00,1.73
07/02/2025 16:11:51:181,Moved,536.25,549.25,0.00,1.00,1.85
07/02/2025 16:11:51:208,Moved,536.25,544.25,0.00,1.00,1.85
07/02/2025 16:11:51:208,Moved,536.25,544.25,0.00,1.00,2.02
07/02/2025 16:11:51:230,Moved,536.25,541.75,0.00,1.00,2.02
07/02/2025 16:11:51:230,Moved,536.25,541.75,0.00,1.00,2.14
07/02/2025 16:11:51:264,Moved,535,538,0.00,1.00,2.14
07/02/2025 16:11:51:264,Moved,535.00,538.00,0.00,1.00,2.34
07/02/2025 16:11:51:303,Moved,535,534.25,0.00,1.00,2.34
07/02/2025 16:11:51:303,Moved,535.00,534.25,0.00,1.00,2.57
07/02/2025 16:11:51:328,Moved,535,530.5,0.00,1.00,2.57
07/02/2025 16:11:51:328,Moved,535.00,530.50,0.00,1.00,2.74
07/02/2025 16:11:51:351,Moved,533.75,529.25,0.00,1.00,2.74
07/02/2025 16:11:51:351,Moved,533.75,529.25,0.00,1.00,2.88
07/02/2025 16:11:51:392,Moved,533.75,524.25,0.00,1.00,2.88
07/02/2025 16:11:51:392,Moved,533.75,524.25,0.00,1.00,3.15
07/02/2025 16:11:51:420,Moved,533.75,523,0.00,1.00,3.15
07/02/2025 16:11:51:420,Moved,533.75,523.00,0.00,1.00,3.34
07/02/2025 16:11:51:453,Moved,532.5,518,0.00,1.00,3.34
07/02/2025 16:11:51:453,Moved,532.50,518.00,0.00,1.00,3.56
07/02/2025 16:11:51:485,Moved,532.5,514.25,0.00,1.00,3.56
07/02/2025 16:11:51:485,Moved,532.50,514.25,0.00,1.00,3.78
07/02/2025 16:11:51:513,Moved,532.5,510.5,0.00,1.00,3.78
07/02/2025 16:11:51:513,Moved,532.50,510.50,0.00,1.00,3.99
07/02/2025 16:11:51:539,Moved,532.5,508,0.00,1.00,3.99
07/02/2025 16:11:51:539,Moved,532.50,508.00,0.00,1.00,4.18
07/02/2025 16:11:51:570,Moved,532.5,504.25,0.00,1.00,4.18
07/02/2025 16:11:51:570,Moved,532.50,504.25,0.00,1.00,4.42
07/02/2025 16:11:51:597,Moved,532.5,501.75,0.00,1.00,4.42
07/02/2025 16:11:51:597,Moved,532.50,501.75,0.00,1.00,4.61
07/02/2025 16:11:51:632,Moved,532.5,498,0.00,1.00,4.61
07/02/2025 16:11:51:632,Moved,532.50,498.00,0.00,1.00,4.89
07/02/2025 16:11:51:665,Moved,532.5,494.25,0.00,1.00,4.89
07/02/2025 16:11:51:665,Moved,532.50,494.25,0.00,1.00,5.15
07/02/2025 16:11:51:715,Moved,532.5,490.5,0.00,1.00,5.15
07/02/2025 16:11:51:715,Moved,532.50,490.50,0.00,1.00,5.57
07/02/2025 16:11:51:743,Moved,532.5,489.25,0.00,1.00,5.57
07/02/2025 16:11:51:743,Moved,532.50,489.25,0.00,1.00,5.80
07/02/2025 16:11:51:913,Moved,535,470.5,0.00,1.00,5.80
07/02/2025 16:11:51:913,Moved,535.00,470.50,0.00,1.00,7.36
07/02/2025 16:11:51:948,Moved,535,464.25,0.00,1.00,7.36
07/02/2025 16:11:51:948,Moved,535.00,464.25,0.00,1.00,7.72
07/02/2025 16:11:51:964,Moved,536.25,463,0.00,1.00,7.72
07/02/2025 16:11:51:964,Moved,536.25,463.00,0.00,1.00,7.88
07/02/2025 16:11:51:997,Moved,536.25,459.25,0.00,1.00,7.88
07/02/2025 16:11:51:997,Moved,536.25,459.25,0.00,1.00,8.20
07/02/2025 16:11:52:006,Moved,536.25,458,0.00,1.00,8.20
07/02/2025 16:11:52:006,Moved,536.25,458.00,0.00,1.00,8.30
07/02/2025 16:11:52:022,Stationary,536.25,458,0.00,1.00,8.30
07/02/2025 16:11:52:051,Moved,536.25,454.25,0.00,1.00,8.30
07/02/2025 16:11:52:051,Moved,536.25,454.25,0.00,1.00,8.59
07/02/2025 16:11:52:082,Moved,536.25,451.75,0.00,1.00,8.59
07/02/2025 16:11:52:082,Moved,536.25,451.75,0.00,1.00,8.90
07/02/2025 16:11:52:107,Moved,536.25,449.25,0.00,1.00,8.90
07/02/2025 16:11:52:107,Moved,536.25,449.25,0.00,1.00,9.16
07/02/2025 16:11:52:146,Moved,536.25,444.25,0.00,1.00,9.16
07/02/2025 16:11:52:146,Moved,536.25,444.25,0.00,1.00,9.57
07/02/2025 16:11:52:176,Moved,536.25,439.25,0.00,1.00,9.57
07/02/2025 16:11:52:176,Moved,536.25,439.25,0.00,1.00,9.90
07/02/2025 16:11:52:209,Moved,536.25,434.25,0.00,1.00,9.90
07/02/2025 16:11:52:209,Moved,536.25,434.25,0.00,1.00,10.26
07/02/2025 16:11:52:231,Moved,536.25,430.5,0.00,1.00,10.26
07/02/2025 16:11:52:231,Moved,536.25,430.50,0.00,1.00,10.50
07/02/2025 16:11:52:257,Moved,536.25,428,0.00,1.00,10.50
07/02/2025 16:11:52:257,Moved,536.25,428.00,0.00,1.00,10.81
07/02/2025 16:11:52:286,Moved,535,423,0.00,1.00,10.81
07/02/2025 16:11:52:286,Moved,535.00,423.00,0.00,1.00,11.16
07/02/2025 16:11:52:306,Moved,535,419.25,0.00,1.00,11.16
07/02/2025 16:11:52:306,Moved,535.00,419.25,0.00,1.00,11.39
07/02/2025 16:11:52:341,Moved,535,415.5,0.00,1.00,11.39
07/02/2025 16:11:52:341,Moved,535.00,415.50,0.00,1.00,11.81
07/02/2025 16:11:52:371,Moved,533.75,411.75,0.00,1.00,11.81
07/02/2025 16:11:52:371,Moved,533.75,411.75,0.00,1.00,12.15
07/02/2025 16:11:52:405,Moved,533.75,406.75,0.00,1.00,12.15
07/02/2025 16:11:52:405,Moved,533.75,406.75,0.00,1.00,12.60
07/02/2025 16:11:52:424,Moved,533.75,405.5,0.00,1.00,12.60
07/02/2025 16:11:52:424,Moved,533.75,405.50,0.00,1.00,12.84
07/02/2025 16:11:52:454,Moved,535,401.75,0.00,1.00,12.84
07/02/2025 16:11:52:454,Moved,535.00,401.75,0.00,1.00,13.22
07/02/2025 16:11:52:474,Moved,535,400.5,0.00,1.00,13.22
07/02/2025 16:11:52:474,Moved,535.00,400.50,0.00,1.00,13.45
07/02/2025 16:11:52:507,Moved,535,396.75,0.00,1.00,13.45
07/02/2025 16:11:52:507,Moved,535.00,396.75,0.00,1.00,13.89
07/02/2025 16:11:52:536,Moved,536.25,394.25,0.00,1.00,13.89
07/02/2025 16:11:52:536,Moved,536.25,394.25,0.00,1.00,14.27
07/02/2025 16:11:52:561,Moved,536.25,390.5,0.00,1.00,14.27
07/02/2025 16:11:52:561,Moved,536.25,390.50,0.00,1.00,14.59
07/02/2025 16:11:52:591,Moved,535,388,0.00,1.00,14.59
07/02/2025 16:11:52:591,Moved,535.00,388.00,0.00,1.00,15.00
07/02/2025 16:11:52:622,Moved,535,384.25,0.00,1.00,15.00
07/02/2025 16:11:52:622,Moved,535.00,384.25,0.00,1.00,15.43
07/02/2025 16:11:52:647,Moved,535,381.75,0.00,1.00,15.43
07/02/2025 16:11:52:647,Moved,535.00,381.75,0.00,1.00,15.77
07/02/2025 16:11:52:672,Moved,535,379.25,0.00,1.00,15.77
07/02/2025 16:11:52:672,Moved,535.00,379.25,0.00,1.00,16.09
07/02/2025 16:11:52:762,Moved,535,371.75,0.00,1.00,16.09
07/02/2025 16:11:52:762,Moved,535.00,371.75,0.00,1.00,17.27
07/02/2025 16:11:52:872,Moved,535,360.5,0.00,1.00,17.27
07/02/2025 16:11:52:872,Moved,535.00,360.50,0.00,1.00,19.00
07/02/2025 16:11:52:892,Moved,535,358,0.00,1.00,19.00
07/02/2025 16:11:52:892,Moved,535.00,358.00,0.00,1.00,19.32
07/02/2025 16:11:52:914,Moved,535,355.5,0.00,1.00,19.32
07/02/2025 16:11:52:914,Moved,535.00,355.50,0.00,1.00,19.64
07/02/2025 16:11:52:935,Moved,535,354.25,0.00,1.00,19.64
07/02/2025 16:11:52:935,Moved,535.00,354.25,0.00,1.00,19.96
07/02/2025 16:11:52:957,Moved,535,350.5,0.00,1.00,19.96
07/02/2025 16:11:52:957,Moved,535.00,350.50,0.00,1.00,20.30
07/02/2025 16:11:52:982,Moved,535,349.25,0.00,1.00,20.30
07/02/2025 16:11:52:982,Moved,535.00,349.25,0.00,1.00,20.66
07/02/2025 16:11:53:017,Moved,535,344.25,0.00,1.00,20.66
07/02/2025 16:11:53:017,Moved,535.00,344.25,0.00,1.00,21.22
07/02/2025 16:11:53:045,Moved,535,339.25,0.00,1.00,21.22
07/02/2025 16:11:53:045,Moved,535.00,339.25,0.00,1.00,21.66
07/02/2025 16:11:53:065,Moved,535,336.75,0.00,1.00,21.66
07/02/2025 16:11:53:065,Moved,535.00,336.75,0.00,1.00,21.98
07/02/2025 16:11:53:082,Moved,535,334.25,0.00,1.00,21.98
07/02/2025 16:11:53:082,Moved,535.00,334.25,0.00,1.00,22.27
07/02/2025 16:11:53:114,Moved,535,331.75,0.00,1.00,22.27
07/02/2025 16:11:53:114,Moved,535.00,331.75,0.00,1.00,22.77
07/02/2025 16:11:53:142,Moved,535,329.25,0.00,1.00,22.77
07/02/2025 16:11:53:142,Moved,535.00,329.25,0.00,1.00,23.25
07/02/2025 16:11:53:165,Moved,535,328,0.00,1.00,23.25
07/02/2025 16:11:53:165,Moved,535.00,328.00,0.00,1.00,23.61
07/02/2025 16:11:53:194,Moved,535,324.25,0.00,1.00,23.61
07/02/2025 16:11:53:194,Moved,535.00,324.25,0.00,1.00,24.09
07/02/2025 16:11:53:213,Moved,535,323,0.00,1.00,24.09
07/02/2025 16:11:53:213,Moved,535.00,323.00,0.00,1.00,24.40
07/02/2025 16:11:53:236,Moved,535,319.25,0.00,1.00,24.40
07/02/2025 16:11:53:236,Moved,535.00,319.25,0.00,1.00,24.80
07/02/2025 16:11:53:273,Moved,533.75,315.5,0.00,1.00,24.80
07/02/2025 16:11:53:273,Moved,533.75,315.50,0.00,1.00,25.40
07/02/2025 16:11:53:292,Moved,533.75,314.25,0.00,1.00,25.40
07/02/2025 16:11:53:292,Moved,533.75,314.25,0.00,1.00,25.74
07/02/2025 16:11:53:323,Moved,532.5,313,0.00,1.00,25.74
07/02/2025 16:11:53:323,Moved,532.50,313.00,0.00,1.00,26.28
07/02/2025 16:11:53:344,Moved,532.5,311.75,0.00,1.00,26.28
07/02/2025 16:11:53:344,Moved,532.50,311.75,0.00,1.00,26.60
07/02/2025 16:11:53:366,Moved,532.5,310.5,0.00,1.00,26.60
07/02/2025 16:11:53:366,Moved,532.50,310.50,0.00,1.00,26.99
07/02/2025 16:11:53:396,Moved,532.5,309.25,0.00,1.00,26.99
07/02/2025 16:11:53:396,Moved,532.50,309.25,0.00,1.00,27.53
07/02/2025 16:11:53:427,Moved,532.5,305.5,0.00,1.00,27.53
07/02/2025 16:11:53:427,Moved,532.50,305.50,0.00,1.00,28.07
07/02/2025 16:11:53:441,Stationary,532.5,305.5,0.00,1.00,28.07
07/02/2025 16:11:53:481,Moved,532.5,304.25,0.00,1.00,28.07
07/02/2025 16:11:53:481,Moved,532.50,304.25,0.00,1.00,28.73
07/02/2025 16:11:53:509,Moved,532.5,301.75,0.00,1.00,28.73
07/02/2025 16:11:53:509,Moved,532.50,301.75,0.00,1.00,29.24
07/02/2025 16:11:53:542,Moved,532.5,300.5,0.00,1.00,29.24
07/02/2025 16:11:53:542,Moved,532.50,300.50,0.00,1.00,29.83
07/02/2025 16:11:53:563,Moved,532.5,299.25,0.00,1.00,29.83
07/02/2025 16:11:53:563,Moved,532.50,299.25,0.00,1.00,30.22
07/02/2025 16:11:53:647,Moved,531.25,298,0.00,1.00,30.22
07/02/2025 16:11:53:647,Moved,531.25,298.00,0.00,1.00,31.48
07/02/2025 16:11:53:752,Moved,530,293,0.00,1.00,31.48
07/02/2025 16:11:53:752,Moved,530.00,293.00,0.00,1.00,33.61
07/02/2025 16:11:53:788,Moved,530,290.5,0.00,1.00,33.61
07/02/2025 16:11:53:788,Moved,530.00,290.50,0.00,1.00,34.29
07/02/2025 16:11:53:799,Stationary,530,290.5,0.00,1.00,34.29
07/02/2025 16:11:53:832,Moved,530,289.25,0.00,1.00,34.29
07/02/2025 16:11:53:832,Moved,530.00,289.25,0.00,1.00,34.91
07/02/2025 16:11:53:868,Moved,530,285.5,0.00,1.00,34.91
07/02/2025 16:11:53:868,Moved,530.00,285.50,0.00,1.00,35.56
07/02/2025 16:11:53:899,Moved,530,284.25,0.00,1.00,35.56
07/02/2025 16:11:53:899,Moved,530.00,284.25,0.00,1.00,36.13
07/02/2025 16:11:53:928,Moved,530,283,0.00,1.00,36.13
07/02/2025 16:11:53:928,Moved,530.00,283.00,0.00,1.00,36.66
07/02/2025 16:11:53:945,Moved,530,281.75,0.00,1.00,36.66
07/02/2025 16:11:53:945,Moved,530.00,281.75,0.00,1.00,36.99
07/02/2025 16:11:53:967,Moved,530,280.5,0.00,1.00,36.99
07/02/2025 16:11:53:967,Moved,530.00,280.50,0.00,1.00,37.42
07/02/2025 16:11:53:996,Moved,530,279.25,0.00,1.00,37.42
07/02/2025 16:11:53:996,Moved,530.00,279.25,0.00,1.00,37.96
07/02/2025 16:11:54:021,Moved,530,278,0.00,1.00,37.96
07/02/2025 16:11:54:021,Moved,530.00,278.00,0.00,1.00,38.40
07/02/2025 16:11:54:040,Moved,530,276.75,0.00,1.00,38.40
07/02/2025 16:11:54:040,Moved,530.00,276.75,0.00,1.00,38.77
07/02/2025 16:11:54:064,Moved,530,275.5,0.00,1.00,38.77
07/02/2025 16:11:54:064,Moved,530.00,275.50,0.00,1.00,39.24
07/02/2025 16:11:54:084,Moved,530,274.25,0.00,1.00,39.24
07/02/2025 16:11:54:084,Moved,530.00,274.25,0.00,1.00,39.57
07/02/2025 16:11:54:101,Stationary,530,274.25,0.00,1.00,39.57
07/02/2025 16:11:54:149,Moved,530,270.5,0.00,1.00,39.57
07/02/2025 16:11:54:149,Moved,530.00,270.50,0.00,1.00,40.45
07/02/2025 16:11:54:181,Moved,530,269.25,0.00,1.00,40.45
07/02/2025 16:11:54:181,Moved,530.00,269.25,0.00,1.00,41.08
07/02/2025 16:11:54:229,Moved,530,266.75,0.00,1.00,41.08
07/02/2025 16:11:54:229,Moved,530.00,266.75,0.00,1.00,42.02
07/02/2025 16:11:54:244,Moved,530,265.5,0.00,1.00,42.02
07/02/2025 16:11:54:244,Moved,530.00,265.50,0.00,1.00,42.33
07/02/2025 16:11:54:284,Moved,530,264.25,0.00,1.00,42.33
07/02/2025 16:11:54:284,Moved,530.00,264.25,0.00,1.00,43.08
07/02/2025 16:11:54:313,Stationary,530,264.25,0.00,1.00,43.08
07/02/2025 16:11:54:341,Moved,530,263,0.00,1.00,43.08
07/02/2025 16:11:54:341,Moved,530.00,263.00,0.00,1.00,43.58
07/02/2025 16:11:54:370,Moved,530,261.75,0.00,1.00,43.58
07/02/2025 16:11:54:370,Moved,530.00,261.75,0.00,1.00,44.19
07/02/2025 16:11:54:399,Moved,530,260.5,0.00,1.00,44.19
07/02/2025 16:11:54:399,Moved,530.00,260.50,0.00,1.00,44.68
07/02/2025 16:11:54:446,Moved,530,259.25,0.00,1.00,44.68
07/02/2025 16:11:54:446,Moved,530.00,259.25,0.00,1.00,45.67
07/02/2025 16:11:54:471,Moved,530,258,0.00,1.00,45.67
07/02/2025 16:11:54:471,Moved,530.00,258.00,0.00,1.00,46.18
07/02/2025 16:11:54:523,Moved,530,255.5,0.00,1.00,46.18
07/02/2025 16:11:54:523,Moved,530.00,255.50,0.00,1.00,47.17
07/02/2025 16:11:54:654,Moved,530,249.25,0.00,1.00,47.17
07/02/2025 16:11:54:654,Moved,530.00,249.25,0.00,1.00,49.84
07/02/2025 16:11:54:683,Stationary,530,249.25,0.00,1.00,49.84
07/02/2025 16:11:54:711,Moved,530,246.75,0.00,1.00,49.84
07/02/2025 16:11:54:711,Moved,530.00,246.75,0.00,1.00,50.43
07/02/2025 16:11:54:738,Moved,530,245.5,0.00,1.00,50.43
07/02/2025 16:11:54:738,Moved,530.00,245.50,0.00,1.00,51.00
07/02/2025 16:11:54:773,Moved,530,244.25,0.00,1.00,51.00
07/02/2025 16:11:54:773,Moved,530.00,244.25,0.00,1.00,51.68
07/02/2025 16:11:54:792,Moved,530,241.75,0.00,1.00,51.68
07/02/2025 16:11:54:792,Moved,530.00,241.75,0.00,1.00,52.15
07/02/2025 16:11:54:823,Moved,530,239.25,0.00,1.00,52.15
07/02/2025 16:11:54:823,Moved,530.00,239.25,0.00,1.00,52.74
07/02/2025 16:11:54:848,Moved,530,238,0.00,1.00,52.74
07/02/2025 16:11:54:848,Moved,530.00,238.00,0.00,1.00,53.28
07/02/2025 16:11:54:881,Moved,530,235.5,0.00,1.00,53.28
07/02/2025 16:11:54:881,Moved,530.00,235.50,0.00,1.00,53.98
07/02/2025 16:11:54:909,Moved,530,234.25,0.00,1.00,53.98
07/02/2025 16:11:54:909,Moved,530.00,234.25,0.00,1.00,54.59
07/02/2025 16:11:54:939,Moved,530,231.75,0.00,1.00,54.59
07/02/2025 16:11:54:939,Moved,530.00,231.75,0.00,1.00,55.23
07/02/2025 16:11:54:970,Moved,530,229.25,0.00,1.00,55.23
07/02/2025 16:11:54:970,Moved,530.00,229.25,0.00,1.00,55.87
07/02/2025 16:11:55:008,Moved,530,228,0.00,1.00,55.87
07/02/2025 16:11:55:008,Moved,530.00,228.00,0.00,1.00,56.69
07/02/2025 16:11:55:036,Moved,528.75,223,0.00,1.00,56.69
07/02/2025 16:11:55:036,Moved,528.75,223.00,0.00,1.00,57.28
07/02/2025 16:11:55:052,Stationary,528.75,223,0.00,1.00,57.28
07/02/2025 16:11:55:093,Moved,527.5,219.25,0.00,1.00,57.28
07/02/2025 16:11:55:093,Moved,527.50,219.25,0.00,1.00,58.18
07/02/2025 16:11:55:137,Moved,527.5,214.25,0.00,1.00,58.18
07/02/2025 16:11:55:137,Moved,527.50,214.25,0.00,1.00,59.12
07/02/2025 16:11:55:163,Moved,527.5,213,0.00,1.00,59.12
07/02/2025 16:11:55:163,Moved,527.50,213.00,0.00,1.00,59.73
07/02/2025 16:11:55:189,Moved,527.5,209.25,0.00,1.00,59.73
07/02/2025 16:11:55:189,Moved,527.50,209.25,0.00,1.00,60.32
07/02/2025 16:11:55:217,Moved,527.5,208,0.00,1.00,60.32
07/02/2025 16:11:55:217,Moved,527.50,208.00,0.00,1.00,60.98
07/02/2025 16:11:55:236,Moved,527.5,206.75,0.00,1.00,60.98
07/02/2025 16:11:55:236,Moved,527.50,206.75,0.00,1.00,61.31
07/02/2025 16:11:55:267,Moved,527.5,204.25,0.00,1.00,61.31
07/02/2025 16:11:55:267,Moved,527.50,204.25,0.00,1.00,62.06
07/02/2025 16:11:55:297,Moved,527.5,200.5,0.00,1.00,62.06
07/02/2025 16:11:55:297,Moved,527.50,200.50,0.00,1.00,62.74
07/02/2025 16:11:55:324,Moved,527.5,199.25,0.00,1.00,62.74
07/02/2025 16:11:55:324,Moved,527.50,199.25,0.00,1.00,63.37
07/02/2025 16:11:55:352,Moved,527.5,196.75,0.00,1.00,63.37
07/02/2025 16:11:55:352,Moved,527.50,196.75,0.00,1.00,64.01
07/02/2025 16:11:55:385,Moved,527.5,193,0.00,1.00,64.01
07/02/2025 16:11:55:385,Moved,527.50,193.00,0.00,1.00,64.78
07/02/2025 16:11:55:411,Moved,527.5,190.5,0.00,1.00,64.78
07/02/2025 16:11:55:411,Moved,527.50,190.50,0.00,1.00,65.36
07/02/2025 16:11:55:444,Moved,527.5,185.5,0.00,1.00,65.36
07/02/2025 16:11:55:444,Moved,527.50,185.50,0.00,1.00,66.16
07/02/2025 16:11:55:612,Moved,528.75,170.5,0.00,1.00,66.16
07/02/2025 16:11:55:612,Moved,528.75,170.50,0.00,1.00,70.07
07/02/2025 16:11:55:663,Ended,528.75,169.25,0.00,1.00,70.07
07/02/2025 16:11:55:663,Ended,528.75,169.25,0.00,1.00,70.07
07/02/2025 16:15:17:931,Began,552.5,616.75,0.00,1.00,0.00
07/02/2025 16:15:17:931,Began,552.50,616.75,0.00,1.00,0.00
07/02/2025 16:15:17:971,Moved,555,605.5,0.00,1.00,0.00
07/02/2025 16:15:17:971,Moved,555.00,605.50,0.00,1.00,0.03
07/02/2025 16:15:18:083,Moved,542.5,553,0.00,1.00,0.03
07/02/2025 16:15:18:083,Moved,542.50,553.00,0.00,1.00,0.38
07/02/2025 16:15:18:166,Moved,525,488,0.00,1.00,0.38
07/02/2025 16:15:18:166,Moved,525.00,488.00,0.00,1.00,0.93
07/02/2025 16:15:18:202,Moved,517.5,459.25,0.00,1.00,0.93
07/02/2025 16:15:18:202,Moved,517.50,459.25,0.00,1.00,1.21
07/02/2025 16:15:18:241,Moved,511.25,435.5,0.00,1.00,1.21
07/02/2025 16:15:18:241,Moved,511.25,435.50,0.00,1.00,1.58
07/02/2025 16:15:18:453,Moved,490,271.75,0.00,1.00,1.58
07/02/2025 16:15:18:453,Moved,490.00,271.75,0.00,1.00,5.19
07/02/2025 16:15:18:529,Moved,487.5,214.25,0.00,1.00,5.19
07/02/2025 16:15:18:529,Moved,487.50,214.25,0.00,1.00,6.75
07/02/2025 16:15:18:557,Moved,486.25,199.25,0.00,1.00,6.75
07/02/2025 16:15:18:557,Moved,486.25,199.25,0.00,1.00,7.34
07/02/2025 16:15:18:585,Moved,487.5,179.25,0.00,1.00,7.34
07/02/2025 16:15:18:585,Moved,487.50,179.25,0.00,1.00,7.94
07/02/2025 16:15:18:614,Moved,487.5,159.25,0.00,1.00,7.94
07/02/2025 16:15:18:614,Moved,487.50,159.25,0.00,1.00,8.63
07/02/2025 16:15:18:679,Moved,490,123,0.00,1.00,8.63
07/02/2025 16:15:18:679,Moved,490.00,123.00,0.00,1.00,10.24
07/02/2025 16:15:18:721,Moved,491.25,104.25,0.00,1.00,10.24
07/02/2025 16:15:18:721,Moved,491.25,104.25,0.00,1.00,11.31
07/02/2025 16:15:18:755,Moved,492.5,90.50002,0.00,1.00,11.31
07/02/2025 16:15:18:755,Moved,492.50,90.50,0.00,1.00,12.23
07/02/2025 16:15:18:803,Moved,492.5,76.75002,0.00,1.00,12.23
07/02/2025 16:15:18:803,Moved,492.50,76.75,0.00,1.00,13.51
07/02/2025 16:15:18:902,Moved,491.25,63.00002,0.00,1.00,13.51
07/02/2025 16:15:18:902,Moved,491.25,63.00,0.00,1.00,16.25
07/02/2025 16:15:18:957,Moved,490,56.75002,0.00,1.00,16.25
07/02/2025 16:15:18:957,Moved,490.00,56.75,0.00,1.00,17.79
07/02/2025 16:15:19:070,Ended,488.75,51.75002,0.00,1.00,17.79
07/02/2025 16:15:19:070,Ended,488.75,51.75,0.00,1.00,17.79
07/02/2025 16:15:40:624,Began,788.7501,322.5,0.00,1.00,17.79
07/02/2025 16:15:40:624,Began,788.75,322.50,0.00,1.00,17.79
07/02/2025 16:15:40:661,Moved,786.2501,321.25,0.00,1.00,17.79
07/02/2025 16:15:40:661,Moved,786.25,321.25,0.00,1.00,17.79
07/02/2025 16:15:40:706,Moved,763.7501,302.5,0.00,1.00,17.79
07/02/2025 16:15:40:706,Moved,763.75,302.50,0.00,1.00,17.84
07/02/2025 16:15:40:762,Moved,708.7501,242.5,0.00,1.00,17.84
07/02/2025 16:15:40:762,Moved,708.75,242.50,0.00,1.00,18.06
07/02/2025 16:15:40:811,Moved,673.7501,192.5,0.00,1.00,18.06
07/02/2025 16:15:40:811,Moved,673.75,192.50,0.00,1.00,18.36
07/02/2025 16:15:40:960,Moved,607.5,7.499981,0.00,1.00,18.36
07/02/2025 16:15:40:960,Moved,607.50,7.50,0.00,1.00,20.77
07/02/2025 16:15:41:033,Moved,597.5,-32.50002,0.00,1.00,20.77
07/02/2025 16:15:41:033,Moved,597.50,-32.50,0.00,1.00,22.03
07/02/2025 16:15:41:059,Moved,592.5,-48.75002,0.00,1.00,22.03
07/02/2025 16:15:41:059,Moved,592.50,-48.75,0.00,1.00,22.55
07/02/2025 16:15:41:082,Moved,590,-58.75002,0.00,1.00,22.55
07/02/2025 16:15:41:082,Moved,590.00,-58.75,0.00,1.00,22.99
07/02/2025 16:15:41:104,Moved,587.5,-73.75002,0.00,1.00,22.99
07/02/2025 16:15:41:104,Moved,587.50,-73.75,0.00,1.00,23.42
07/02/2025 16:15:41:130,Moved,581.25,-92.50002,0.00,1.00,23.42
07/02/2025 16:15:41:130,Moved,581.25,-92.50,0.00,1.00,23.95
07/02/2025 16:15:41:199,Ended,580,-98.75002,0.00,1.00,23.95
07/02/2025 16:15:41:199,Ended,580.00,-98.75,0.00,1.00,23.95
07/02/2025 16:15:41:589,Began,413.75,256.25,0.00,1.00,23.95
07/02/2025 16:15:41:589,Began,413.75,256.25,0.00,1.00,23.95
07/02/2025 16:15:41:620,Moved,416.25,253.75,0.00,1.00,23.95
07/02/2025 16:15:41:620,Moved,416.25,253.75,0.00,1.00,23.96
07/02/2025 16:15:41:767,Moved,492.5,180,0.00,1.00,23.96
07/02/2025 16:15:41:767,Moved,492.50,180.00,0.00,1.00,24.51
07/02/2025 16:15:41:813,Moved,507.5,158.75,0.00,1.00,24.51
07/02/2025 16:15:41:813,Moved,507.50,158.75,0.00,1.00,24.74
07/02/2025 16:15:41:887,Moved,525,141.25,0.00,1.00,24.74
07/02/2025 16:15:41:887,Moved,525.00,141.25,0.00,1.00,25.17
07/02/2025 16:15:41:910,Moved,528.75,136.25,0.00,1.00,25.17
07/02/2025 16:15:41:910,Moved,528.75,136.25,0.00,1.00,25.30
07/02/2025 16:15:41:937,Moved,533.75,131.25,0.00,1.00,25.30
07/02/2025 16:15:41:937,Moved,533.75,131.25,0.00,1.00,25.47
07/02/2025 16:15:41:962,Moved,537.5,125,0.00,1.00,25.47
07/02/2025 16:15:41:962,Moved,537.50,125.00,0.00,1.00,25.64
07/02/2025 16:15:42:038,Moved,543.75,111.25,0.00,1.00,25.64
07/02/2025 16:15:42:038,Moved,543.75,111.25,0.00,1.00,26.17
07/02/2025 16:15:42:076,Moved,545,106.25,0.00,1.00,26.17
07/02/2025 16:15:42:076,Moved,545.00,106.25,0.00,1.00,26.47
07/02/2025 16:15:42:098,Moved,546.25,102.5,0.00,1.00,26.47
07/02/2025 16:15:42:098,Moved,546.25,102.50,0.00,1.00,26.65
07/02/2025 16:15:42:128,Moved,547.5,99.99998,0.00,1.00,26.65
07/02/2025 16:15:42:128,Moved,547.50,100.00,0.00,1.00,26.87
07/02/2025 16:15:42:195,Moved,547.5,92.49998,0.00,1.00,26.87
07/02/2025 16:15:42:195,Moved,547.50,92.50,0.00,1.00,27.42
07/02/2025 16:15:42:218,Moved,547.5,91.24998,0.00,1.00,27.42
07/02/2025 16:15:42:218,Moved,547.50,91.25,0.00,1.00,27.63
07/02/2025 16:15:42:242,Moved,548.75,91.24998,0.00,1.00,27.63
07/02/2025 16:15:42:242,Moved,548.75,91.25,0.00,1.00,27.81
07/02/2025 16:15:42:281,Moved,548.75,89.99998,0.00,1.00,27.81
07/02/2025 16:15:42:281,Moved,548.75,90.00,0.00,1.00,28.13
07/02/2025 16:15:42:353,Moved,557.5,86.24998,0.00,1.00,28.13
07/02/2025 16:15:42:353,Moved,557.50,86.25,0.00,1.00,28.74
07/02/2025 16:15:42:512,Moved,562.5,84.99998,0.00,1.00,28.74
07/02/2025 16:15:42:512,Moved,562.50,85.00,0.00,1.00,30.11
07/02/2025 16:15:42:599,Moved,600,61.24998,0.00,1.00,30.11
07/02/2025 16:15:42:599,Moved,600.00,61.25,0.00,1.00,30.95
07/02/2025 16:15:42:619,Moved,601.25,58.74998,0.00,1.00,30.95
07/02/2025 16:15:42:619,Moved,601.25,58.75,0.00,1.00,31.14
07/02/2025 16:15:42:645,Moved,602.5,53.74998,0.00,1.00,31.14
07/02/2025 16:15:42:645,Moved,602.50,53.75,0.00,1.00,31.42
07/02/2025 16:15:42:675,Moved,605,46.24998,0.00,1.00,31.42
07/02/2025 16:15:42:675,Moved,605.00,46.25,0.00,1.00,31.74
07/02/2025 16:15:42:756,Ended,607.5,36.24998,0.00,1.00,31.74
07/02/2025 16:15:42:756,Ended,607.50,36.25,0.00,1.00,31.74
07/02/2025 16:21:15:124,Began,560,362.5,0.00,1.00,31.74
07/02/2025 16:21:15:124,Began,560.00,362.50,0.00,1.00,31.74
07/02/2025 16:21:15:146,Moved,557.5,346.25,0.00,1.00,31.74
07/02/2025 16:21:15:146,Moved,557.50,346.25,0.00,1.00,31.76
07/02/2025 16:21:15:202,Moved,557.5,325,0.00,1.00,31.76
07/02/2025 16:21:15:202,Moved,557.50,325.00,0.00,1.00,31.86
07/02/2025 16:21:15:395,Moved,561.25,218.75,0.00,1.00,31.86
07/02/2025 16:21:15:395,Moved,561.25,218.75,0.00,1.00,33.25
07/02/2025 16:21:15:476,Moved,565,191.25,0.00,1.00,33.25
07/02/2025 16:21:15:476,Moved,565.00,191.25,0.00,1.00,33.96
07/02/2025 16:21:15:497,Moved,566.25,185,0.00,1.00,33.96
07/02/2025 16:21:15:497,Moved,566.25,185.00,0.00,1.00,34.13
07/02/2025 16:21:15:526,Moved,567.5,176.25,0.00,1.00,34.13
07/02/2025 16:21:15:526,Moved,567.50,176.25,0.00,1.00,34.42
07/02/2025 16:21:15:557,Moved,570,166.25,0.00,1.00,34.42
07/02/2025 16:21:15:557,Moved,570.00,166.25,0.00,1.00,34.72
07/02/2025 16:21:15:626,Moved,572.5,151.25,0.00,1.00,34.72
07/02/2025 16:21:15:626,Moved,572.50,151.25,0.00,1.00,35.43
07/02/2025 16:21:15:662,Moved,572.5,143.75,0.00,1.00,35.43
07/02/2025 16:21:15:662,Moved,572.50,143.75,0.00,1.00,35.86
07/02/2025 16:21:15:690,Moved,572.5,140,0.00,1.00,35.86
07/02/2025 16:21:15:690,Moved,572.50,140.00,0.00,1.00,36.16
07/02/2025 16:21:15:723,Moved,572.5,136.25,0.00,1.00,36.16
07/02/2025 16:21:15:723,Moved,572.50,136.25,0.00,1.00,36.54
07/02/2025 16:21:15:781,Moved,572.5,130,0.00,1.00,36.54
07/02/2025 16:21:15:781,Moved,572.50,130.00,0.00,1.00,37.21
07/02/2025 16:21:15:808,Moved,572.5,126.25,0.00,1.00,37.21
07/02/2025 16:21:15:808,Moved,572.50,126.25,0.00,1.00,37.53
07/02/2025 16:21:15:841,Moved,572.5,120,0.00,1.00,37.53
07/02/2025 16:21:15:841,Moved,572.50,120.00,0.00,1.00,37.92
07/02/2025 16:21:15:878,Moved,572.5,113.75,0.00,1.00,37.92
07/02/2025 16:21:15:878,Moved,572.50,113.75,0.00,1.00,38.39
07/02/2025 16:21:15:965,Moved,571.25,97.49998,0.00,1.00,38.39
07/02/2025 16:21:15:965,Moved,571.25,97.50,0.00,1.00,39.52
07/02/2025 16:21:15:997,Moved,571.25,91.24998,0.00,1.00,39.52
07/02/2025 16:21:15:997,Moved,571.25,91.25,0.00,1.00,39.98
07/02/2025 16:21:16:030,Moved,570,86.24998,0.00,1.00,39.98
07/02/2025 16:21:16:030,Moved,570.00,86.25,0.00,1.00,40.43
07/02/2025 16:21:16:103,Moved,568.75,77.49998,0.00,1.00,40.43
07/02/2025 16:21:16:103,Moved,568.75,77.50,0.00,1.00,41.47
07/02/2025 16:21:16:145,Moved,567.5,73.74998,0.00,1.00,41.47
07/02/2025 16:21:16:145,Moved,567.50,73.75,0.00,1.00,42.08
07/02/2025 16:21:16:176,Moved,567.5,69.99998,0.00,1.00,42.08
07/02/2025 16:21:16:176,Moved,567.50,70.00,0.00,1.00,42.54
07/02/2025 16:21:16:205,Moved,567.5,66.24998,0.00,1.00,42.54
07/02/2025 16:21:16:205,Moved,567.50,66.25,0.00,1.00,42.97
07/02/2025 16:21:16:262,Moved,566.25,62.49998,0.00,1.00,42.97
07/02/2025 16:21:16:262,Moved,566.25,62.50,0.00,1.00,43.82
07/02/2025 16:21:16:298,Moved,565,59.99998,0.00,1.00,43.82
07/02/2025 16:21:16:298,Moved,565.00,60.00,0.00,1.00,44.36
07/02/2025 16:21:16:319,Moved,565,57.49998,0.00,1.00,44.36
07/02/2025 16:21:16:319,Moved,565.00,57.50,0.00,1.00,44.67
07/02/2025 16:21:16:357,Moved,563.75,54.99998,0.00,1.00,44.67
07/02/2025 16:21:16:357,Moved,563.75,55.00,0.00,1.00,45.26
07/02/2025 16:21:16:417,Moved,562.5,49.99998,0.00,1.00,45.26
07/02/2025 16:21:16:417,Moved,562.50,50.00,0.00,1.00,46.21
07/02/2025 16:21:16:446,Moved,562.5,46.24998,0.00,1.00,46.21
07/02/2025 16:21:16:446,Moved,562.50,46.25,0.00,1.00,46.67
07/02/2025 16:21:16:470,Moved,561.25,46.24998,0.00,1.00,46.67
07/02/2025 16:21:16:470,Moved,561.25,46.25,0.00,1.00,47.01
07/02/2025 16:21:16:489,Moved,561.25,43.74998,0.00,1.00,47.01
07/02/2025 16:21:16:489,Moved,561.25,43.75,0.00,1.00,47.35
07/02/2025 16:21:16:512,Moved,561.25,42.49998,0.00,1.00,47.35
07/02/2025 16:21:16:512,Moved,561.25,42.50,0.00,1.00,47.71
07/02/2025 16:21:16:708,Moved,557.5,34.99998,0.00,1.00,47.71
07/02/2025 16:21:16:708,Moved,557.50,35.00,0.00,1.00,50.52
07/02/2025 16:21:16:800,Moved,556.25,28.74998,0.00,1.00,50.52
07/02/2025 16:21:16:800,Moved,556.25,28.75,0.00,1.00,52.43
07/02/2025 16:21:16:825,Moved,556.25,27.49998,0.00,1.00,52.43
07/02/2025 16:21:16:825,Moved,556.25,27.50,0.00,1.00,52.88
07/02/2025 16:21:16:848,Moved,556.25,26.24998,0.00,1.00,52.88
07/02/2025 16:21:16:848,Moved,556.25,26.25,0.00,1.00,53.29
07/02/2025 16:21:16:912,Moved,556.25,19.99998,0.00,1.00,53.29
07/02/2025 16:21:16:912,Moved,556.25,20.00,0.00,1.00,54.37
07/02/2025 16:21:16:950,Moved,556.25,16.24998,0.00,1.00,54.37
07/02/2025 16:21:16:950,Moved,556.25,16.25,0.00,1.00,55.02
07/02/2025 16:21:16:970,Moved,555,13.74998,0.00,1.00,55.02
07/02/2025 16:21:16:970,Moved,555.00,13.75,0.00,1.00,55.36
07/02/2025 16:21:16:993,Moved,555,12.49998,0.00,1.00,55.36
07/02/2025 16:21:16:993,Moved,555.00,12.50,0.00,1.00,55.78
07/02/2025 16:21:17:026,Moved,553.75,9.999981,0.00,1.00,55.78
07/02/2025 16:21:17:026,Moved,553.75,10.00,0.00,1.00,56.34
07/02/2025 16:21:17:080,Ended,553.75,6.249981,0.00,1.00,56.34
07/02/2025 16:21:17:080,Ended,553.75,6.25,0.00,1.00,56.34
07/02/2025 16:27:53:140,Began,667.5001,391.25,0.00,1.00,0.00
07/02/2025 16:27:53:140,Began,667.50,391.25,0.00,1.00,0.00
07/02/2025 16:27:53:208,Moved,657.5001,352.5,0.00,1.00,0.00
07/02/2025 16:27:53:208,Moved,657.50,352.50,0.00,1.00,0.15
07/02/2025 16:27:53:253,Moved,652.5001,308.75,0.00,1.00,0.15
07/02/2025 16:27:53:253,Moved,652.50,308.75,0.00,1.00,0.33
07/02/2025 16:27:53:304,Moved,648.7501,270,0.00,1.00,0.33
07/02/2025 16:27:53:304,Moved,648.75,270.00,0.00,1.00,0.64
07/02/2025 16:27:53:377,Moved,646.2501,222.5,0.00,1.00,0.64
07/02/2025 16:27:53:377,Moved,646.25,222.50,0.00,1.00,1.26
07/02/2025 16:27:53:405,Moved,645.0001,210,0.00,1.00,1.26
07/02/2025 16:27:53:405,Moved,645.00,210.00,0.00,1.00,1.52
07/02/2025 16:27:53:430,Moved,643.7501,202.5,0.00,1.00,1.52
07/02/2025 16:27:53:430,Moved,643.75,202.50,0.00,1.00,1.74
07/02/2025 16:27:53:472,Moved,642.5001,185,0.00,1.00,1.74
07/02/2025 16:27:53:472,Moved,642.50,185.00,0.00,1.00,2.19
07/02/2025 16:27:53:546,Moved,640,153.75,0.00,1.00,2.19
07/02/2025 16:27:53:546,Moved,640.00,153.75,0.00,1.00,3.06
07/02/2025 16:27:53:571,Moved,638.75,146.25,0.00,1.00,3.06
07/02/2025 16:27:53:571,Moved,638.75,146.25,0.00,1.00,3.37
07/02/2025 16:27:53:601,Moved,638.75,127.5,0.00,1.00,3.37
07/02/2025 16:27:53:601,Moved,638.75,127.50,0.00,1.00,3.77
07/02/2025 16:27:53:623,Moved,638.75,120,0.00,1.00,3.77
07/02/2025 16:27:53:623,Moved,638.75,120.00,0.00,1.00,4.08
07/02/2025 16:27:53:691,Moved,640,92.49998,0.00,1.00,4.08
07/02/2025 16:27:53:691,Moved,640.00,92.50,0.00,1.00,5.07
07/02/2025 16:27:53:723,Moved,642.5001,81.24998,0.00,1.00,5.07
07/02/2025 16:27:53:723,Moved,642.50,81.25,0.00,1.00,5.59
07/02/2025 16:27:53:757,Moved,643.7501,67.49998,0.00,1.00,5.59
07/02/2025 16:27:53:757,Moved,643.75,67.50,0.00,1.00,6.12
07/02/2025 16:27:53:786,Moved,645.0001,61.24998,0.00,1.00,6.12
07/02/2025 16:27:53:786,Moved,645.00,61.25,0.00,1.00,6.59
07/02/2025 16:27:53:858,Moved,650.0001,41.24998,0.00,1.00,6.59
07/02/2025 16:27:53:858,Moved,650.00,41.25,0.00,1.00,7.86
07/02/2025 16:27:53:877,Moved,650.0001,38.74998,0.00,1.00,7.86
07/02/2025 16:27:53:877,Moved,650.00,38.75,0.00,1.00,8.20
07/02/2025 16:27:53:908,Moved,651.2501,29.99998,0.00,1.00,8.20
07/02/2025 16:27:53:908,Moved,651.25,30.00,0.00,1.00,8.76
07/02/2025 16:27:53:949,Moved,651.2501,21.24998,0.00,1.00,8.76
07/02/2025 16:27:53:949,Moved,651.25,21.25,0.00,1.00,9.51
07/02/2025 16:27:54:009,Moved,651.2501,9.999981,0.00,1.00,9.51
07/02/2025 16:27:54:009,Moved,651.25,10.00,0.00,1.00,10.65
07/02/2025 16:27:54:035,Moved,651.2501,6.249981,0.00,1.00,10.65
07/02/2025 16:27:54:035,Moved,651.25,6.25,0.00,1.00,11.16
07/02/2025 16:27:54:060,Moved,650.0001,-1.250019,0.00,1.00,11.16
07/02/2025 16:27:54:060,Moved,650.00,-1.25,0.00,1.00,11.68
07/02/2025 16:27:54:081,Moved,648.7501,-5.000019,0.00,1.00,11.68
07/02/2025 16:27:54:081,Moved,648.75,-5.00,0.00,1.00,12.09
07/02/2025 16:27:54:243,Moved,642.5001,-35.00002,0.00,1.00,12.09
07/02/2025 16:27:54:243,Moved,642.50,-35.00,0.00,1.00,15.51
07/02/2025 16:27:54:329,Moved,641.2501,-46.25002,0.00,1.00,15.51
07/02/2025 16:27:54:329,Moved,641.25,-46.25,0.00,1.00,17.39
07/02/2025 16:27:54:356,Moved,641.2501,-50.00002,0.00,1.00,17.39
07/02/2025 16:27:54:356,Moved,641.25,-50.00,0.00,1.00,18.03
07/02/2025 16:27:54:380,Moved,641.2501,-53.75002,0.00,1.00,18.03
07/02/2025 16:27:54:380,Moved,641.25,-53.75,0.00,1.00,18.53
07/02/2025 16:27:54:399,Moved,641.2501,-58.75002,0.00,1.00,18.53
07/02/2025 16:27:54:399,Moved,641.25,-58.75,0.00,1.00,18.98
07/02/2025 16:27:54:477,Ended,641.2501,-63.75002,0.00,1.00,18.98
07/02/2025 16:27:54:477,Ended,641.25,-63.75,0.00,1.00,18.98
07/02/2025 16:42:57:057,Began,542.5,518.75,0.00,1.00,0.00
07/02/2025 16:42:57:057,Began,542.50,518.75,0.00,1.00,0.00
07/02/2025 16:42:57:147,Moved,535,261.25,0.00,1.00,0.00
07/02/2025 16:42:57:147,Moved,535.00,261.25,0.00,1.00,1.43
07/02/2025 16:42:57:235,Moved,533.75,216.25,0.00,1.00,1.43
07/02/2025 16:42:57:235,Moved,533.75,216.25,0.00,1.00,1.63
07/02/2025 16:42:57:325,Moved,536.25,172.5,0.00,1.00,1.63
07/02/2025 16:42:57:325,Moved,536.25,172.50,0.00,1.00,1.82
07/02/2025 16:42:57:377,Moved,536.25,145,0.00,1.00,1.82
07/02/2025 16:42:57:377,Moved,536.25,145.00,0.00,1.00,1.90
07/02/2025 16:42:57:414,Moved,536.25,131.25,0.00,1.00,1.90
07/02/2025 16:42:57:414,Moved,536.25,131.25,0.00,1.00,1.92
07/02/2025 16:42:57:486,Moved,535,111.25,0.00,1.00,1.92
07/02/2025 16:42:57:486,Moved,535.00,111.25,0.00,1.00,1.99
07/02/2025 16:42:57:527,Moved,533.75,101.25,0.00,1.00,1.99
07/02/2025 16:42:57:527,Moved,533.75,101.25,0.00,1.00,2.02
07/02/2025 16:42:57:711,Moved,533.75,97.49998,0.00,1.00,2.02
07/02/2025 16:42:57:711,Moved,533.75,97.50,0.00,1.00,2.05
07/02/2025 16:42:57:795,Moved,532.5,47.49998,0.00,1.00,2.05
07/02/2025 16:42:57:795,Moved,532.50,47.50,0.00,1.00,2.26
07/02/2025 16:42:57:835,Moved,532.5,41.24998,0.00,1.00,2.26
07/02/2025 16:42:57:835,Moved,532.50,41.25,0.00,1.00,2.27
07/02/2025 16:42:57:884,Moved,532.5,34.99998,0.00,1.00,2.27
07/02/2025 16:42:57:884,Moved,532.50,35.00,0.00,1.00,2.29
07/02/2025 16:42:57:949,Moved,532.5,22.49998,0.00,1.00,2.29
07/02/2025 16:42:57:949,Moved,532.50,22.50,0.00,1.00,2.33
07/02/2025 16:42:57:967,Moved,532.5,19.99998,0.00,1.00,2.33
07/02/2025 16:42:57:967,Moved,532.50,20.00,0.00,1.00,2.33
07/02/2025 16:42:58:009,Moved,532.5,14.99999,0.00,1.00,2.33
07/02/2025 16:42:58:009,Moved,532.50,15.00,0.00,1.00,2.34
07/02/2025 16:42:58:048,Moved,532.5,11.24999,0.00,1.00,2.34
07/02/2025 16:42:58:048,Moved,532.50,11.25,0.00,1.00,2.35
07/02/2025 16:42:58:119,Moved,532.5,2.499986,0.00,1.00,2.35
07/02/2025 16:42:58:119,Moved,532.50,2.50,0.00,1.00,2.38
07/02/2025 16:42:58:151,Moved,532.5,-1.430511E-05,0.00,1.00,2.38
07/02/2025 16:42:58:151,Moved,532.50,0.00,0.00,1.00,2.38
07/02/2025 16:42:58:196,Moved,532.5,-5.000014,0.00,1.00,2.38
07/02/2025 16:42:58:196,Moved,532.50,-5.00,0.00,1.00,2.40
07/02/2025 16:42:58:214,Moved,532.5,-6.250014,0.00,1.00,2.40
07/02/2025 16:42:58:214,Moved,532.50,-6.25,0.00,1.00,2.40
07/02/2025 16:42:58:296,Moved,532.5,-11.25001,0.00,1.00,2.40
07/02/2025 16:42:58:296,Moved,532.50,-11.25,0.00,1.00,2.42
07/02/2025 16:42:58:315,Moved,532.5,-12.50001,0.00,1.00,2.42
07/02/2025 16:42:58:315,Moved,532.50,-12.50,0.00,1.00,2.42
07/02/2025 16:42:58:342,Moved,532.5,-13.75001,0.00,1.00,2.42
07/02/2025 16:42:58:342,Moved,532.50,-13.75,0.00,1.00,2.42
07/02/2025 16:42:58:386,Ended,532.5,-13.75001,0.00,1.00,2.42
07/02/2025 16:42:58:386,Ended,532.50,-13.75,0.00,1.00,2.42
07/02/2025 16:42:58:813,Began,537.5,596.25,0.00,1.00,2.42
07/02/2025 16:42:58:813,Began,537.50,596.25,0.00,1.00,2.42
07/02/2025 16:42:58:842,Moved,537.5,596.25,0.00,1.00,2.42
07/02/2025 16:42:58:842,Moved,537.50,596.25,0.00,1.00,2.42
07/02/2025 16:42:58:874,Moved,538.75,591.25,0.00,1.00,2.42
07/02/2025 16:42:58:874,Moved,538.75,591.25,0.00,1.00,2.43
07/02/2025 16:42:58:891,Moved,538.75,586.25,0.00,1.00,2.43
07/02/2025 16:42:58:891,Moved,538.75,586.25,0.00,1.00,2.43
07/02/2025 16:42:58:993,Moved,538.75,506.25,0.00,1.00,2.43
07/02/2025 16:42:58:993,Moved,538.75,506.25,0.00,1.00,2.84
07/02/2025 16:42:59:034,Moved,541.25,471.25,0.00,1.00,2.84
07/02/2025 16:42:59:034,Moved,541.25,471.25,0.00,1.00,2.91
07/02/2025 16:42:59:062,Moved,542.5,442.5,0.00,1.00,2.91
07/02/2025 16:42:59:062,Moved,542.50,442.50,0.00,1.00,2.95
07/02/2025 16:42:59:148,Moved,542.5,381.25,0.00,1.00,2.95
07/02/2025 16:42:59:148,Moved,542.50,381.25,0.00,1.00,3.21
07/02/2025 16:42:59:173,Moved,542.5,367.5,0.00,1.00,3.21
07/02/2025 16:42:59:173,Moved,542.50,367.50,0.00,1.00,3.23
07/02/2025 16:42:59:204,Moved,542.5,348.75,0.00,1.00,3.23
07/02/2025 16:42:59:204,Moved,542.50,348.75,0.00,1.00,3.25
07/02/2025 16:42:59:244,Moved,541.25,321.25,0.00,1.00,3.25
07/02/2025 16:42:59:244,Moved,541.25,321.25,0.00,1.00,3.31
07/02/2025 16:42:59:313,Moved,538.75,277.5,0.00,1.00,3.31
07/02/2025 16:42:59:313,Moved,538.75,277.50,0.00,1.00,3.46
07/02/2025 16:42:59:333,Moved,538.75,267.5,0.00,1.00,3.46
07/02/2025 16:42:59:333,Moved,538.75,267.50,0.00,1.00,3.47
07/02/2025 16:42:59:387,Moved,537.5,250,0.00,1.00,3.47
07/02/2025 16:42:59:387,Moved,537.50,250.00,0.00,1.00,3.51
07/02/2025 16:42:59:543,Moved,533.75,180,0.00,1.00,3.51
07/02/2025 16:42:59:543,Moved,533.75,180.00,0.00,1.00,4.10
07/02/2025 16:42:59:614,Moved,532.5,152.5,0.00,1.00,4.10
07/02/2025 16:42:59:614,Moved,532.50,152.50,0.00,1.00,4.20
07/02/2025 16:42:59:630,Moved,532.5,150,0.00,1.00,4.20
07/02/2025 16:42:59:630,Moved,532.50,150.00,0.00,1.00,4.20
07/02/2025 16:42:59:663,Moved,532.5,138.75,0.00,1.00,4.20
07/02/2025 16:42:59:663,Moved,532.50,138.75,0.00,1.00,4.22
07/02/2025 16:42:59:688,Moved,532.5,132.5,0.00,1.00,4.22
07/02/2025 16:42:59:688,Moved,532.50,132.50,0.00,1.00,4.23
07/02/2025 16:42:59:720,Moved,532.5,123.75,0.00,1.00,4.23
07/02/2025 16:42:59:720,Moved,532.50,123.75,0.00,1.00,4.24
07/02/2025 16:42:59:799,Moved,532.5,97.49998,0.00,1.00,4.24
07/02/2025 16:42:59:799,Moved,532.50,97.50,0.00,1.00,4.34
07/02/2025 16:42:59:834,Moved,532.5,86.24998,0.00,1.00,4.34
07/02/2025 16:42:59:834,Moved,532.50,86.25,0.00,1.00,4.36
07/02/2025 16:42:59:865,Moved,532.5,77.49998,0.00,1.00,4.36
07/02/2025 16:42:59:865,Moved,532.50,77.50,0.00,1.00,4.38
07/02/2025 16:42:59:892,Moved,532.5,72.49998,0.00,1.00,4.38
07/02/2025 16:42:59:892,Moved,532.50,72.50,0.00,1.00,4.38
07/02/2025 16:42:59:967,Moved,532.5,48.74998,0.00,1.00,4.38
07/02/2025 16:42:59:967,Moved,532.50,48.75,0.00,1.00,4.47
07/02/2025 16:42:59:996,Moved,533.75,39.99998,0.00,1.00,4.47
07/02/2025 16:42:59:996,Moved,533.75,40.00,0.00,1.00,4.48
07/02/2025 16:43:00:019,Moved,533.75,33.74998,0.00,1.00,4.48
07/02/2025 16:43:00:019,Moved,533.75,33.75,0.00,1.00,4.49
07/02/2025 16:43:00:062,Moved,533.75,19.99998,0.00,1.00,4.49
07/02/2025 16:43:00:062,Moved,533.75,20.00,0.00,1.00,4.52
07/02/2025 16:43:00:135,Moved,533.75,6.249986,0.00,1.00,4.52
07/02/2025 16:43:00:135,Moved,533.75,6.25,0.00,1.00,4.57
07/02/2025 16:43:00:165,Moved,532.5,1.249986,0.00,1.00,4.57
07/02/2025 16:43:00:165,Moved,532.50,1.25,0.00,1.00,4.58
07/02/2025 16:43:00:186,Moved,532.5,-1.250014,0.00,1.00,4.58
07/02/2025 16:43:00:186,Moved,532.50,-1.25,0.00,1.00,4.58
07/02/2025 16:43:00:218,Moved,532.5,-6.250014,0.00,1.00,4.58
07/02/2025 16:43:00:218,Moved,532.50,-6.25,0.00,1.00,4.59
07/02/2025 16:43:00:299,Ended,532.5,-22.50002,0.00,1.00,4.59
07/02/2025 16:43:00:299,Ended,532.50,-22.50,0.00,1.00,4.59
07/02/2025 16:43:00:778,Began,528.75,587.5,0.00,1.00,4.59
07/02/2025 16:43:00:778,Began,528.75,587.50,0.00,1.00,4.59
07/02/2025 16:43:00:804,Moved,528.75,587.5,0.00,1.00,4.59
07/02/2025 16:43:00:804,Moved,528.75,587.50,0.00,1.00,4.59
07/02/2025 16:43:00:837,Stationary,528.75,587.5,0.00,1.00,4.59
07/02/2025 16:43:00:871,Moved,528.75,578.75,0.00,1.00,4.59
07/02/2025 16:43:00:871,Moved,528.75,578.75,0.00,1.00,4.60
07/02/2025 16:43:00:928,Moved,531.25,536.25,0.00,1.00,4.60
07/02/2025 16:43:00:928,Moved,531.25,536.25,0.00,1.00,4.73
07/02/2025 16:43:01:011,Moved,538.75,453.75,0.00,1.00,4.73
07/02/2025 16:43:01:011,Moved,538.75,453.75,0.00,1.00,5.07
07/02/2025 16:43:01:058,Moved,542.5,405,0.00,1.00,5.07
07/02/2025 16:43:01:058,Moved,542.50,405.00,0.00,1.00,5.18
07/02/2025 16:43:01:079,Moved,542.5,386.25,0.00,1.00,5.18
07/02/2025 16:43:01:079,Moved,542.50,386.25,0.00,1.00,5.20
07/02/2025 16:43:01:151,Moved,541.25,325,0.00,1.00,5.20
07/02/2025 16:43:01:151,Moved,541.25,325.00,0.00,1.00,5.42
07/02/2025 16:43:01:181,Moved,538.75,291.25,0.00,1.00,5.42
07/02/2025 16:43:01:181,Moved,538.75,291.25,0.00,1.00,5.47
07/02/2025 16:43:01:208,Moved,537.5,275,0.00,1.00,5.47
07/02/2025 16:43:01:208,Moved,537.50,275.00,0.00,1.00,5.49
07/02/2025 16:43:01:239,Moved,535,251.25,0.00,1.00,5.49
07/02/2025 16:43:01:239,Moved,535.00,251.25,0.00,1.00,5.52
07/02/2025 16:43:01:317,Moved,528.75,205,0.00,1.00,5.52
07/02/2025 16:43:01:317,Moved,528.75,205.00,0.00,1.00,5.71
07/02/2025 16:43:01:489,Moved,523.75,176.25,0.00,1.00,5.71
07/02/2025 16:43:01:489,Moved,523.75,176.25,0.00,1.00,5.95
07/02/2025 16:43:01:561,Moved,518.75,98.74998,0.00,1.00,5.95
07/02/2025 16:43:01:561,Moved,518.75,98.75,0.00,1.00,6.24
07/02/2025 16:43:01:581,Moved,518.75,92.49998,0.00,1.00,6.24
07/02/2025 16:43:01:581,Moved,518.75,92.50,0.00,1.00,6.25
07/02/2025 16:43:01:609,Moved,518.75,82.49998,0.00,1.00,6.25
07/02/2025 16:43:01:609,Moved,518.75,82.50,0.00,1.00,6.26
07/02/2025 16:43:01:640,Moved,518.75,72.49998,0.00,1.00,6.26
07/02/2025 16:43:01:640,Moved,518.75,72.50,0.00,1.00,6.28
07/02/2025 16:43:01:698,Moved,520,51.24998,0.00,1.00,6.28
07/02/2025 16:43:01:698,Moved,520.00,51.25,0.00,1.00,6.34
07/02/2025 16:43:01:743,Moved,522.5,36.24998,0.00,1.00,6.34
07/02/2025 16:43:01:743,Moved,522.50,36.25,0.00,1.00,6.37
07/02/2025 16:43:01:776,Moved,522.5,23.74998,0.00,1.00,6.37
07/02/2025 16:43:01:776,Moved,522.50,23.75,0.00,1.00,6.39
07/02/2025 16:43:01:808,Moved,523.75,11.24999,0.00,1.00,6.39
07/02/2025 16:43:01:808,Moved,523.75,11.25,0.00,1.00,6.41
07/02/2025 16:43:01:885,Moved,525,-3.750014,0.00,1.00,6.41
07/02/2025 16:43:01:885,Moved,525.00,-3.75,0.00,1.00,6.47
07/02/2025 16:43:01:910,Moved,525,-8.750014,0.00,1.00,6.47
07/02/2025 16:43:01:910,Moved,525.00,-8.75,0.00,1.00,6.48
07/02/2025 16:43:01:948,Moved,525,-17.50002,0.00,1.00,6.48
07/02/2025 16:43:01:948,Moved,525.00,-17.50,0.00,1.00,6.49
07/02/2025 16:43:01:976,Ended,525,-21.25002,0.00,1.00,6.49
07/02/2025 16:43:01:976,Ended,525.00,-21.25,0.00,1.00,6.49
07/02/2025 16:43:06:469,Began,500,606.25,0.00,1.00,6.49
07/02/2025 16:43:06:469,Began,500.00,606.25,0.00,1.00,6.49
07/02/2025 16:43:06:624,Moved,513.75,586.25,0.00,1.00,6.49
07/02/2025 16:43:06:624,Moved,513.75,586.25,0.00,1.00,22.29
07/02/2025 16:43:06:679,Moved,520,532.5,0.00,1.00,22.29
07/02/2025 16:43:06:679,Moved,520.00,532.50,0.00,1.00,37.33
07/02/2025 16:43:06:714,Moved,523.75,506.25,0.00,1.00,37.33
07/02/2025 16:43:06:714,Moved,523.75,506.25,0.00,1.00,41.78
07/02/2025 16:43:06:746,Moved,526.25,488.75,0.00,1.00,41.78
07/02/2025 16:43:06:746,Moved,526.25,488.75,0.00,1.00,44.55
07/02/2025 16:43:06:777,Moved,527.5,471.25,0.00,1.00,44.55
07/02/2025 16:43:06:777,Moved,527.50,471.25,0.00,1.00,47.23
07/02/2025 16:43:06:843,Moved,523.75,437.5,0.00,1.00,47.23
07/02/2025 16:43:06:843,Moved,523.75,437.50,0.00,1.00,58.51
07/02/2025 16:43:06:886,Moved,522.5,421.25,0.00,1.00,58.51
07/02/2025 16:43:06:886,Moved,522.50,421.25,0.00,1.00,62.09
07/02/2025 16:43:06:908,Moved,520,411.25,0.00,1.00,62.09
07/02/2025 16:43:06:908,Moved,520.00,411.25,0.00,1.00,63.18
07/02/2025 16:43:06:942,Moved,517.5,393.75,0.00,1.00,63.18
07/02/2025 16:43:06:942,Moved,517.50,393.75,0.00,1.00,66.19
07/02/2025 16:43:07:013,Moved,516.25,351.25,0.00,1.00,66.19
07/02/2025 16:43:07:013,Moved,516.25,351.25,0.00,1.00,81.13
07/02/2025 16:43:07:039,Moved,516.25,338.75,0.00,1.00,81.13
07/02/2025 16:43:07:039,Moved,516.25,338.75,0.00,1.00,82.75
07/02/2025 16:43:07:075,Moved,516.25,315,0.00,1.00,82.75
07/02/2025 16:43:07:075,Moved,516.25,315.00,0.00,1.00,86.86
07/02/2025 16:43:07:121,Ended,517.5,298.75,0.00,1.00,86.86
07/02/2025 16:43:07:121,Ended,517.50,298.75,0.00,1.00,86.86
07/02/2025 16:43:10:290,Began,536.25,488.75,0.00,1.00,86.86
07/02/2025 16:43:10:290,Began,536.25,488.75,0.00,1.00,86.86
07/02/2025 16:43:10:316,Moved,535,481.25,0.00,1.00,86.86
07/02/2025 16:43:10:316,Moved,535.00,481.25,0.00,1.00,87.06
07/02/2025 16:43:10:360,Moved,527.5,460,0.00,1.00,87.06
07/02/2025 16:43:10:360,Moved,527.50,460.00,0.00,1.00,88.01
07/02/2025 16:43:10:385,Moved,525,446.25,0.00,1.00,88.01
07/02/2025 16:43:10:385,Moved,525.00,446.25,0.00,1.00,88.35
07/02/2025 16:43:10:418,Moved,522.5,426.25,0.00,1.00,88.35
07/02/2025 16:43:10:418,Moved,522.50,426.25,0.00,1.00,89.02
07/02/2025 16:43:10:649,Moved,526.25,358.75,0.00,1.00,89.02
07/02/2025 16:43:10:649,Moved,526.25,358.75,0.00,1.00,104.45
07/02/2025 16:43:10:724,Ended,533.75,311.25,0.00,1.00,104.45
07/02/2025 16:43:10:724,Ended,533.75,311.25,0.00,1.00,104.45
07/02/2025 16:43:16:309,Began,537.5,436.25,0.00,1.00,104.45
07/02/2025 16:43:16:309,Began,537.50,436.25,0.00,1.00,104.45
07/02/2025 16:43:16:362,Moved,541.25,403.75,0.00,1.00,104.45
07/02/2025 16:43:16:362,Moved,541.25,403.75,0.00,1.00,105.35
07/02/2025 16:43:16:420,Moved,540,361.25,0.00,1.00,105.35
07/02/2025 16:43:16:420,Moved,540.00,361.25,0.00,1.00,106.52
07/02/2025 16:43:16:441,Moved,540,346.25,0.00,1.00,106.52
07/02/2025 16:43:16:441,Moved,540.00,346.25,0.00,1.00,106.69
07/02/2025 16:43:16:472,Moved,538.75,326.25,0.00,1.00,106.69
07/02/2025 16:43:16:472,Moved,538.75,326.25,0.00,1.00,107.00
07/02/2025 16:43:16:497,Moved,538.75,311.25,0.00,1.00,107.00
07/02/2025 16:43:16:497,Moved,538.75,311.25,0.00,1.00,107.19
07/02/2025 16:43:16:531,Moved,538.75,298.75,0.00,1.00,107.19
07/02/2025 16:43:16:531,Moved,538.75,298.75,0.00,1.00,107.39
07/02/2025 16:43:16:598,Moved,537.5,275,0.00,1.00,107.39
07/02/2025 16:43:16:598,Moved,537.50,275.00,0.00,1.00,108.20
07/02/2025 16:43:16:636,Moved,537.5,261.25,0.00,1.00,108.20
07/02/2025 16:43:16:636,Moved,537.50,261.25,0.00,1.00,108.46
07/02/2025 16:43:16:670,Moved,537.5,251.25,0.00,1.00,108.46
07/02/2025 16:43:16:670,Moved,537.50,251.25,0.00,1.00,108.63
07/02/2025 16:43:16:704,Moved,537.5,237.5,0.00,1.00,108.63
07/02/2025 16:43:16:704,Moved,537.50,237.50,0.00,1.00,108.86
07/02/2025 16:43:16:769,Moved,537.5,221.25,0.00,1.00,108.86
07/02/2025 16:43:16:769,Moved,537.50,221.25,0.00,1.00,109.39
07/02/2025 16:43:16:791,Moved,537.5,216.25,0.00,1.00,109.39
07/02/2025 16:43:16:791,Moved,537.50,216.25,0.00,1.00,109.44
07/02/2025 16:43:16:833,Moved,537.5,203.75,0.00,1.00,109.44
07/02/2025 16:43:16:833,Moved,537.50,203.75,0.00,1.00,109.71
07/02/2025 16:43:16:871,Moved,537.5,196.25,0.00,1.00,109.71
07/02/2025 16:43:16:871,Moved,537.50,196.25,0.00,1.00,109.86
07/02/2025 16:43:16:948,Moved,537.5,177.5,0.00,1.00,109.86
07/02/2025 16:43:16:948,Moved,537.50,177.50,0.00,1.00,110.57
07/02/2025 16:43:16:971,Moved,537.5,172.5,0.00,1.00,110.57
07/02/2025 16:43:16:971,Moved,537.50,172.50,0.00,1.00,110.62
07/02/2025 16:43:17:002,Moved,536.25,162.5,0.00,1.00,110.62
07/02/2025 16:43:17:002,Moved,536.25,162.50,0.00,1.00,110.78
07/02/2025 16:43:17:040,Moved,536.25,155,0.00,1.00,110.78
07/02/2025 16:43:17:040,Moved,536.25,155.00,0.00,1.00,110.92
07/02/2025 16:43:17:259,Moved,532.5,110,0.00,1.00,110.92
07/02/2025 16:43:17:259,Moved,532.50,110.00,0.00,1.00,115.79
07/02/2025 16:43:17:332,Moved,531.25,94.99998,0.00,1.00,115.79
07/02/2025 16:43:17:332,Moved,531.25,95.00,0.00,1.00,116.36
07/02/2025 16:43:17:350,Moved,531.25,92.49998,0.00,1.00,116.36
07/02/2025 16:43:17:350,Moved,531.25,92.50,0.00,1.00,116.39
07/02/2025 16:43:17:384,Moved,532.5,84.99998,0.00,1.00,116.39
07/02/2025 16:43:17:384,Moved,532.50,85.00,0.00,1.00,116.52
07/02/2025 16:43:17:416,Moved,532.5,78.74998,0.00,1.00,116.52
07/02/2025 16:43:17:416,Moved,532.50,78.75,0.00,1.00,116.61
07/02/2025 16:43:17:473,Moved,532.5,66.24998,0.00,1.00,116.61
07/02/2025 16:43:17:473,Moved,532.50,66.25,0.00,1.00,116.97
07/02/2025 16:43:17:513,Moved,532.5,58.74998,0.00,1.00,116.97
07/02/2025 16:43:17:513,Moved,532.50,58.75,0.00,1.00,117.12
07/02/2025 16:43:17:541,Moved,532.5,52.49998,0.00,1.00,117.12
07/02/2025 16:43:17:541,Moved,532.50,52.50,0.00,1.00,117.21
07/02/2025 16:43:17:578,Moved,533.75,46.24998,0.00,1.00,117.21
07/02/2025 16:43:17:578,Moved,533.75,46.25,0.00,1.00,117.32
07/02/2025 16:43:17:651,Moved,535,32.49998,0.00,1.00,117.32
07/02/2025 16:43:17:651,Moved,535.00,32.50,0.00,1.00,117.83
07/02/2025 16:43:17:673,Moved,536.25,29.99998,0.00,1.00,117.83
07/02/2025 16:43:17:673,Moved,536.25,30.00,0.00,1.00,117.86
07/02/2025 16:43:17:701,Moved,536.25,24.99998,0.00,1.00,117.86
07/02/2025 16:43:17:701,Moved,536.25,25.00,0.00,1.00,117.93
07/02/2025 16:43:17:739,Moved,536.25,18.74998,0.00,1.00,117.93
07/02/2025 16:43:17:739,Moved,536.25,18.75,0.00,1.00,118.05
07/02/2025 16:43:17:811,Moved,536.25,11.24999,0.00,1.00,118.05
07/02/2025 16:43:17:811,Moved,536.25,11.25,0.00,1.00,118.32
07/02/2025 16:43:17:844,Moved,536.25,7.499986,0.00,1.00,118.32
07/02/2025 16:43:17:844,Moved,536.25,7.50,0.00,1.00,118.38
07/02/2025 16:43:17:875,Moved,535,4.999986,0.00,1.00,118.38
07/02/2025 16:43:17:875,Moved,535.00,5.00,0.00,1.00,118.42
07/02/2025 16:43:17:908,Moved,535,-1.430511E-05,0.00,1.00,118.42
07/02/2025 16:43:17:908,Moved,535.00,0.00,0.00,1.00,118.50
07/02/2025 16:43:17:993,Moved,535,-6.250014,0.00,1.00,118.50
07/02/2025 16:43:17:993,Moved,535.00,-6.25,0.00,1.00,118.76
07/02/2025 16:43:18:116,Ended,535,-6.250014,0.00,1.00,118.76
07/02/2025 16:43:18:116,Ended,535.00,-6.25,0.00,1.00,118.76
07/02/2025 16:43:18:502,Began,522.5,170,0.00,1.00,118.76
07/02/2025 16:43:18:502,Began,522.50,170.00,0.00,1.00,118.76
07/02/2025 16:43:18:563,Moved,537.5,215,0.00,1.00,118.76
07/02/2025 16:43:18:563,Moved,537.50,215.00,0.00,1.00,117.38
07/02/2025 16:43:18:606,Moved,541.25,246.25,0.00,1.00,117.38
07/02/2025 16:43:18:606,Moved,541.25,246.25,0.00,1.00,116.72
07/02/2025 16:43:18:633,Moved,541.25,261.25,0.00,1.00,116.72
07/02/2025 16:43:18:633,Moved,541.25,261.25,0.00,1.00,116.51
07/02/2025 16:43:18:681,Moved,541.25,305,0.00,1.00,116.51
07/02/2025 16:43:18:681,Moved,541.25,305.00,0.00,1.00,115.45
07/02/2025 16:43:18:706,Moved,541.25,321.25,0.00,1.00,115.45
07/02/2025 16:43:18:706,Moved,541.25,321.25,0.00,1.00,115.27
07/02/2025 16:43:18:738,Moved,538.75,345,0.00,1.00,115.27
07/02/2025 16:43:18:738,Moved,538.75,345.00,0.00,1.00,114.86
07/02/2025 16:43:18:819,Moved,532.5,403.75,0.00,1.00,114.86
07/02/2025 16:43:18:819,Moved,532.50,403.75,0.00,1.00,112.50
07/02/2025 16:43:18:851,Moved,527.5,422.5,0.00,1.00,112.50
07/02/2025 16:43:18:851,Moved,527.50,422.50,0.00,1.00,112.20
07/02/2025 16:43:18:890,Moved,525,440,0.00,1.00,112.20
07/02/2025 16:43:18:890,Moved,525.00,440.00,0.00,1.00,111.86
07/02/2025 16:43:18:967,Moved,522.5,456.25,0.00,1.00,111.86
07/02/2025 16:43:18:967,Moved,522.50,456.25,0.00,1.00,111.23
07/02/2025 16:43:19:000,Moved,522.5,466.25,0.00,1.00,111.23
07/02/2025 16:43:19:000,Moved,522.50,466.25,0.00,1.00,111.07
07/02/2025 16:43:19:170,Moved,522.5,468.75,0.00,1.00,111.07
07/02/2025 16:43:19:170,Moved,522.50,468.75,0.00,1.00,110.86
07/02/2025 16:43:19:261,Moved,517.5,517.5,0.00,1.00,110.86
07/02/2025 16:43:19:261,Moved,517.50,517.50,0.00,1.00,108.62
07/02/2025 16:43:19:296,Moved,517.5,525,0.00,1.00,108.62
07/02/2025 16:43:19:296,Moved,517.50,525.00,0.00,1.00,108.48
07/02/2025 16:43:19:323,Moved,517.5,528.75,0.00,1.00,108.48
07/02/2025 16:43:19:323,Moved,517.50,528.75,0.00,1.00,108.43
07/02/2025 16:43:19:400,Moved,513.75,551.25,0.00,1.00,108.43
07/02/2025 16:43:19:400,Moved,513.75,551.25,0.00,1.00,107.57
07/02/2025 16:43:19:436,Moved,512.5,561.25,0.00,1.00,107.57
07/02/2025 16:43:19:436,Moved,512.50,561.25,0.00,1.00,107.39
07/02/2025 16:43:19:468,Moved,512.5,571.25,0.00,1.00,107.39
07/02/2025 16:43:19:468,Moved,512.50,571.25,0.00,1.00,107.23
07/02/2025 16:43:19:512,Ended,511.25,581.25,0.00,1.00,107.23
07/02/2025 16:43:19:512,Ended,511.25,581.25,0.00,1.00,107.23
07/02/2025 16:43:20:091,Began,523.75,84.99998,0.00,1.00,107.23
07/02/2025 16:43:20:091,Began,523.75,85.00,0.00,1.00,107.23
07/02/2025 16:43:20:137,Moved,525,91.24998,0.00,1.00,107.23
07/02/2025 16:43:20:137,Moved,525.00,91.25,0.00,1.00,107.07
07/02/2025 16:43:20:259,Moved,525,146.25,0.00,1.00,107.07
07/02/2025 16:43:20:259,Moved,525.00,146.25,0.00,1.00,103.67
07/02/2025 16:43:20:312,Moved,530,187.5,0.00,1.00,103.67
07/02/2025 16:43:20:312,Moved,530.00,187.50,0.00,1.00,102.58
07/02/2025 16:43:20:381,Moved,530,222.5,0.00,1.00,102.58
07/02/2025 16:43:20:381,Moved,530.00,222.50,0.00,1.00,101.38
07/02/2025 16:43:20:408,Moved,528.75,232.5,0.00,1.00,101.38
07/02/2025 16:43:20:408,Moved,528.75,232.50,0.00,1.00,101.24
07/02/2025 16:43:20:438,Moved,527.5,250,0.00,1.00,101.24
07/02/2025 16:43:20:438,Moved,527.50,250.00,0.00,1.00,100.97
07/02/2025 16:43:20:467,Moved,526.25,257.5,0.00,1.00,100.97
07/02/2025 16:43:20:467,Moved,526.25,257.50,0.00,1.00,100.86
07/02/2025 16:43:20:553,Moved,518.75,297.5,0.00,1.00,100.86
07/02/2025 16:43:20:553,Moved,518.75,297.50,0.00,1.00,99.14
07/02/2025 16:43:20:587,Moved,516.25,315,0.00,1.00,99.14
07/02/2025 16:43:20:587,Moved,516.25,315.00,0.00,1.00,98.84
07/02/2025 16:43:20:617,Moved,513.75,326.25,0.00,1.00,98.84
07/02/2025 16:43:20:617,Moved,513.75,326.25,0.00,1.00,98.67
07/02/2025 16:43:20:699,Moved,511.25,358.75,0.00,1.00,98.67
07/02/2025 16:43:20:699,Moved,511.25,358.75,0.00,1.00,97.35
07/02/2025 16:43:20:737,Moved,510,371.25,0.00,1.00,97.35
07/02/2025 16:43:20:737,Moved,510.00,371.25,0.00,1.00,97.11
07/02/2025 16:43:20:767,Moved,508.75,382.5,0.00,1.00,97.11
07/02/2025 16:43:20:767,Moved,508.75,382.50,0.00,1.00,96.94
07/02/2025 16:43:20:846,Moved,508.75,413.75,0.00,1.00,96.94
07/02/2025 16:43:20:846,Moved,508.75,413.75,0.00,1.00,95.72
07/02/2025 16:43:20:871,Moved,508.75,421.25,0.00,1.00,95.72
07/02/2025 16:43:20:871,Moved,508.75,421.25,0.00,1.00,95.63
07/02/2025 16:43:20:907,Moved,510,436.25,0.00,1.00,95.63
07/02/2025 16:43:20:907,Moved,510.00,436.25,0.00,1.00,95.37
07/02/2025 16:43:20:947,Moved,511.25,451.25,0.00,1.00,95.37
07/02/2025 16:43:20:947,Moved,511.25,451.25,0.00,1.00,95.06
07/02/2025 16:43:21:016,Moved,512.5,476.25,0.00,1.00,95.06
07/02/2025 16:43:21:016,Moved,512.50,476.25,0.00,1.00,94.20
07/02/2025 16:43:21:044,Moved,512.5,486.25,0.00,1.00,94.20
07/02/2025 16:43:21:044,Moved,512.50,486.25,0.00,1.00,94.06
07/02/2025 16:43:21:203,Moved,513.75,502.5,0.00,1.00,94.06
07/02/2025 16:43:21:203,Moved,513.75,502.50,0.00,1.00,92.77
07/02/2025 16:43:21:300,Moved,515,557.5,0.00,1.00,92.77
07/02/2025 16:43:21:300,Moved,515.00,557.50,0.00,1.00,90.09
07/02/2025 16:43:21:346,Moved,513.75,563.75,0.00,1.00,90.09
07/02/2025 16:43:21:346,Moved,513.75,563.75,0.00,1.00,89.95
07/02/2025 16:43:21:378,Moved,511.25,566.25,0.00,1.00,89.95
07/02/2025 16:43:21:378,Moved,511.25,566.25,0.00,1.00,89.91
07/02/2025 16:43:21:442,Ended,511.25,566.25,0.00,1.00,89.91
07/02/2025 16:43:21:442,Ended,511.25,566.25,0.00,1.00,89.91
07/02/2025 16:43:22:230,Began,535,575,0.00,1.00,89.91
07/02/2025 16:43:22:230,Began,535.00,575.00,0.00,1.00,89.91
07/02/2025 16:43:22:260,Moved,533.75,571.25,0.00,1.00,89.91
07/02/2025 16:43:22:260,Moved,533.75,571.25,0.00,1.00,89.96
07/02/2025 16:43:22:318,Moved,527.5,528.75,0.00,1.00,89.96
07/02/2025 16:43:22:318,Moved,527.50,528.75,0.00,1.00,91.18
07/02/2025 16:43:22:392,Moved,526.25,460,0.00,1.00,91.18
07/02/2025 16:43:22:392,Moved,526.25,460.00,0.00,1.00,93.69
07/02/2025 16:43:22:418,Moved,527.5,433.75,0.00,1.00,93.69
07/02/2025 16:43:22:418,Moved,527.50,433.75,0.00,1.00,94.05
07/02/2025 16:43:22:443,Moved,528.75,408.75,0.00,1.00,94.05
07/02/2025 16:43:22:443,Moved,528.75,408.75,0.00,1.00,94.38
07/02/2025 16:43:22:469,Moved,530,393.75,0.00,1.00,94.38
07/02/2025 16:43:22:469,Moved,530.00,393.75,0.00,1.00,94.57
07/02/2025 16:43:22:572,Moved,523.75,336.25,0.00,1.00,94.57
07/02/2025 16:43:22:572,Moved,523.75,336.25,0.00,1.00,97.48
07/02/2025 16:43:22:608,Moved,520,313.75,0.00,1.00,97.48
07/02/2025 16:43:22:608,Moved,520.00,313.75,0.00,1.00,97.90
07/02/2025 16:43:22:638,Moved,518.75,305,0.00,1.00,97.90
07/02/2025 16:43:22:638,Moved,518.75,305.00,0.00,1.00,98.03
07/02/2025 16:43:22:713,Moved,513.75,258.75,0.00,1.00,98.03
07/02/2025 16:43:22:713,Moved,513.75,258.75,0.00,1.00,99.76
07/02/2025 16:43:22:758,Moved,512.5,237.5,0.00,1.00,99.76
07/02/2025 16:43:22:758,Moved,512.50,237.50,0.00,1.00,100.23
07/02/2025 16:43:22:797,Moved,512.5,216.25,0.00,1.00,100.23
07/02/2025 16:43:22:797,Moved,512.50,216.25,0.00,1.00,100.66
07/02/2025 16:43:22:884,Moved,512.5,166.25,0.00,1.00,100.66
07/02/2025 16:43:22:884,Moved,512.50,166.25,0.00,1.00,102.82
07/02/2025 16:43:22:917,Moved,513.75,151.25,0.00,1.00,102.82
07/02/2025 16:43:22:917,Moved,513.75,151.25,0.00,1.00,103.06
07/02/2025 16:43:22:964,Moved,515,126.25,0.00,1.00,103.06
07/02/2025 16:43:22:964,Moved,515.00,126.25,0.00,1.00,103.66
07/02/2025 16:43:23:035,Moved,515,101.25,0.00,1.00,103.66
07/02/2025 16:43:23:035,Moved,515.00,101.25,0.00,1.00,104.55
07/02/2025 16:43:23:201,Moved,515,89.99998,0.00,1.00,104.55
07/02/2025 16:43:23:201,Moved,515.00,90.00,0.00,1.00,105.43
07/02/2025 16:43:23:313,Ended,515,71.24998,0.00,1.00,105.43
07/02/2025 16:43:23:313,Ended,515.00,71.25,0.00,1.00,105.43
07/02/2025 16:43:28:012,Began,523.75,268.75,0.00,1.00,105.43
07/02/2025 16:43:28:012,Began,523.75,268.75,0.00,1.00,105.43
07/02/2025 16:43:28:038,Moved,531.25,253.75,0.00,1.00,105.43
07/02/2025 16:43:28:038,Moved,531.25,253.75,0.00,1.00,105.64
07/02/2025 16:43:28:077,Moved,536.25,225,0.00,1.00,105.64
07/02/2025 16:43:28:077,Moved,536.25,225.00,0.00,1.00,106.18
07/02/2025 16:43:28:120,Moved,533.75,191.25,0.00,1.00,106.18
07/02/2025 16:43:28:120,Moved,533.75,191.25,0.00,1.00,106.90
07/02/2025 16:43:28:146,Moved,532.5,170,0.00,1.00,106.90
07/02/2025 16:43:28:146,Moved,532.50,170.00,0.00,1.00,107.18
07/02/2025 16:43:28:170,Moved,531.25,158.75,0.00,1.00,107.18
07/02/2025 16:43:28:170,Moved,531.25,158.75,0.00,1.00,107.32
07/02/2025 16:43:28:244,Moved,525,126.25,0.00,1.00,107.32
07/02/2025 16:43:28:244,Moved,525.00,126.25,0.00,1.00,108.51
07/02/2025 16:43:28:274,Moved,522.5,116.25,0.00,1.00,108.51
07/02/2025 16:43:28:274,Moved,522.50,116.25,0.00,1.00,108.66
07/02/2025 16:43:28:296,Moved,521.25,107.5,0.00,1.00,108.66
07/02/2025 16:43:28:296,Moved,521.25,107.50,0.00,1.00,108.76
07/02/2025 16:43:28:341,Moved,520,93.74998,0.00,1.00,108.76
07/02/2025 16:43:28:341,Moved,520.00,93.75,0.00,1.00,109.07
07/02/2025 16:43:28:428,Moved,517.5,62.49998,0.00,1.00,109.07
07/02/2025 16:43:28:428,Moved,517.50,62.50,0.00,1.00,110.38
07/02/2025 16:43:28:456,Moved,516.25,56.24998,0.00,1.00,110.38
07/02/2025 16:43:28:456,Moved,516.25,56.25,0.00,1.00,110.46
07/02/2025 16:43:28:493,Moved,513.75,41.24998,0.00,1.00,110.46
07/02/2025 16:43:28:493,Moved,513.75,41.25,0.00,1.00,110.77
07/02/2025 16:43:28:557,Ended,512.5,29.99998,0.00,1.00,110.77
07/02/2025 16:43:28:557,Ended,512.50,30.00,0.00,1.00,110.77
07/02/2025 16:43:29:173,Began,520,126.25,0.00,1.00,110.77
07/02/2025 16:43:29:173,Began,520.00,126.25,0.00,1.00,110.77
07/02/2025 16:43:29:197,Moved,520,136.25,0.00,1.00,110.77
07/02/2025 16:43:29:197,Moved,520.00,136.25,0.00,1.00,110.65
07/02/2025 16:43:29:257,Moved,517.5,171.25,0.00,1.00,110.65
07/02/2025 16:43:29:257,Moved,517.50,171.25,0.00,1.00,109.60
07/02/2025 16:43:29:304,Moved,513.75,192.5,0.00,1.00,109.60
07/02/2025 16:43:29:304,Moved,513.75,192.50,0.00,1.00,109.10
07/02/2025 16:43:29:396,Moved,511.25,241.25,0.00,1.00,109.10
07/02/2025 16:43:29:396,Moved,511.25,241.25,0.00,1.00,106.86
07/02/2025 16:43:29:441,Moved,511.25,260,0.00,1.00,106.86
07/02/2025 16:43:29:441,Moved,511.25,260.00,0.00,1.00,106.45
07/02/2025 16:43:29:468,Moved,511.25,268.75,0.00,1.00,106.45
07/02/2025 16:43:29:468,Moved,511.25,268.75,0.00,1.00,106.33
07/02/2025 16:43:29:549,Moved,512.5,306.25,0.00,1.00,106.33
07/02/2025 16:43:29:549,Moved,512.50,306.25,0.00,1.00,104.80
07/02/2025 16:43:29:586,Moved,512.5,318.75,0.00,1.00,104.80
07/02/2025 16:43:29:586,Moved,512.50,318.75,0.00,1.00,104.58
07/02/2025 16:43:29:616,Moved,512.5,335,0.00,1.00,104.58
07/02/2025 16:43:29:616,Moved,512.50,335.00,0.00,1.00,104.32
07/02/2025 16:43:29:672,Moved,510,362.5,0.00,1.00,104.32
07/02/2025 16:43:29:672,Moved,510.00,362.50,0.00,1.00,103.56
07/02/2025 16:43:29:772,Moved,502.5,413.75,0.00,1.00,103.56
07/02/2025 16:43:29:772,Moved,502.50,413.75,0.00,1.00,100.96
07/02/2025 16:43:29:807,Moved,501.25,422.5,0.00,1.00,100.96
07/02/2025 16:43:29:807,Moved,501.25,422.50,0.00,1.00,100.80
07/02/2025 16:43:29:833,Moved,500,427.5,0.00,1.00,100.80
07/02/2025 16:43:29:833,Moved,500.00,427.50,0.00,1.00,100.74
07/02/2025 16:43:30:074,Moved,498.75,446.25,0.00,1.00,100.74
07/02/2025 16:43:30:074,Moved,498.75,446.25,0.00,1.00,98.50
07/02/2025 16:43:30:167,Ended,487.5,528.75,0.00,1.00,98.50
07/02/2025 16:43:30:167,Ended,487.50,528.75,0.00,1.00,98.50
07/02/2025 16:43:32:804,Began,526.25,248.75,0.00,1.00,98.50
07/02/2025 16:43:32:804,Began,526.25,248.75,0.00,1.00,98.50
07/02/2025 16:43:32:833,Moved,526.25,246.25,0.00,1.00,98.50
07/02/2025 16:43:32:833,Moved,526.25,246.25,0.00,1.00,98.53
07/02/2025 16:43:32:858,Moved,526.25,242.5,0.00,1.00,98.53
07/02/2025 16:43:32:858,Moved,526.25,242.50,0.00,1.00,98.58
07/02/2025 16:43:32:966,Moved,530,196.25,0.00,1.00,98.58
07/02/2025 16:43:32:966,Moved,530.00,196.25,0.00,1.00,101.03
07/02/2025 16:43:33:006,Moved,531.25,176.25,0.00,1.00,101.03
07/02/2025 16:43:33:006,Moved,531.25,176.25,0.00,1.00,101.45
07/02/2025 16:43:33:043,Moved,532.5,160,0.00,1.00,101.45
07/02/2025 16:43:33:043,Moved,532.50,160.00,0.00,1.00,101.75
07/02/2025 16:43:33:134,Moved,535,117.5,0.00,1.00,101.75
07/02/2025 16:43:33:134,Moved,535.00,117.50,0.00,1.00,103.65
07/02/2025 16:43:33:175,Moved,536.25,98.74998,0.00,1.00,103.65
07/02/2025 16:43:33:175,Moved,536.25,98.75,0.00,1.00,104.05
07/02/2025 16:43:33:206,Moved,536.25,82.49998,0.00,1.00,104.05
07/02/2025 16:43:33:206,Moved,536.25,82.50,0.00,1.00,104.30
07/02/2025 16:43:33:276,Moved,540,49.99998,0.00,1.00,104.30
07/02/2025 16:43:33:276,Moved,540.00,50.00,0.00,1.00,105.43
07/02/2025 16:43:33:309,Moved,542.5,36.24998,0.00,1.00,105.43
07/02/2025 16:43:33:309,Moved,542.50,36.25,0.00,1.00,105.66
07/02/2025 16:43:33:334,Moved,542.5,28.74998,0.00,1.00,105.66
07/02/2025 16:43:33:334,Moved,542.50,28.75,0.00,1.00,105.76
07/02/2025 16:43:33:379,Moved,543.75,6.249986,0.00,1.00,105.76
07/02/2025 16:43:33:379,Moved,543.75,6.25,0.00,1.00,106.27
07/02/2025 16:43:33:588,Ended,543.75,6.249986,0.00,1.00,106.27
07/02/2025 16:43:33:588,Ended,543.75,6.25,0.00,1.00,106.27
07/02/2025 16:43:47:188,Began,541.25,483.75,0.00,1.00,106.27
07/02/2025 16:43:47:188,Began,541.25,483.75,0.00,1.00,106.27
07/02/2025 16:43:47:235,Moved,540,451.25,0.00,1.00,106.27
07/02/2025 16:43:47:235,Moved,540.00,451.25,0.00,1.00,107.08
07/02/2025 16:43:47:285,Moved,543.75,381.25,0.00,1.00,107.08
07/02/2025 16:43:47:285,Moved,543.75,381.25,0.00,1.00,108.82
07/02/2025 16:43:47:316,Moved,547.5,326.25,0.00,1.00,108.82
07/02/2025 16:43:47:316,Moved,547.50,326.25,0.00,1.00,109.65
07/02/2025 16:43:47:349,Moved,550,270,0.00,1.00,109.65
07/02/2025 16:43:47:349,Moved,550.00,270.00,0.00,1.00,110.61
07/02/2025 16:43:47:419,Moved,548.75,206.25,0.00,1.00,110.61
07/02/2025 16:43:47:419,Moved,548.75,206.25,0.00,1.00,112.84
07/02/2025 16:43:47:464,Moved,547.5,172.5,0.00,1.00,112.84
07/02/2025 16:43:47:464,Moved,547.50,172.50,0.00,1.00,113.59
07/02/2025 16:43:47:497,Moved,547.5,150,0.00,1.00,113.59
07/02/2025 16:43:47:497,Moved,547.50,150.00,0.00,1.00,113.98
07/02/2025 16:43:47:530,Moved,547.5,136.25,0.00,1.00,113.98
07/02/2025 16:43:47:530,Moved,547.50,136.25,0.00,1.00,114.20
07/02/2025 16:43:47:601,Moved,548.75,108.75,0.00,1.00,114.20
07/02/2025 16:43:47:601,Moved,548.75,108.75,0.00,1.00,115.17
07/02/2025 16:43:47:631,Moved,548.75,99.99998,0.00,1.00,115.17
07/02/2025 16:43:47:631,Moved,548.75,100.00,0.00,1.00,115.30
07/02/2025 16:43:47:820,Moved,551.25,78.74998,0.00,1.00,115.30
07/02/2025 16:43:47:820,Moved,551.25,78.75,0.00,1.00,117.28
07/02/2025 16:43:47:887,Moved,552.5,21.24998,0.00,1.00,117.28
07/02/2025 16:43:47:887,Moved,552.50,21.25,0.00,1.00,119.26
07/02/2025 16:43:47:932,Moved,552.5,7.499986,0.00,1.00,119.26
07/02/2025 16:43:47:932,Moved,552.50,7.50,0.00,1.00,119.58
07/02/2025 16:43:47:952,Moved,552.5,4.999986,0.00,1.00,119.58
07/02/2025 16:43:47:952,Moved,552.50,5.00,0.00,1.00,119.60
07/02/2025 16:43:47:986,Moved,551.25,-5.000014,0.00,1.00,119.60
07/02/2025 16:43:47:986,Moved,551.25,-5.00,0.00,1.00,119.76
07/02/2025 16:43:48:052,Moved,551.25,-20.00002,0.00,1.00,119.76
07/02/2025 16:43:48:052,Moved,551.25,-20.00,0.00,1.00,120.25
07/02/2025 16:43:48:087,Moved,551.25,-28.75002,0.00,1.00,120.25
07/02/2025 16:43:48:087,Moved,551.25,-28.75,0.00,1.00,120.41
07/02/2025 16:43:48:136,Moved,551.25,-36.25002,0.00,1.00,120.41
07/02/2025 16:43:48:136,Moved,551.25,-36.25,0.00,1.00,120.59
07/02/2025 16:43:48:220,Moved,550,-47.50002,0.00,1.00,120.59
07/02/2025 16:43:48:220,Moved,550.00,-47.50,0.00,1.00,121.07
07/02/2025 16:43:48:241,Stationary,550,-47.50002,0.00,1.00,121.07
07/02/2025 16:43:48:279,Moved,550,-50.00002,0.00,1.00,121.07
07/02/2025 16:43:48:279,Moved,550.00,-50.00,0.00,1.00,121.12
07/02/2025 16:43:48:316,Moved,550,-52.50002,0.00,1.00,121.12
07/02/2025 16:43:48:316,Moved,550.00,-52.50,0.00,1.00,121.16
07/02/2025 16:43:48:399,Moved,550,-58.75002,0.00,1.00,121.16
07/02/2025 16:43:48:399,Moved,550.00,-58.75,0.00,1.00,121.42
07/02/2025 16:43:48:416,Stationary,550,-58.75002,0.00,1.00,121.42
07/02/2025 16:43:48:450,Moved,550,-60.00002,0.00,1.00,121.42
07/02/2025 16:43:48:450,Moved,550.00,-60.00,0.00,1.00,121.44
07/02/2025 16:43:48:490,Moved,550,-62.50002,0.00,1.00,121.44
07/02/2025 16:43:48:490,Moved,550.00,-62.50,0.00,1.00,121.49
07/02/2025 16:43:48:568,Ended,552.5,-68.75002,0.00,1.00,121.49
07/02/2025 16:43:48:568,Ended,552.50,-68.75,0.00,1.00,121.49
07/02/2025 16:43:48:992,Began,538.75,463.75,0.00,1.00,121.49
07/02/2025 16:43:48:992,Began,538.75,463.75,0.00,1.00,121.49
07/02/2025 16:43:49:020,Moved,537.5,453.75,0.00,1.00,121.49
07/02/2025 16:43:49:020,Moved,537.50,453.75,0.00,1.00,121.62
07/02/2025 16:43:49:082,Moved,537.5,408.75,0.00,1.00,121.62
07/02/2025 16:43:49:082,Moved,537.50,408.75,0.00,1.00,123.04
07/02/2025 16:43:49:131,Moved,536.25,361.25,0.00,1.00,123.04
07/02/2025 16:43:49:131,Moved,536.25,361.25,0.00,1.00,124.21
07/02/2025 16:43:49:166,Moved,536.25,330,0.00,1.00,124.21
07/02/2025 16:43:49:166,Moved,536.25,330.00,0.00,1.00,124.76
07/02/2025 16:43:49:195,Moved,536.25,310,0.00,1.00,124.76
07/02/2025 16:43:49:195,Moved,536.25,310.00,0.00,1.00,125.04
07/02/2025 16:43:49:267,Moved,535,271.25,0.00,1.00,125.04
07/02/2025 16:43:49:267,Moved,535.00,271.25,0.00,1.00,126.42
07/02/2025 16:43:49:316,Moved,535,251.25,0.00,1.00,126.42
07/02/2025 16:43:49:316,Moved,535.00,251.25,0.00,1.00,126.91
07/02/2025 16:43:49:347,Moved,535,238.75,0.00,1.00,126.91
07/02/2025 16:43:49:347,Moved,535.00,238.75,0.00,1.00,127.11
07/02/2025 16:43:49:416,Moved,536.25,210,0.00,1.00,127.11
07/02/2025 16:43:49:416,Moved,536.25,210.00,0.00,1.00,128.11
07/02/2025 16:43:49:444,Moved,537.5,198.75,0.00,1.00,128.11
07/02/2025 16:43:49:444,Moved,537.50,198.75,0.00,1.00,128.26
07/02/2025 16:43:49:474,Moved,537.5,187.5,0.00,1.00,128.26
07/02/2025 16:43:49:474,Moved,537.50,187.50,0.00,1.00,128.44
07/02/2025 16:43:49:525,Moved,538.75,171.25,0.00,1.00,128.44
07/02/2025 16:43:49:525,Moved,538.75,171.25,0.00,1.00,128.85
07/02/2025 16:43:49:596,Moved,540,152.5,0.00,1.00,128.85
07/02/2025 16:43:49:596,Moved,540.00,152.50,0.00,1.00,129.51
07/02/2025 16:43:49:616,Moved,540,150,0.00,1.00,129.51
07/02/2025 16:43:49:616,Moved,540.00,150.00,0.00,1.00,129.53
07/02/2025 16:43:49:775,Moved,540,145,0.00,1.00,129.53
07/02/2025 16:43:49:775,Moved,540.00,145.00,0.00,1.00,129.90
07/02/2025 16:43:49:871,Moved,537.5,118.75,0.00,1.00,129.90
07/02/2025 16:43:49:871,Moved,537.50,118.75,0.00,1.00,131.30
07/02/2025 16:43:49:900,Moved,536.25,115,0.00,1.00,131.30
07/02/2025 16:43:49:900,Moved,536.25,115.00,0.00,1.00,131.36
07/02/2025 16:43:49:925,Moved,536.25,112.5,0.00,1.00,131.36
07/02/2025 16:43:49:925,Moved,536.25,112.50,0.00,1.00,131.39
07/02/2025 16:43:50:002,Moved,535,102.5,0.00,1.00,131.39
07/02/2025 16:43:50:002,Moved,535.00,102.50,0.00,1.00,131.77
07/02/2025 16:43:50:063,Moved,533.75,96.24998,0.00,1.00,131.77
07/02/2025 16:43:50:063,Moved,533.75,96.25,0.00,1.00,131.96
07/02/2025 16:43:50:099,Moved,532.5,91.24998,0.00,1.00,131.96
07/02/2025 16:43:50:099,Moved,532.50,91.25,0.00,1.00,132.06
07/02/2025 16:43:50:167,Moved,532.5,86.24998,0.00,1.00,132.06
07/02/2025 16:43:50:167,Moved,532.50,86.25,0.00,1.00,132.22
07/02/2025 16:43:50:194,Moved,531.25,81.24998,0.00,1.00,132.22
07/02/2025 16:43:50:194,Moved,531.25,81.25,0.00,1.00,132.29
07/02/2025 16:43:50:225,Moved,531.25,78.74998,0.00,1.00,132.29
07/02/2025 16:43:50:225,Moved,531.25,78.75,0.00,1.00,132.33
07/02/2025 16:43:50:277,Moved,530,72.49998,0.00,1.00,132.33
07/02/2025 16:43:50:277,Moved,530.00,72.50,0.00,1.00,132.50
07/02/2025 16:43:50:348,Moved,528.75,66.24998,0.00,1.00,132.50
07/02/2025 16:43:50:348,Moved,528.75,66.25,0.00,1.00,132.72
07/02/2025 16:43:50:376,Moved,527.5,64.99998,0.00,1.00,132.72
07/02/2025 16:43:50:376,Moved,527.50,65.00,0.00,1.00,132.73
07/02/2025 16:43:50:411,Moved,527.5,61.24998,0.00,1.00,132.73
07/02/2025 16:43:50:411,Moved,527.50,61.25,0.00,1.00,132.80
07/02/2025 16:43:50:451,Moved,527.5,57.49998,0.00,1.00,132.80
07/02/2025 16:43:50:451,Moved,527.50,57.50,0.00,1.00,132.88
07/02/2025 16:43:50:539,Moved,526.25,49.99998,0.00,1.00,132.88
07/02/2025 16:43:50:539,Moved,526.25,50.00,0.00,1.00,133.20
07/02/2025 16:43:50:558,Stationary,526.25,49.99998,0.00,1.00,133.20
07/02/2025 16:43:50:654,Ended,526.25,49.99998,0.00,1.00,133.20
07/02/2025 16:43:50:654,Ended,526.25,50.00,0.00,1.00,133.20
07/02/2025 16:43:51:147,Began,537.5,600,0.00,1.00,133.20
07/02/2025 16:43:51:147,Began,537.50,600.00,0.00,1.00,133.20
07/02/2025 16:43:51:183,Moved,537.5,597.5,0.00,1.00,133.20
07/02/2025 16:43:51:183,Moved,537.50,597.50,0.00,1.00,133.25
07/02/2025 16:43:51:214,Moved,536.25,595,0.00,1.00,133.25
07/02/2025 16:43:51:214,Moved,536.25,595.00,0.00,1.00,133.29
07/02/2025 16:43:51:276,Moved,533.75,576.25,0.00,1.00,133.29
07/02/2025 16:43:51:276,Moved,533.75,576.25,0.00,1.00,133.88
07/02/2025 16:43:51:313,Moved,532.5,561.25,0.00,1.00,133.88
07/02/2025 16:43:51:313,Moved,532.50,561.25,0.00,1.00,134.16
07/02/2025 16:43:51:386,Moved,527.5,537.5,0.00,1.00,134.16
07/02/2025 16:43:51:386,Moved,527.50,537.50,0.00,1.00,135.01
07/02/2025 16:43:51:402,Moved,527.5,530,0.00,1.00,135.01
07/02/2025 16:43:51:402,Moved,527.50,530.00,0.00,1.00,135.07
07/02/2025 16:43:51:440,Moved,525,517.5,0.00,1.00,135.07
07/02/2025 16:43:51:440,Moved,525.00,517.50,0.00,1.00,135.31
07/02/2025 16:43:51:612,Moved,522.5,507.5,0.00,1.00,135.31
07/02/2025 16:43:51:612,Moved,522.50,507.50,0.00,1.00,136.08
07/02/2025 16:43:51:697,Moved,515,446.25,0.00,1.00,136.08
07/02/2025 16:43:51:697,Moved,515.00,446.25,0.00,1.00,139.17
07/02/2025 16:43:51:740,Moved,515,436.25,0.00,1.00,139.17
07/02/2025 16:43:51:740,Moved,515.00,436.25,0.00,1.00,139.38
07/02/2025 16:43:51:762,Moved,515,431.25,0.00,1.00,139.38
07/02/2025 16:43:51:762,Moved,515.00,431.25,0.00,1.00,139.44
07/02/2025 16:43:51:828,Moved,513.75,413.75,0.00,1.00,139.44
07/02/2025 16:43:51:828,Moved,513.75,413.75,0.00,1.00,140.02
07/02/2025 16:43:51:859,Moved,513.75,406.25,0.00,1.00,140.02
07/02/2025 16:43:51:859,Moved,513.75,406.25,0.00,1.00,140.14
07/02/2025 16:43:51:890,Moved,512.5,401.25,0.00,1.00,140.14
07/02/2025 16:43:51:890,Moved,512.50,401.25,0.00,1.00,140.20
07/02/2025 16:43:51:928,Moved,512.5,388.75,0.00,1.00,140.20
07/02/2025 16:43:51:928,Moved,512.50,388.75,0.00,1.00,140.47
07/02/2025 16:43:52:018,Moved,511.25,367.5,0.00,1.00,140.47
07/02/2025 16:43:52:018,Moved,511.25,367.50,0.00,1.00,141.41
07/02/2025 16:43:52:051,Moved,510,360,0.00,1.00,141.41
07/02/2025 16:43:52:051,Moved,510.00,360.00,0.00,1.00,141.54
07/02/2025 16:43:52:088,Moved,508.75,353.75,0.00,1.00,141.54
07/02/2025 16:43:52:088,Moved,508.75,353.75,0.00,1.00,141.65
07/02/2025 16:43:52:178,Moved,506.25,331.25,0.00,1.00,141.65
07/02/2025 16:43:52:178,Moved,506.25,331.25,0.00,1.00,142.68
07/02/2025 16:43:52:217,Moved,506.25,322.5,0.00,1.00,142.68
07/02/2025 16:43:52:217,Moved,506.25,322.50,0.00,1.00,142.84
07/02/2025 16:43:52:240,Moved,506.25,317.5,0.00,1.00,142.84
07/02/2025 16:43:52:240,Moved,506.25,317.50,0.00,1.00,142.90
07/02/2025 16:43:52:303,Moved,505,301.25,0.00,1.00,142.90
07/02/2025 16:43:52:303,Moved,505.00,301.25,0.00,1.00,143.42
07/02/2025 16:43:52:325,Moved,505,297.5,0.00,1.00,143.42
07/02/2025 16:43:52:325,Moved,505.00,297.50,0.00,1.00,143.46
07/02/2025 16:43:52:359,Moved,505,292.5,0.00,1.00,143.46
07/02/2025 16:43:52:359,Moved,505.00,292.50,0.00,1.00,143.54
07/02/2025 16:43:52:555,Moved,505,276.25,0.00,1.00,143.54
07/02/2025 16:43:52:555,Moved,505.00,276.25,0.00,1.00,145.12
07/02/2025 16:43:52:640,Moved,502.5,236.25,0.00,1.00,145.12
07/02/2025 16:43:52:640,Moved,502.50,236.25,0.00,1.00,146.86
07/02/2025 16:43:52:657,Moved,502.5,235,0.00,1.00,146.86
07/02/2025 16:43:52:657,Moved,502.50,235.00,0.00,1.00,146.87
07/02/2025 16:43:52:693,Moved,503.75,227.5,0.00,1.00,146.87
07/02/2025 16:43:52:693,Moved,503.75,227.50,0.00,1.00,147.00
07/02/2025 16:43:52:718,Moved,503.75,223.75,0.00,1.00,147.00
07/02/2025 16:43:52:718,Moved,503.75,223.75,0.00,1.00,147.05
07/02/2025 16:43:52:783,Moved,507.5,207.5,0.00,1.00,147.05
07/02/2025 16:43:52:783,Moved,507.50,207.50,0.00,1.00,147.57
07/02/2025 16:43:52:830,Moved,511.25,193.75,0.00,1.00,147.57
07/02/2025 16:43:52:830,Moved,511.25,193.75,0.00,1.00,147.90
07/02/2025 16:43:52:854,Moved,512.5,188.75,0.00,1.00,147.90
07/02/2025 16:43:52:854,Moved,512.50,188.75,0.00,1.00,147.96
07/02/2025 16:43:52:892,Moved,515,178.75,0.00,1.00,147.96
07/02/2025 16:43:52:892,Moved,515.00,178.75,0.00,1.00,148.15
07/02/2025 16:43:52:955,Moved,517.5,166.25,0.00,1.00,148.15
07/02/2025 16:43:52:955,Moved,517.50,166.25,0.00,1.00,148.53
07/02/2025 16:43:52:975,Moved,517.5,161.25,0.00,1.00,148.53
07/02/2025 16:43:52:975,Moved,517.50,161.25,0.00,1.00,148.59
07/02/2025 16:43:53:011,Moved,517.5,153.75,0.00,1.00,148.59
07/02/2025 16:43:53:011,Moved,517.50,153.75,0.00,1.00,148.72
07/02/2025 16:43:53:057,Moved,518.75,146.25,0.00,1.00,148.72
07/02/2025 16:43:53:057,Moved,518.75,146.25,0.00,1.00,148.89
07/02/2025 16:43:53:134,Moved,520,128.75,0.00,1.00,148.89
07/02/2025 16:43:53:134,Moved,520.00,128.75,0.00,1.00,149.57
07/02/2025 16:43:53:162,Moved,521.25,121.25,0.00,1.00,149.57
07/02/2025 16:43:53:162,Moved,521.25,121.25,0.00,1.00,149.68
07/02/2025 16:43:53:200,Moved,521.25,113.75,0.00,1.00,149.68
07/02/2025 16:43:53:200,Moved,521.25,113.75,0.00,1.00,149.81
07/02/2025 16:43:53:242,Moved,522.5,106.25,0.00,1.00,149.81
07/02/2025 16:43:53:242,Moved,522.50,106.25,0.00,1.00,149.98
07/02/2025 16:43:53:322,Moved,522.5,91.24998,0.00,1.00,149.98
07/02/2025 16:43:53:322,Moved,522.50,91.25,0.00,1.00,150.57
07/02/2025 16:43:53:340,Moved,522.5,87.49998,0.00,1.00,150.57
07/02/2025 16:43:53:340,Moved,522.50,87.50,0.00,1.00,150.61
07/02/2025 16:43:53:526,Moved,522.5,84.99998,0.00,1.00,150.61
07/02/2025 16:43:53:526,Moved,522.50,85.00,0.00,1.00,150.83
07/02/2025 16:43:53:621,Ended,523.75,23.74998,0.00,1.00,150.83
07/02/2025 16:43:53:621,Ended,523.75,23.75,0.00,1.00,150.83
12/02/2025 12:16:47:663,Began,542.5,246.25,0.00,1.00,0.00
12/02/2025 12:16:47:663,Began,542.50,246.25,0.00,1.00,0.00
12/02/2025 12:16:47:761,Moved,552.5,148.75,0.00,1.00,0.00
12/02/2025 12:16:47:761,Moved,552.50,148.75,0.00,1.00,55.15
12/02/2025 12:16:47:786,Moved,552.5,135,0.00,1.00,55.15
12/02/2025 12:16:47:786,Moved,552.50,135.00,0.00,1.00,56.83
12/02/2025 12:16:47:808,Moved,552.5,112.5,0.00,1.00,56.83
12/02/2025 12:16:47:808,Moved,552.50,112.50,0.00,1.00,59.50
12/02/2025 12:16:47:822,Moved,551.25,105,0.00,1.00,59.50
12/02/2025 12:16:47:822,Moved,551.25,105.00,0.00,1.00,59.99
12/02/2025 12:16:47:844,Moved,550,89.99998,0.00,1.00,59.99
12/02/2025 12:16:47:844,Moved,550.00,90.00,0.00,1.00,61.56
12/02/2025 12:16:47:865,Moved,547.5,74.99998,0.00,1.00,61.56
12/02/2025 12:16:47:865,Moved,547.50,75.00,0.00,1.00,63.19
12/02/2025 12:16:47:905,Moved,543.75,46.24998,0.00,1.00,63.19
12/02/2025 12:16:47:905,Moved,543.75,46.25,0.00,1.00,68.98
12/02/2025 12:16:47:928,Moved,541.25,26.24998,0.00,1.00,68.98
12/02/2025 12:16:47:928,Moved,541.25,26.25,0.00,1.00,71.31
12/02/2025 12:16:47:967,Moved,536.25,2.499986,0.00,1.00,71.31
12/02/2025 12:16:47:967,Moved,536.25,2.50,0.00,1.00,76.02
12/02/2025 12:16:47:987,Moved,535,-3.750014,0.00,1.00,76.02
12/02/2025 12:16:47:987,Moved,535.00,-3.75,0.00,1.00,76.65
12/02/2025 12:16:48:006,Moved,527.5,-25.00002,0.00,1.00,76.65
12/02/2025 12:16:48:006,Moved,527.50,-25.00,0.00,1.00,78.74
12/02/2025 12:16:48:021,Moved,527.5,-31.25002,0.00,1.00,78.74
12/02/2025 12:16:48:021,Moved,527.50,-31.25,0.00,1.00,79.12
12/02/2025 12:16:48:038,Moved,525,-43.75002,0.00,1.00,79.12
12/02/2025 12:16:48:038,Moved,525.00,-43.75,0.00,1.00,80.37
12/02/2025 12:16:48:054,Moved,523.75,-47.50002,0.00,1.00,80.37
12/02/2025 12:16:48:054,Moved,523.75,-47.50,0.00,1.00,80.60
12/02/2025 12:16:48:082,Ended,523.75,-52.50002,0.00,1.00,80.60
12/02/2025 12:16:48:082,Ended,523.75,-52.50,0.00,1.00,80.60
12/02/2025 12:16:55:140,Began,615,301.25,0.00,1.00,80.60
12/02/2025 12:16:55:140,Began,615.00,301.25,0.00,1.00,80.60
12/02/2025 12:16:55:175,Moved,601.25,232.5,0.00,1.00,80.60
12/02/2025 12:16:55:175,Moved,601.25,232.50,0.00,1.00,80.72
12/02/2025 12:16:55:217,Moved,592.5,103.75,0.00,1.00,80.72
12/02/2025 12:16:55:217,Moved,592.50,103.75,0.00,1.00,80.99
12/02/2025 12:16:55:259,Ended,592.5,103.75,0.00,1.00,80.99
12/02/2025 12:16:55:259,Ended,592.50,103.75,0.00,1.00,80.99
12/02/2025 12:16:56:252,Began,546.25,461.25,0.00,1.00,80.99
12/02/2025 12:16:56:252,Began,546.25,461.25,0.00,1.00,80.99
12/02/2025 12:16:56:275,Moved,542.5,452.5,0.00,1.00,80.99
12/02/2025 12:16:56:275,Moved,542.50,452.50,0.00,1.00,81.00
12/02/2025 12:16:56:303,Moved,528.75,408.75,0.00,1.00,81.00
12/02/2025 12:16:56:303,Moved,528.75,408.75,0.00,1.00,81.06
12/02/2025 12:16:56:323,Moved,522.5,371.25,0.00,1.00,81.06
12/02/2025 12:16:56:323,Moved,522.50,371.25,0.00,1.00,81.10
12/02/2025 12:16:56:373,Moved,517.5,272.5,0.00,1.00,81.10
12/02/2025 12:16:56:373,Moved,517.50,272.50,0.00,1.00,81.34
12/02/2025 12:16:56:401,Moved,517.5,220,0.00,1.00,81.34
12/02/2025 12:16:56:401,Moved,517.50,220.00,0.00,1.00,81.41
12/02/2025 12:16:56:427,Moved,520,187.5,0.00,1.00,81.41
12/02/2025 12:16:56:427,Moved,520.00,187.50,0.00,1.00,81.46
12/02/2025 12:16:56:445,Moved,521.25,158.75,0.00,1.00,81.46
12/02/2025 12:16:56:445,Moved,521.25,158.75,0.00,1.00,81.48
12/02/2025 12:16:56:465,Moved,522.5,133.75,0.00,1.00,81.48
12/02/2025 12:16:56:465,Moved,522.50,133.75,0.00,1.00,81.51
12/02/2025 12:16:56:484,Moved,522.5,111.25,0.00,1.00,81.51
12/02/2025 12:16:56:484,Moved,522.50,111.25,0.00,1.00,81.53
12/02/2025 12:16:56:533,Moved,522.5,64.99998,0.00,1.00,81.53
12/02/2025 12:16:56:533,Moved,522.50,65.00,0.00,1.00,81.64
12/02/2025 12:16:56:556,Moved,522.5,51.24998,0.00,1.00,81.64
12/02/2025 12:16:56:556,Moved,522.50,51.25,0.00,1.00,81.66
12/02/2025 12:16:56:580,Moved,523.75,31.24998,0.00,1.00,81.66
12/02/2025 12:16:56:580,Moved,523.75,31.25,0.00,1.00,81.68
12/02/2025 12:16:56:604,Moved,525,21.24998,0.00,1.00,81.68
12/02/2025 12:16:56:604,Moved,525.00,21.25,0.00,1.00,81.69
12/02/2025 12:16:56:617,Moved,526.25,11.24999,0.00,1.00,81.69
12/02/2025 12:16:56:617,Moved,526.25,11.25,0.00,1.00,81.70
12/02/2025 12:16:56:629,Moved,526.25,4.999986,0.00,1.00,81.70
12/02/2025 12:16:56:629,Moved,526.25,5.00,0.00,1.00,81.70
12/02/2025 12:16:56:645,Moved,527.5,-1.430511E-05,0.00,1.00,81.70
12/02/2025 12:16:56:645,Moved,527.50,0.00,0.00,1.00,81.71
12/02/2025 12:16:56:687,Moved,532.5,-31.25002,0.00,1.00,81.71
12/02/2025 12:16:56:687,Moved,532.50,-31.25,0.00,1.00,81.77
12/02/2025 12:16:56:702,Moved,535,-37.50002,0.00,1.00,81.77
12/02/2025 12:16:56:702,Moved,535.00,-37.50,0.00,1.00,81.78
12/02/2025 12:16:56:722,Moved,537.5,-48.75002,0.00,1.00,81.78
12/02/2025 12:16:56:722,Moved,537.50,-48.75,0.00,1.00,81.79
12/02/2025 12:16:56:739,Moved,538.75,-58.75002,0.00,1.00,81.79
12/02/2025 12:16:56:739,Moved,538.75,-58.75,0.00,1.00,81.80
12/02/2025 12:16:56:759,Moved,541.25,-68.75002,0.00,1.00,81.80
12/02/2025 12:16:56:759,Moved,541.25,-68.75,0.00,1.00,81.81
12/02/2025 12:16:56:778,Moved,542.5,-78.75002,0.00,1.00,81.81
12/02/2025 12:16:56:778,Moved,542.50,-78.75,0.00,1.00,81.82
12/02/2025 12:16:56:797,Moved,542.5,-86.25002,0.00,1.00,81.82
12/02/2025 12:16:56:797,Moved,542.50,-86.25,0.00,1.00,81.82
12/02/2025 12:16:56:856,Moved,541.25,-118.75,0.00,1.00,81.82
12/02/2025 12:16:56:856,Moved,541.25,-118.75,0.00,1.00,81.92
12/02/2025 12:16:56:871,Moved,541.25,-123.75,0.00,1.00,81.92
12/02/2025 12:16:56:871,Moved,541.25,-123.75,0.00,1.00,81.92
12/02/2025 12:16:56:887,Moved,542.5,-133.75,0.00,1.00,81.92
12/02/2025 12:16:56:887,Moved,542.50,-133.75,0.00,1.00,81.93
12/02/2025 12:16:56:912,Ended,541.25,-138.75,0.00,1.00,81.93
12/02/2025 12:16:56:912,Ended,541.25,-138.75,0.00,1.00,81.93
12/02/2025 12:17:02:567,Began,562.5,476.25,0.00,1.00,81.93
12/02/2025 12:17:02:567,Began,562.50,476.25,0.00,1.00,81.93
12/02/2025 12:17:02:583,Moved,561.25,462.5,0.00,1.00,81.93
12/02/2025 12:17:02:583,Moved,561.25,462.50,0.00,1.00,82.15
12/02/2025 12:17:02:616,Moved,553.75,396.25,0.00,1.00,82.15
12/02/2025 12:17:02:616,Moved,553.75,396.25,0.00,1.00,84.49
12/02/2025 12:17:02:645,Moved,548.75,341.25,0.00,1.00,84.49
12/02/2025 12:17:02:645,Moved,548.75,341.25,0.00,1.00,86.04
12/02/2025 12:17:02:688,Moved,542.5,270,0.00,1.00,86.04
12/02/2025 12:17:02:688,Moved,542.50,270.00,0.00,1.00,89.10
12/02/2025 12:17:02:707,Moved,540,236.25,0.00,1.00,89.10
12/02/2025 12:17:02:707,Moved,540.00,236.25,0.00,1.00,89.78
12/02/2025 12:17:02:725,Moved,537.5,206.25,0.00,1.00,89.78
12/02/2025 12:17:02:725,Moved,537.50,206.25,0.00,1.00,90.31
12/02/2025 12:17:02:744,Moved,536.25,191.25,0.00,1.00,90.31
12/02/2025 12:17:02:744,Moved,536.25,191.25,0.00,1.00,90.58
12/02/2025 12:17:02:762,Moved,533.75,152.5,0.00,1.00,90.58
12/02/2025 12:17:02:762,Moved,533.75,152.50,0.00,1.00,91.32
12/02/2025 12:17:02:780,Moved,532.5,141.25,0.00,1.00,91.32
12/02/2025 12:17:02:780,Moved,532.50,141.25,0.00,1.00,91.52
12/02/2025 12:17:02:797,Moved,532.5,117.5,0.00,1.00,91.52
12/02/2025 12:17:02:797,Moved,532.50,117.50,0.00,1.00,91.93
12/02/2025 12:17:02:843,Moved,535,63.74998,0.00,1.00,91.93
12/02/2025 12:17:02:843,Moved,535.00,63.75,0.00,1.00,94.36
12/02/2025 12:17:02:868,Moved,536.25,46.24998,0.00,1.00,94.36
12/02/2025 12:17:02:868,Moved,536.25,46.25,0.00,1.00,94.81
12/02/2025 12:17:02:888,Moved,537.5,27.49998,0.00,1.00,94.81
12/02/2025 12:17:02:888,Moved,537.50,27.50,0.00,1.00,95.18
12/02/2025 12:17:02:903,Moved,540,18.74998,0.00,1.00,95.18
12/02/2025 12:17:02:903,Moved,540.00,18.75,0.00,1.00,95.30
12/02/2025 12:17:02:921,Moved,542.5,-5.000014,0.00,1.00,95.30
12/02/2025 12:17:02:921,Moved,542.50,-5.00,0.00,1.00,95.75
12/02/2025 12:17:02:936,Moved,542.5,-12.50001,0.00,1.00,95.75
12/02/2025 12:17:02:936,Moved,542.50,-12.50,0.00,1.00,95.86
12/02/2025 12:17:02:957,Ended,543.75,-18.75002,0.00,1.00,95.86
12/02/2025 12:17:02:957,Ended,543.75,-18.75,0.00,1.00,95.86
12/02/2025 12:17:10:005,Began,543.75,168.75,0.00,1.00,95.86
12/02/2025 12:17:10:005,Began,543.75,168.75,0.00,1.00,95.86
12/02/2025 12:17:10:018,Moved,542.5,171.25,0.00,1.00,95.86
12/02/2025 12:17:10:018,Moved,542.50,171.25,0.00,1.00,95.84
12/02/2025 12:17:10:038,Moved,541.25,172.5,0.00,1.00,95.84
12/02/2025 12:17:10:038,Moved,541.25,172.50,0.00,1.00,95.83
12/02/2025 12:17:10:050,Moved,540,172.5,0.00,1.00,95.83
12/02/2025 12:17:10:050,Moved,540.00,172.50,0.00,1.00,95.83
12/02/2025 12:17:10:065,Stationary,540,172.5,0.00,1.00,95.83
12/02/2025 12:17:10:084,Moved,538.75,171.25,0.00,1.00,95.83
12/02/2025 12:17:10:084,Moved,538.75,171.25,0.00,1.00,95.84
12/02/2025 12:17:10:105,Moved,538.75,162.5,0.00,1.00,95.84
12/02/2025 12:17:10:105,Moved,538.75,162.50,0.00,1.00,95.93
12/02/2025 12:17:10:117,Moved,538.75,156.25,0.00,1.00,95.93
12/02/2025 12:17:10:117,Moved,538.75,156.25,0.00,1.00,95.97
12/02/2025 12:17:10:144,Moved,537.5,130,0.00,1.00,95.97
12/02/2025 12:17:10:144,Moved,537.50,130.00,0.00,1.00,96.32
12/02/2025 12:17:10:159,Moved,537.5,121.25,0.00,1.00,96.32
12/02/2025 12:17:10:159,Moved,537.50,121.25,0.00,1.00,96.38
12/02/2025 12:17:10:200,Moved,537.5,84.99998,0.00,1.00,96.38
12/02/2025 12:17:10:200,Moved,537.50,85.00,0.00,1.00,97.14
12/02/2025 12:17:10:215,Moved,537.5,79.99998,0.00,1.00,97.14
12/02/2025 12:17:10:215,Moved,537.50,80.00,0.00,1.00,97.17
12/02/2025 12:17:10:227,Moved,537.5,73.74998,0.00,1.00,97.17
12/02/2025 12:17:10:227,Moved,537.50,73.75,0.00,1.00,97.21
12/02/2025 12:17:10:244,Moved,536.25,63.74998,0.00,1.00,97.21
12/02/2025 12:17:10:244,Moved,536.25,63.75,0.00,1.00,97.29
12/02/2025 12:17:10:256,Moved,535,57.49998,0.00,1.00,97.29
12/02/2025 12:17:10:256,Moved,535.00,57.50,0.00,1.00,97.33
12/02/2025 12:17:10:273,Moved,533.75,47.49998,0.00,1.00,97.33
12/02/2025 12:17:10:273,Moved,533.75,47.50,0.00,1.00,97.41
12/02/2025 12:17:10:288,Moved,532.5,41.24998,0.00,1.00,97.41
12/02/2025 12:17:10:288,Moved,532.50,41.25,0.00,1.00,97.46
12/02/2025 12:17:10:302,Moved,531.25,31.24998,0.00,1.00,97.46
12/02/2025 12:17:10:302,Moved,531.25,31.25,0.00,1.00,97.54
12/02/2025 12:17:10:317,Moved,530,26.24998,0.00,1.00,97.54
12/02/2025 12:17:10:317,Moved,530.00,26.25,0.00,1.00,97.57
12/02/2025 12:17:10:352,Moved,526.25,6.249986,0.00,1.00,97.57
12/02/2025 12:17:10:352,Moved,526.25,6.25,0.00,1.00,97.94
12/02/2025 12:17:10:376,Moved,523.75,-3.750014,0.00,1.00,97.94
12/02/2025 12:17:10:376,Moved,523.75,-3.75,0.00,1.00,98.05
12/02/2025 12:17:10:387,Moved,523.75,-7.500014,0.00,1.00,98.05
12/02/2025 12:17:10:387,Moved,523.75,-7.50,0.00,1.00,98.07
12/02/2025 12:17:10:402,Moved,523.75,-15.00001,0.00,1.00,98.07
12/02/2025 12:17:10:402,Moved,523.75,-15.00,0.00,1.00,98.12
12/02/2025 12:17:10:413,Moved,523.75,-18.75002,0.00,1.00,98.12
12/02/2025 12:17:10:413,Moved,523.75,-18.75,0.00,1.00,98.15
12/02/2025 12:17:10:431,Moved,525,-26.25002,0.00,1.00,98.15
12/02/2025 12:17:10:431,Moved,525.00,-26.25,0.00,1.00,98.22
12/02/2025 12:17:10:443,Moved,525,-28.75002,0.00,1.00,98.22
12/02/2025 12:17:10:443,Moved,525.00,-28.75,0.00,1.00,98.23
12/02/2025 12:17:10:462,Moved,523.75,-36.25002,0.00,1.00,98.23
12/02/2025 12:17:10:462,Moved,523.75,-36.25,0.00,1.00,98.30
12/02/2025 12:17:10:473,Moved,523.75,-41.25002,0.00,1.00,98.30
12/02/2025 12:17:10:473,Moved,523.75,-41.25,0.00,1.00,98.33
12/02/2025 12:17:10:505,Moved,522.5,-53.75002,0.00,1.00,98.33
12/02/2025 12:17:10:505,Moved,522.50,-53.75,0.00,1.00,98.53
12/02/2025 12:17:10:521,Moved,521.25,-61.25002,0.00,1.00,98.53
12/02/2025 12:17:10:521,Moved,521.25,-61.25,0.00,1.00,98.59
12/02/2025 12:17:10:532,Moved,521.25,-63.75002,0.00,1.00,98.59
12/02/2025 12:17:10:532,Moved,521.25,-63.75,0.00,1.00,98.60
12/02/2025 12:17:10:552,Moved,521.25,-70.00002,0.00,1.00,98.60
12/02/2025 12:17:10:552,Moved,521.25,-70.00,0.00,1.00,98.66
12/02/2025 12:17:10:570,Moved,521.25,-73.75002,0.00,1.00,98.66
12/02/2025 12:17:10:570,Moved,521.25,-73.75,0.00,1.00,98.70
12/02/2025 12:17:10:593,Ended,521.25,-73.75002,0.00,1.00,98.70
12/02/2025 12:17:10:593,Ended,521.25,-73.75,0.00,1.00,98.70
12/02/2025 12:17:11:109,Began,531.25,300,0.00,1.00,98.70
12/02/2025 12:17:11:109,Began,531.25,300.00,0.00,1.00,98.70
12/02/2025 12:17:11:124,Moved,531.25,288.75,0.00,1.00,98.70
12/02/2025 12:17:11:124,Moved,531.25,288.75,0.00,1.00,98.77
12/02/2025 12:17:11:159,Moved,532.5,266.25,0.00,1.00,98.77
12/02/2025 12:17:11:159,Moved,532.50,266.25,0.00,1.00,99.18
12/02/2025 12:17:11:186,Moved,533.75,241.25,0.00,1.00,99.18
12/02/2025 12:17:11:186,Moved,533.75,241.25,0.00,1.00,99.52
12/02/2025 12:17:11:216,Moved,533.75,218.75,0.00,1.00,99.52
12/02/2025 12:17:11:216,Moved,533.75,218.75,0.00,1.00,99.85
12/02/2025 12:17:11:232,Moved,533.75,211.25,0.00,1.00,99.85
12/02/2025 12:17:11:232,Moved,533.75,211.25,0.00,1.00,99.91
12/02/2025 12:17:11:251,Moved,532.5,191.25,0.00,1.00,99.91
12/02/2025 12:17:11:251,Moved,532.50,191.25,0.00,1.00,100.12
12/02/2025 12:17:11:270,Moved,532.5,186.25,0.00,1.00,100.12
12/02/2025 12:17:11:270,Moved,532.50,186.25,0.00,1.00,100.16
12/02/2025 12:17:11:314,Moved,533.75,161.25,0.00,1.00,100.16
12/02/2025 12:17:11:314,Moved,533.75,161.25,0.00,1.00,100.71
12/02/2025 12:17:11:332,Moved,535,156.25,0.00,1.00,100.71
12/02/2025 12:17:11:332,Moved,535.00,156.25,0.00,1.00,100.75
12/02/2025 12:17:11:349,Moved,535,148.75,0.00,1.00,100.75
12/02/2025 12:17:11:349,Moved,535.00,148.75,0.00,1.00,100.82
12/02/2025 12:17:11:367,Moved,536.25,142.5,0.00,1.00,100.82
12/02/2025 12:17:11:367,Moved,536.25,142.50,0.00,1.00,100.87
12/02/2025 12:17:11:383,Moved,537.5,140,0.00,1.00,100.87
12/02/2025 12:17:11:383,Moved,537.50,140.00,0.00,1.00,100.89
12/02/2025 12:17:11:401,Moved,537.5,133.75,0.00,1.00,100.89
12/02/2025 12:17:11:401,Moved,537.50,133.75,0.00,1.00,100.95
12/02/2025 12:17:11:430,Moved,538.75,126.25,0.00,1.00,100.95
12/02/2025 12:17:11:430,Moved,538.75,126.25,0.00,1.00,101.05
12/02/2025 12:17:11:477,Moved,540,111.25,0.00,1.00,101.05
12/02/2025 12:17:11:477,Moved,540.00,111.25,0.00,1.00,101.41
12/02/2025 12:17:11:495,Moved,540,105,0.00,1.00,101.41
12/02/2025 12:17:11:495,Moved,540.00,105.00,0.00,1.00,101.47
12/02/2025 12:17:11:517,Moved,540,97.49998,0.00,1.00,101.47
12/02/2025 12:17:11:517,Moved,540.00,97.50,0.00,1.00,101.55
12/02/2025 12:17:11:536,Moved,540,91.24998,0.00,1.00,101.55
12/02/2025 12:17:11:536,Moved,540.00,91.25,0.00,1.00,101.61
12/02/2025 12:17:11:556,Moved,540,84.99998,0.00,1.00,101.61
12/02/2025 12:17:11:556,Moved,540.00,85.00,0.00,1.00,101.67
12/02/2025 12:17:11:571,Moved,540,81.24998,0.00,1.00,101.67
12/02/2025 12:17:11:571,Moved,540.00,81.25,0.00,1.00,101.70
12/02/2025 12:17:11:587,Moved,540,76.24998,0.00,1.00,101.70
12/02/2025 12:17:11:587,Moved,540.00,76.25,0.00,1.00,101.74
12/02/2025 12:17:11:621,Moved,540,66.24998,0.00,1.00,101.74
12/02/2025 12:17:11:621,Moved,540.00,66.25,0.00,1.00,101.91
12/02/2025 12:17:11:639,Moved,540,61.24998,0.00,1.00,101.91
12/02/2025 12:17:11:639,Moved,540.00,61.25,0.00,1.00,101.95
12/02/2025 12:17:11:655,Moved,540,58.74998,0.00,1.00,101.95
12/02/2025 12:17:11:655,Moved,540.00,58.75,0.00,1.00,101.97
12/02/2025 12:17:11:669,Moved,538.75,56.24998,0.00,1.00,101.97
12/02/2025 12:17:11:669,Moved,538.75,56.25,0.00,1.00,101.99
12/02/2025 12:17:11:682,Moved,538.75,49.99998,0.00,1.00,101.99
12/02/2025 12:17:11:682,Moved,538.75,50.00,0.00,1.00,102.03
12/02/2025 12:17:11:691,Moved,538.75,46.24998,0.00,1.00,102.03
12/02/2025 12:17:11:691,Moved,538.75,46.25,0.00,1.00,102.05
12/02/2025 12:17:11:704,Moved,538.75,42.49998,0.00,1.00,102.05
12/02/2025 12:17:11:704,Moved,538.75,42.50,0.00,1.00,102.07
12/02/2025 12:17:11:721,Moved,538.75,37.49998,0.00,1.00,102.07
12/02/2025 12:17:11:721,Moved,538.75,37.50,0.00,1.00,102.11
12/02/2025 12:17:11:733,Moved,538.75,34.99998,0.00,1.00,102.11
12/02/2025 12:17:11:733,Moved,538.75,35.00,0.00,1.00,102.13
12/02/2025 12:17:11:744,Moved,538.75,31.24998,0.00,1.00,102.13
12/02/2025 12:17:11:744,Moved,538.75,31.25,0.00,1.00,102.15
12/02/2025 12:17:11:778,Moved,538.75,22.49998,0.00,1.00,102.15
12/02/2025 12:17:11:778,Moved,538.75,22.50,0.00,1.00,102.30
12/02/2025 12:17:11:786,Stationary,538.75,22.49998,0.00,1.00,102.30
12/02/2025 12:17:11:806,Moved,538.75,17.49998,0.00,1.00,102.30
12/02/2025 12:17:11:806,Moved,538.75,17.50,0.00,1.00,102.35
12/02/2025 12:17:11:820,Moved,538.75,12.49999,0.00,1.00,102.35
12/02/2025 12:17:11:820,Moved,538.75,12.50,0.00,1.00,102.39
12/02/2025 12:17:11:834,Moved,538.75,11.24999,0.00,1.00,102.39
12/02/2025 12:17:11:834,Moved,538.75,11.25,0.00,1.00,102.39
12/02/2025 12:17:11:854,Moved,538.75,6.249986,0.00,1.00,102.39
12/02/2025 12:17:11:854,Moved,538.75,6.25,0.00,1.00,102.45
12/02/2025 12:17:11:865,Moved,538.75,3.749986,0.00,1.00,102.45
12/02/2025 12:17:11:865,Moved,538.75,3.75,0.00,1.00,102.46
12/02/2025 12:17:11:877,Moved,538.75,1.249986,0.00,1.00,102.46
12/02/2025 12:17:11:877,Moved,538.75,1.25,0.00,1.00,102.48
12/02/2025 12:17:11:900,Moved,538.75,-3.750014,0.00,1.00,102.48
12/02/2025 12:17:11:900,Moved,538.75,-3.75,0.00,1.00,102.54
12/02/2025 12:17:11:929,Moved,538.75,-13.75001,0.00,1.00,102.54
12/02/2025 12:17:11:929,Moved,538.75,-13.75,0.00,1.00,102.68
12/02/2025 12:17:11:935,Stationary,538.75,-13.75001,0.00,1.00,102.68
12/02/2025 12:17:11:948,Moved,540,-17.50002,0.00,1.00,102.68
12/02/2025 12:17:11:948,Moved,540.00,-17.50,0.00,1.00,102.71
12/02/2025 12:17:11:963,Moved,540,-18.75002,0.00,1.00,102.71
12/02/2025 12:17:11:963,Moved,540.00,-18.75,0.00,1.00,102.71
12/02/2025 12:17:11:981,Moved,540,-22.50002,0.00,1.00,102.71
12/02/2025 12:17:11:981,Moved,540.00,-22.50,0.00,1.00,102.75
12/02/2025 12:17:11:991,Moved,540,-23.75002,0.00,1.00,102.75
12/02/2025 12:17:11:991,Moved,540.00,-23.75,0.00,1.00,102.76
12/02/2025 12:17:12:006,Moved,541.25,-25.00002,0.00,1.00,102.76
12/02/2025 12:17:12:006,Moved,541.25,-25.00,0.00,1.00,102.76
12/02/2025 12:17:12:021,Moved,541.25,-30.00002,0.00,1.00,102.76
12/02/2025 12:17:12:021,Moved,541.25,-30.00,0.00,1.00,102.80
12/02/2025 12:17:12:034,Moved,541.25,-32.50002,0.00,1.00,102.80
12/02/2025 12:17:12:034,Moved,541.25,-32.50,0.00,1.00,102.82
12/02/2025 12:17:12:058,Moved,542.5,-41.25002,0.00,1.00,102.82
12/02/2025 12:17:12:058,Moved,542.50,-41.25,0.00,1.00,102.92
12/02/2025 12:17:12:088,Moved,543.75,-48.75002,0.00,1.00,102.92
12/02/2025 12:17:12:088,Moved,543.75,-48.75,0.00,1.00,103.04
12/02/2025 12:17:12:098,Stationary,543.75,-48.75002,0.00,1.00,103.04
12/02/2025 12:17:12:107,Moved,545,-51.25002,0.00,1.00,103.04
12/02/2025 12:17:12:107,Moved,545.00,-51.25,0.00,1.00,103.05
12/02/2025 12:17:12:120,Moved,545,-52.50002,0.00,1.00,103.05
12/02/2025 12:17:12:120,Moved,545.00,-52.50,0.00,1.00,103.06
12/02/2025 12:17:12:136,Moved,545,-53.75002,0.00,1.00,103.06
12/02/2025 12:17:12:136,Moved,545.00,-53.75,0.00,1.00,103.07
12/02/2025 12:17:12:150,Moved,546.25,-57.50002,0.00,1.00,103.07
12/02/2025 12:17:12:150,Moved,546.25,-57.50,0.00,1.00,103.09
12/02/2025 12:17:12:163,Moved,546.25,-58.75002,0.00,1.00,103.09
12/02/2025 12:17:12:163,Moved,546.25,-58.75,0.00,1.00,103.10
12/02/2025 12:17:12:179,Moved,547.5,-63.75002,0.00,1.00,103.10
12/02/2025 12:17:12:179,Moved,547.50,-63.75,0.00,1.00,103.15
12/02/2025 12:17:12:189,Moved,547.5,-65.00002,0.00,1.00,103.15
12/02/2025 12:17:12:189,Moved,547.50,-65.00,0.00,1.00,103.15
12/02/2025 12:17:12:205,Moved,547.5,-67.50002,0.00,1.00,103.15
12/02/2025 12:17:12:205,Moved,547.50,-67.50,0.00,1.00,103.17
12/02/2025 12:17:12:220,Moved,548.75,-71.25002,0.00,1.00,103.17
12/02/2025 12:17:12:220,Moved,548.75,-71.25,0.00,1.00,103.20
12/02/2025 12:17:12:258,Moved,548.75,-78.75002,0.00,1.00,103.20
12/02/2025 12:17:12:258,Moved,548.75,-78.75,0.00,1.00,103.34
12/02/2025 12:17:12:277,Moved,548.75,-83.75002,0.00,1.00,103.34
12/02/2025 12:17:12:277,Moved,548.75,-83.75,0.00,1.00,103.39
12/02/2025 12:17:12:288,Moved,548.75,-86.25002,0.00,1.00,103.39
12/02/2025 12:17:12:288,Moved,548.75,-86.25,0.00,1.00,103.40
12/02/2025 12:17:12:301,Moved,548.75,-88.75002,0.00,1.00,103.40
12/02/2025 12:17:12:301,Moved,548.75,-88.75,0.00,1.00,103.42
12/02/2025 12:17:12:320,Moved,550,-93.75002,0.00,1.00,103.42
12/02/2025 12:17:12:320,Moved,550.00,-93.75,0.00,1.00,103.47
12/02/2025 12:17:12:331,Moved,550,-96.25002,0.00,1.00,103.47
12/02/2025 12:17:12:331,Moved,550.00,-96.25,0.00,1.00,103.48
12/02/2025 12:17:12:348,Moved,550,-98.75002,0.00,1.00,103.48
12/02/2025 12:17:12:348,Moved,550.00,-98.75,0.00,1.00,103.51
12/02/2025 12:17:12:358,Moved,550,-100,0.00,1.00,103.51
12/02/2025 12:17:12:358,Moved,550.00,-100.00,0.00,1.00,103.51
12/02/2025 12:17:12:382,Moved,550,-101.25,0.00,1.00,103.51
12/02/2025 12:17:12:382,Moved,550.00,-101.25,0.00,1.00,103.53
12/02/2025 12:17:12:419,Moved,550,-108.75,0.00,1.00,103.53
12/02/2025 12:17:12:419,Moved,550.00,-108.75,0.00,1.00,103.67
12/02/2025 12:17:12:434,Moved,550,-112.5,0.00,1.00,103.67
12/02/2025 12:17:12:434,Moved,550.00,-112.50,0.00,1.00,103.69
12/02/2025 12:17:12:453,Ended,550,-116.25,0.00,1.00,103.69
12/02/2025 12:17:12:453,Ended,550.00,-116.25,0.00,1.00,103.69
12/02/2025 12:17:13:022,Began,537.5,485,0.00,1.00,103.69
12/02/2025 12:17:13:022,Began,537.50,485.00,0.00,1.00,103.69
12/02/2025 12:17:13:040,Moved,540,476.25,0.00,1.00,103.69
12/02/2025 12:17:13:040,Moved,540.00,476.25,0.00,1.00,103.78
12/02/2025 12:17:13:075,Moved,541.25,458.75,0.00,1.00,103.78
12/02/2025 12:17:13:075,Moved,541.25,458.75,0.00,1.00,104.08
12/02/2025 12:17:13:100,Moved,542.5,438.75,0.00,1.00,104.08
12/02/2025 12:17:13:100,Moved,542.50,438.75,0.00,1.00,104.34
12/02/2025 12:17:13:122,Moved,543.75,426.25,0.00,1.00,104.34
12/02/2025 12:17:13:122,Moved,543.75,426.25,0.00,1.00,104.47
12/02/2025 12:17:13:136,Moved,543.75,418.75,0.00,1.00,104.47
12/02/2025 12:17:13:136,Moved,543.75,418.75,0.00,1.00,104.53
12/02/2025 12:17:13:154,Moved,545,406.25,0.00,1.00,104.53
12/02/2025 12:17:13:154,Moved,545.00,406.25,0.00,1.00,104.63
12/02/2025 12:17:13:168,Moved,546.25,398.75,0.00,1.00,104.63
12/02/2025 12:17:13:168,Moved,546.25,398.75,0.00,1.00,104.68
12/02/2025 12:17:13:204,Moved,547.5,371.25,0.00,1.00,104.68
12/02/2025 12:17:13:204,Moved,547.50,371.25,0.00,1.00,105.18
12/02/2025 12:17:13:219,Moved,548.75,365,0.00,1.00,105.18
12/02/2025 12:17:13:219,Moved,548.75,365.00,0.00,1.00,105.22
12/02/2025 12:17:13:235,Moved,551.25,351.25,0.00,1.00,105.22
12/02/2025 12:17:13:235,Moved,551.25,351.25,0.00,1.00,105.34
12/02/2025 12:17:13:245,Moved,551.25,343.75,0.00,1.00,105.34
12/02/2025 12:17:13:245,Moved,551.25,343.75,0.00,1.00,105.37
12/02/2025 12:17:13:258,Moved,552.5,337.5,0.00,1.00,105.37
12/02/2025 12:17:13:258,Moved,552.50,337.50,0.00,1.00,105.41
12/02/2025 12:17:13:274,Moved,552.5,322.5,0.00,1.00,105.41
12/02/2025 12:17:13:274,Moved,552.50,322.50,0.00,1.00,105.53
12/02/2025 12:17:13:288,Moved,552.5,316.25,0.00,1.00,105.53
12/02/2025 12:17:13:288,Moved,552.50,316.25,0.00,1.00,105.57
12/02/2025 12:17:13:303,Moved,552.5,301.25,0.00,1.00,105.57
12/02/2025 12:17:13:303,Moved,552.50,301.25,0.00,1.00,105.68
12/02/2025 12:17:13:324,Moved,552.5,290,0.00,1.00,105.68
12/02/2025 12:17:13:324,Moved,552.50,290.00,0.00,1.00,105.81
12/02/2025 12:17:13:355,Moved,553.75,272.5,0.00,1.00,105.81
12/02/2025 12:17:13:355,Moved,553.75,272.50,0.00,1.00,106.07
12/02/2025 12:17:13:369,Moved,553.75,266.25,0.00,1.00,106.07
12/02/2025 12:17:13:369,Moved,553.75,266.25,0.00,1.00,106.11
12/02/2025 12:17:13:383,Moved,555,256.25,0.00,1.00,106.11
12/02/2025 12:17:13:383,Moved,555.00,256.25,0.00,1.00,106.19
12/02/2025 12:17:13:397,Moved,555,251.25,0.00,1.00,106.19
12/02/2025 12:17:13:397,Moved,555.00,251.25,0.00,1.00,106.22
12/02/2025 12:17:13:413,Moved,556.25,241.25,0.00,1.00,106.22
12/02/2025 12:17:13:413,Moved,556.25,241.25,0.00,1.00,106.31
12/02/2025 12:17:13:427,Moved,557.5,235,0.00,1.00,106.31
12/02/2025 12:17:13:427,Moved,557.50,235.00,0.00,1.00,106.35
12/02/2025 12:17:13:442,Moved,557.5,223.75,0.00,1.00,106.35
12/02/2025 12:17:13:442,Moved,557.50,223.75,0.00,1.00,106.44
12/02/2025 12:17:13:454,Moved,557.5,217.5,0.00,1.00,106.44
12/02/2025 12:17:13:454,Moved,557.50,217.50,0.00,1.00,106.47
12/02/2025 12:17:13:467,Moved,557.5,212.5,0.00,1.00,106.47
12/02/2025 12:17:13:467,Moved,557.50,212.50,0.00,1.00,106.51
12/02/2025 12:17:13:484,Moved,557.5,201.25,0.00,1.00,106.51
12/02/2025 12:17:13:484,Moved,557.50,201.25,0.00,1.00,106.60
12/02/2025 12:17:13:521,Moved,557.5,180,0.00,1.00,106.60
12/02/2025 12:17:13:521,Moved,557.50,180.00,0.00,1.00,107.00
12/02/2025 12:17:13:548,Moved,557.5,166.25,0.00,1.00,107.00
12/02/2025 12:17:13:548,Moved,557.50,166.25,0.00,1.00,107.18
12/02/2025 12:17:13:565,Moved,557.5,162.5,0.00,1.00,107.18
12/02/2025 12:17:13:565,Moved,557.50,162.50,0.00,1.00,107.21
12/02/2025 12:17:13:581,Moved,557.5,155,0.00,1.00,107.21
12/02/2025 12:17:13:581,Moved,557.50,155.00,0.00,1.00,107.28
12/02/2025 12:17:13:595,Moved,557.5,151.25,0.00,1.00,107.28
12/02/2025 12:17:13:595,Moved,557.50,151.25,0.00,1.00,107.30
12/02/2025 12:17:13:612,Moved,557.5,142.5,0.00,1.00,107.30
12/02/2025 12:17:13:612,Moved,557.50,142.50,0.00,1.00,107.37
12/02/2025 12:17:13:627,Moved,557.5,138.75,0.00,1.00,107.37
12/02/2025 12:17:13:627,Moved,557.50,138.75,0.00,1.00,107.40
12/02/2025 12:17:13:647,Moved,558.75,127.5,0.00,1.00,107.40
12/02/2025 12:17:13:647,Moved,558.75,127.50,0.00,1.00,107.52
12/02/2025 12:17:13:692,Moved,560,113.75,0.00,1.00,107.52
12/02/2025 12:17:13:692,Moved,560.00,113.75,0.00,1.00,107.81
12/02/2025 12:17:13:706,Moved,560,111.25,0.00,1.00,107.81
12/02/2025 12:17:13:706,Moved,560.00,111.25,0.00,1.00,107.83
12/02/2025 12:17:13:722,Moved,560,105,0.00,1.00,107.83
12/02/2025 12:17:13:722,Moved,560.00,105.00,0.00,1.00,107.88
12/02/2025 12:17:13:758,Moved,561.25,93.74998,0.00,1.00,107.88
12/02/2025 12:17:13:758,Moved,561.25,93.75,0.00,1.00,108.09
12/02/2025 12:17:13:768,Moved,561.25,91.24998,0.00,1.00,108.09
12/02/2025 12:17:13:768,Moved,561.25,91.25,0.00,1.00,108.10
12/02/2025 12:17:13:790,Moved,561.25,86.24998,0.00,1.00,108.10
12/02/2025 12:17:13:790,Moved,561.25,86.25,0.00,1.00,108.15
12/02/2025 12:17:13:801,Moved,561.25,83.74998,0.00,1.00,108.15
12/02/2025 12:17:13:801,Moved,561.25,83.75,0.00,1.00,108.16
12/02/2025 12:17:13:835,Moved,561.25,76.24998,0.00,1.00,108.16
12/02/2025 12:17:13:835,Moved,561.25,76.25,0.00,1.00,108.29
12/02/2025 12:17:13:850,Moved,561.25,73.74998,0.00,1.00,108.29
12/02/2025 12:17:13:850,Moved,561.25,73.75,0.00,1.00,108.31
12/02/2025 12:17:13:862,Moved,561.25,71.24998,0.00,1.00,108.31
12/02/2025 12:17:13:862,Moved,561.25,71.25,0.00,1.00,108.33
12/02/2025 12:17:13:881,Moved,561.25,66.24998,0.00,1.00,108.33
12/02/2025 12:17:13:881,Moved,561.25,66.25,0.00,1.00,108.37
12/02/2025 12:17:13:899,Moved,561.25,62.49998,0.00,1.00,108.37
12/02/2025 12:17:13:899,Moved,561.25,62.50,0.00,1.00,108.41
12/02/2025 12:17:13:917,Moved,561.25,58.74998,0.00,1.00,108.41
12/02/2025 12:17:13:917,Moved,561.25,58.75,0.00,1.00,108.44
12/02/2025 12:17:13:930,Moved,561.25,57.49998,0.00,1.00,108.44
12/02/2025 12:17:13:930,Moved,561.25,57.50,0.00,1.00,108.45
12/02/2025 12:17:13:958,Moved,561.25,52.49998,0.00,1.00,108.45
12/02/2025 12:17:13:958,Moved,561.25,52.50,0.00,1.00,108.52
12/02/2025 12:17:13:996,Moved,562.5,46.24998,0.00,1.00,108.52
12/02/2025 12:17:13:996,Moved,562.50,46.25,0.00,1.00,108.64
12/02/2025 12:17:14:010,Moved,562.5,44.99998,0.00,1.00,108.64
12/02/2025 12:17:14:010,Moved,562.50,45.00,0.00,1.00,108.65
12/02/2025 12:17:14:028,Moved,562.5,41.24998,0.00,1.00,108.65
12/02/2025 12:17:14:028,Moved,562.50,41.25,0.00,1.00,108.68
12/02/2025 12:17:14:041,Moved,562.5,38.74998,0.00,1.00,108.68
12/02/2025 12:17:14:041,Moved,562.50,38.75,0.00,1.00,108.70
12/02/2025 12:17:14:058,Moved,562.5,36.24998,0.00,1.00,108.70
12/02/2025 12:17:14:058,Moved,562.50,36.25,0.00,1.00,108.72
12/02/2025 12:17:14:072,Moved,562.5,34.99998,0.00,1.00,108.72
12/02/2025 12:17:14:072,Moved,562.50,35.00,0.00,1.00,108.73
12/02/2025 12:17:14:086,Moved,562.5,31.24998,0.00,1.00,108.73
12/02/2025 12:17:14:086,Moved,562.50,31.25,0.00,1.00,108.75
12/02/2025 12:17:14:102,Stationary,562.5,31.24998,0.00,1.00,108.75
12/02/2025 12:17:14:128,Moved,562.5,27.49998,0.00,1.00,108.75
12/02/2025 12:17:14:128,Moved,562.50,27.50,0.00,1.00,108.80
12/02/2025 12:17:14:162,Moved,562.5,24.99998,0.00,1.00,108.80
12/02/2025 12:17:14:162,Moved,562.50,25.00,0.00,1.00,108.84
12/02/2025 12:17:14:185,Moved,562.5,22.49998,0.00,1.00,108.84
12/02/2025 12:17:14:185,Moved,562.50,22.50,0.00,1.00,108.87
12/02/2025 12:17:14:196,Ended,562.5,22.49998,0.00,1.00,108.87
12/02/2025 12:17:14:196,Ended,562.50,22.50,0.00,1.00,108.87
12/02/2025 12:17:14:581,Began,597.5,355,0.00,1.00,108.87
12/02/2025 12:17:14:581,Began,597.50,355.00,0.00,1.00,108.87
12/02/2025 12:17:14:597,Moved,596.25,356.25,0.00,1.00,108.87
12/02/2025 12:17:14:597,Moved,596.25,356.25,0.00,1.00,108.86
12/02/2025 12:17:14:614,Moved,595,356.25,0.00,1.00,108.86
12/02/2025 12:17:14:614,Moved,595.00,356.25,0.00,1.00,108.86
12/02/2025 12:17:14:624,Moved,593.75,356.25,0.00,1.00,108.86
12/02/2025 12:17:14:624,Moved,593.75,356.25,0.00,1.00,108.86
12/02/2025 12:17:14:646,Began,421.25,177.5,0.00,1.00,108.86
12/02/2025 12:17:14:646,Began,421.25,177.50,0.00,1.00,108.86
12/02/2025 12:17:15:277,Began,520,275,0.00,1.00,108.86
12/02/2025 12:17:15:277,Began,520.00,275.00,0.00,1.00,108.86
12/02/2025 12:17:15:296,Moved,520,263.75,0.00,1.00,108.86
12/02/2025 12:17:15:296,Moved,520.00,263.75,-0.03,1.00,108.96
12/02/2025 12:17:15:332,Moved,525,236.25,-0.03,1.00,108.96
12/02/2025 12:17:15:332,Moved,525.00,236.25,-0.20,1.00,109.43
12/02/2025 12:17:15:365,Moved,532.5,205,-0.20,1.00,109.43
12/02/2025 12:17:15:365,Moved,532.50,205.00,-0.38,1.00,109.93
12/02/2025 12:17:15:384,Moved,535,197.5,-0.38,1.00,109.93
12/02/2025 12:17:15:384,Moved,535.00,197.50,-0.40,1.00,110.00
12/02/2025 12:17:15:435,Moved,545,165,-0.40,1.00,110.00
12/02/2025 12:17:15:435,Moved,545.00,165.00,-0.67,1.00,110.76
12/02/2025 12:17:15:464,Moved,548.75,152.5,-0.67,1.00,110.76
12/02/2025 12:17:15:464,Moved,548.75,152.50,-0.73,1.00,110.94
12/02/2025 12:17:15:473,Stationary,548.75,152.5,-0.73,1.00,110.94
12/02/2025 12:17:15:500,Moved,552.5,141.25,-0.73,1.00,110.94
12/02/2025 12:17:15:500,Moved,552.50,141.25,-0.78,1.00,111.08
12/02/2025 12:17:15:530,Moved,557.5,131.25,-0.78,1.00,111.08
12/02/2025 12:17:15:530,Moved,557.50,131.25,-0.83,1.00,111.22
12/02/2025 12:17:15:543,Moved,560,127.5,-0.83,1.00,111.22
12/02/2025 12:17:15:543,Moved,560.00,127.50,-0.84,1.00,111.24
12/02/2025 12:17:15:594,Moved,572.5,105,-0.84,1.00,111.24
12/02/2025 12:17:15:594,Moved,572.50,105.00,-1.03,1.00,111.77
12/02/2025 12:17:15:607,Moved,573.75,101.25,-1.03,1.00,111.77
12/02/2025 12:17:15:607,Moved,573.75,101.25,-1.03,1.00,111.79
12/02/2025 12:17:15:630,Moved,577.5,93.74998,-1.03,1.00,111.79
12/02/2025 12:17:15:630,Moved,577.50,93.75,-1.06,1.00,111.87
12/02/2025 12:17:15:648,Moved,581.25,86.24998,-1.06,1.00,111.87
12/02/2025 12:17:15:648,Moved,581.25,86.25,-1.09,1.00,111.94
12/02/2025 12:17:15:678,Moved,585,76.24998,-1.09,1.00,111.94
12/02/2025 12:17:15:678,Moved,585.00,76.25,-1.13,1.00,112.08
12/02/2025 12:17:15:696,Moved,587.5,68.74998,-1.13,1.00,112.08
12/02/2025 12:17:15:696,Moved,587.50,68.75,-1.16,1.00,112.15
12/02/2025 12:17:15:743,Moved,592.5,53.74998,-1.16,1.00,112.15
12/02/2025 12:17:15:743,Moved,592.50,53.75,-1.27,1.00,112.47
12/02/2025 12:17:15:758,Moved,592.5,51.24998,-1.27,1.00,112.47
12/02/2025 12:17:15:758,Moved,592.50,51.25,-1.28,1.00,112.48
12/02/2025 12:17:15:778,Moved,595,46.24998,-1.28,1.00,112.48
12/02/2025 12:17:15:778,Moved,595.00,46.25,-1.29,1.00,112.53
12/02/2025 12:17:15:799,Moved,597.5,41.24998,-1.29,1.00,112.53
12/02/2025 12:17:15:799,Moved,597.50,41.25,-1.31,1.00,112.58
12/02/2025 12:17:15:816,Moved,598.75,36.24998,-1.31,1.00,112.58
12/02/2025 12:17:15:816,Moved,598.75,36.25,-1.33,1.00,112.62
12/02/2025 12:17:15:832,Moved,600,33.74998,-1.33,1.00,112.62
12/02/2025 12:17:15:832,Moved,600.00,33.75,-1.33,1.00,112.64
12/02/2025 12:17:15:852,Moved,602.5,28.74998,-1.33,1.00,112.64
12/02/2025 12:17:15:852,Moved,602.50,28.75,-1.35,1.00,112.68
12/02/2025 12:17:15:902,Moved,608.75,19.99998,-1.35,1.00,112.68
12/02/2025 12:17:15:902,Moved,608.75,20.00,-1.42,1.00,112.89
12/02/2025 12:17:15:917,Moved,611.25,17.49998,-1.42,1.00,112.89
12/02/2025 12:17:15:917,Moved,611.25,17.50,-1.43,1.00,112.91
12/02/2025 12:17:15:934,Moved,613.75,12.49999,-1.43,1.00,112.91
12/02/2025 12:17:15:934,Moved,613.75,12.50,-1.44,1.00,112.95
12/02/2025 12:17:15:953,Moved,617.5,7.499986,-1.44,1.00,112.95
12/02/2025 12:17:15:953,Moved,617.50,7.50,-1.46,1.00,113.00
12/02/2025 12:17:15:968,Moved,617.5,6.249986,-1.46,1.00,113.00
12/02/2025 12:17:15:968,Moved,617.50,6.25,-1.46,1.00,113.01
12/02/2025 12:17:15:984,Moved,621.25,1.249986,-1.46,1.00,113.01
12/02/2025 12:17:15:984,Moved,621.25,1.25,-1.48,1.00,113.04
12/02/2025 12:17:16:003,Moved,622.5,-2.500014,-1.48,1.00,113.04
12/02/2025 12:17:16:003,Moved,622.50,-2.50,-1.49,1.00,113.08
12/02/2025 12:17:16:043,Moved,627.5,-7.500014,-1.49,1.00,113.08
12/02/2025 12:17:16:043,Moved,627.50,-7.50,-1.52,1.00,113.17
12/02/2025 12:17:16:057,Moved,627.5,-8.750014,-1.52,1.00,113.17
12/02/2025 12:17:16:057,Moved,627.50,-8.75,-1.52,1.00,113.18
12/02/2025 12:17:16:083,Moved,630,-12.50001,-1.52,1.00,113.18
12/02/2025 12:17:16:083,Moved,630.00,-12.50,-1.54,1.00,113.23
12/02/2025 12:17:16:103,Moved,632.5,-15.00001,-1.54,1.00,113.23
12/02/2025 12:17:16:103,Moved,632.50,-15.00,-1.55,1.00,113.25
12/02/2025 12:17:16:120,Moved,633.75,-17.50002,-1.55,1.00,113.25
12/02/2025 12:17:16:120,Moved,633.75,-17.50,-1.56,1.00,113.27
12/02/2025 12:17:16:140,Moved,637.5,-23.75002,-1.56,1.00,113.27
12/02/2025 12:17:16:140,Moved,637.50,-23.75,-1.58,1.00,113.33
12/02/2025 12:17:16:155,Moved,638.75,-26.25002,-1.58,1.00,113.33
12/02/2025 12:17:16:155,Moved,638.75,-26.25,-1.58,1.00,113.35
12/02/2025 12:17:16:200,Moved,643.7501,-33.75002,-1.58,1.00,113.35
12/02/2025 12:17:16:200,Moved,643.75,-33.75,-1.64,1.00,113.51
12/02/2025 12:17:16:221,Ended,643.7501,-33.75002,-1.64,1.00,113.51
12/02/2025 12:17:16:221,Ended,643.75,-33.75,-1.64,1.00,113.51
12/02/2025 12:17:16:617,Began,442.5,426.25,-1.64,1.00,113.51
12/02/2025 12:17:16:617,Began,442.50,426.25,-1.64,1.00,113.51
12/02/2025 12:17:16:639,Moved,445,421.25,-1.64,1.00,113.51
12/02/2025 12:17:16:639,Moved,445.00,421.25,-1.66,1.00,113.57
12/02/2025 12:17:16:708,Moved,470,382.5,-1.66,1.00,113.57
12/02/2025 12:17:16:708,Moved,470.00,382.50,-2.11,1.00,114.86
12/02/2025 12:17:16:751,Moved,482.5,358.75,-2.11,1.00,114.86
12/02/2025 12:17:16:751,Moved,482.50,358.75,-2.29,1.00,115.34
12/02/2025 12:17:16:769,Moved,487.5,346.25,-2.29,1.00,115.34
12/02/2025 12:17:16:769,Moved,487.50,346.25,-2.32,1.00,115.45
12/02/2025 12:17:16:788,Moved,491.25,332.5,-2.32,1.00,115.45
12/02/2025 12:17:16:788,Moved,491.25,332.50,-2.37,1.00,115.57
12/02/2025 12:17:16:835,Moved,501.25,305,-2.37,1.00,115.57
12/02/2025 12:17:16:835,Moved,501.25,305.00,-2.58,1.00,116.17
12/02/2025 12:17:16:851,Moved,503.75,298.75,-2.58,1.00,116.17
12/02/2025 12:17:16:851,Moved,503.75,298.75,-2.60,1.00,116.22
12/02/2025 12:17:16:870,Moved,508.75,290,-2.60,1.00,116.22
12/02/2025 12:17:16:870,Moved,508.75,290.00,-2.62,1.00,116.30
12/02/2025 12:17:16:889,Moved,513.75,281.25,-2.62,1.00,116.30
12/02/2025 12:17:16:889,Moved,513.75,281.25,-2.65,1.00,116.38
12/02/2025 12:17:16:909,Moved,518.75,271.25,-2.65,1.00,116.38
12/02/2025 12:17:16:909,Moved,518.75,271.25,-2.69,1.00,116.47
12/02/2025 12:17:16:939,Moved,527.5,256.25,-2.69,1.00,116.47
12/02/2025 12:17:16:939,Moved,527.50,256.25,-2.76,1.00,116.69
12/02/2025 12:17:16:986,Moved,540,232.5,-2.76,1.00,116.69
12/02/2025 12:17:16:986,Moved,540.00,232.50,-2.95,1.00,117.21
12/02/2025 12:17:17:004,Moved,542.5,227.5,-2.95,1.00,117.21
12/02/2025 12:17:17:004,Moved,542.50,227.50,-2.96,1.00,117.25
12/02/2025 12:17:17:025,Moved,548.75,213.75,-2.96,1.00,117.25
12/02/2025 12:17:17:025,Moved,548.75,213.75,-3.01,1.00,117.39
12/02/2025 12:17:17:046,Moved,552.5,205,-3.01,1.00,117.39
12/02/2025 12:17:17:046,Moved,552.50,205.00,-3.04,1.00,117.48
12/02/2025 12:17:17:066,Moved,557.5,196.25,-3.04,1.00,117.48
12/02/2025 12:17:17:066,Moved,557.50,196.25,-3.07,1.00,117.56
12/02/2025 12:17:17:086,Moved,561.25,186.25,-3.07,1.00,117.56
12/02/2025 12:17:17:086,Moved,561.25,186.25,-3.10,1.00,117.66
12/02/2025 12:17:17:108,Moved,565,178.75,-3.10,1.00,117.66
12/02/2025 12:17:17:108,Moved,565.00,178.75,-3.13,1.00,117.74
12/02/2025 12:17:17:174,Moved,577.5,155,-3.13,1.00,117.74
12/02/2025 12:17:17:174,Moved,577.50,155.00,-3.38,1.00,118.45
12/02/2025 12:17:17:190,Moved,580,151.25,-3.38,1.00,118.45
12/02/2025 12:17:17:190,Moved,580.00,151.25,-3.40,1.00,118.48
12/02/2025 12:17:17:209,Moved,585,145,-3.40,1.00,118.48
12/02/2025 12:17:17:209,Moved,585.00,145.00,-3.41,1.00,118.53
12/02/2025 12:17:17:229,Moved,590,136.25,-3.41,1.00,118.53
12/02/2025 12:17:17:229,Moved,590.00,136.25,-3.44,1.00,118.62
12/02/2025 12:17:17:248,Moved,595,130,-3.44,1.00,118.62
12/02/2025 12:17:17:248,Moved,595.00,130.00,-3.46,1.00,118.68
12/02/2025 12:17:17:266,Moved,598.75,121.25,-3.46,1.00,118.68
12/02/2025 12:17:17:266,Moved,598.75,121.25,-3.49,1.00,118.75
12/02/2025 12:17:17:312,Moved,610,106.25,-3.49,1.00,118.75
12/02/2025 12:17:17:312,Moved,610.00,106.25,-3.61,1.00,119.08
12/02/2025 12:17:17:342,Moved,615,97.49998,-3.61,1.00,119.08
12/02/2025 12:17:17:342,Moved,615.00,97.50,-3.65,1.00,119.20
12/02/2025 12:17:17:359,Moved,617.5,94.99998,-3.65,1.00,119.20
12/02/2025 12:17:17:359,Moved,617.50,95.00,-3.66,1.00,119.22
12/02/2025 12:17:17:378,Moved,620,88.74998,-3.66,1.00,119.22
12/02/2025 12:17:17:378,Moved,620.00,88.75,-3.68,1.00,119.28
12/02/2025 12:17:17:398,Moved,622.5,82.49998,-3.68,1.00,119.28
12/02/2025 12:17:17:398,Moved,622.50,82.50,-3.69,1.00,119.33
12/02/2025 12:17:17:417,Moved,626.25,77.49998,-3.69,1.00,119.33
12/02/2025 12:17:17:417,Moved,626.25,77.50,-3.71,1.00,119.38
12/02/2025 12:17:17:465,Moved,635,64.99998,-3.71,1.00,119.38
12/02/2025 12:17:17:465,Moved,635.00,65.00,-3.81,1.00,119.67
12/02/2025 12:17:17:484,Moved,638.75,58.74998,-3.81,1.00,119.67
12/02/2025 12:17:17:484,Moved,638.75,58.75,-3.83,1.00,119.72
12/02/2025 12:17:17:506,Moved,642.5001,52.49998,-3.83,1.00,119.72
12/02/2025 12:17:17:506,Moved,642.50,52.50,-3.85,1.00,119.79
12/02/2025 12:17:17:527,Moved,647.5001,48.74998,-3.85,1.00,119.79
12/02/2025 12:17:17:527,Moved,647.50,48.75,-3.87,1.00,119.82
12/02/2025 12:17:17:556,Moved,652.5001,41.24998,-3.87,1.00,119.82
12/02/2025 12:17:17:556,Moved,652.50,41.25,-3.90,1.00,119.93
12/02/2025 12:17:17:574,Moved,653.7501,34.99998,-3.90,1.00,119.93
12/02/2025 12:17:17:574,Moved,653.75,35.00,-3.92,1.00,119.98
12/02/2025 12:17:17:620,Moved,661.2501,23.74998,-3.92,1.00,119.98
12/02/2025 12:17:17:620,Moved,661.25,23.75,-4.01,1.00,120.22
12/02/2025 12:17:17:634,Moved,662.5001,22.49998,-4.01,1.00,120.22
12/02/2025 12:17:17:634,Moved,662.50,22.50,-4.01,1.00,120.23
12/02/2025 12:17:17:652,Moved,662.5001,18.74998,-4.01,1.00,120.23
12/02/2025 12:17:17:652,Moved,662.50,18.75,-4.02,1.00,120.26
12/02/2025 12:17:17:670,Moved,665.0001,16.24998,-4.02,1.00,120.26
12/02/2025 12:17:17:670,Moved,665.00,16.25,-4.03,1.00,120.29
12/02/2025 12:17:17:685,Stationary,665.0001,16.24998,-4.03,1.00,120.29
12/02/2025 12:17:17:698,Stationary,665.0001,16.24998,-4.03,1.00,120.29
12/02/2025 12:17:17:717,Ended,665.0001,16.24998,-4.03,1.00,120.29
12/02/2025 12:17:17:717,Ended,665.00,16.25,-4.03,1.00,120.29
12/02/2025 12:17:18:071,Began,493.75,385,-4.03,1.00,120.29
12/02/2025 12:17:18:071,Began,493.75,385.00,-4.03,1.00,120.29
12/02/2025 12:17:18:092,Moved,493.75,385,-4.03,1.00,120.29
12/02/2025 12:17:18:092,Moved,493.75,385.00,-4.03,1.00,120.29
12/02/2025 12:17:18:118,Stationary,493.75,385,-4.03,1.00,120.29
12/02/2025 12:17:18:143,Moved,496.25,376.25,-4.03,1.00,120.29
12/02/2025 12:17:18:143,Moved,496.25,376.25,-4.07,1.00,120.39
12/02/2025 12:17:18:188,Moved,505,362.5,-4.07,1.00,120.39
12/02/2025 12:17:18:188,Moved,505.00,362.50,-4.17,1.00,120.68
12/02/2025 12:17:18:200,Moved,507.5,358.75,-4.17,1.00,120.68
12/02/2025 12:17:18:200,Moved,507.50,358.75,-4.18,1.00,120.70
12/02/2025 12:17:18:243,Moved,518.75,336.25,-4.18,1.00,120.70
12/02/2025 12:17:18:243,Moved,518.75,336.25,-4.34,1.00,121.17
12/02/2025 12:17:18:251,Stationary,518.75,336.25,-4.34,1.00,121.17
12/02/2025 12:17:18:276,Moved,527.5,321.25,-4.34,1.00,121.17
12/02/2025 12:17:18:276,Moved,527.50,321.25,-4.41,1.00,121.35
12/02/2025 12:17:18:288,Moved,530,316.25,-4.41,1.00,121.35
12/02/2025 12:17:18:288,Moved,530.00,316.25,-4.42,1.00,121.38
12/02/2025 12:17:18:308,Moved,536.25,306.25,-4.42,1.00,121.38
12/02/2025 12:17:18:308,Moved,536.25,306.25,-4.45,1.00,121.48
12/02/2025 12:17:18:321,Moved,538.75,301.25,-4.45,1.00,121.48
12/02/2025 12:17:18:321,Moved,538.75,301.25,-4.46,1.00,121.50
12/02/2025 12:17:18:336,Moved,545,292.5,-4.46,1.00,121.50
12/02/2025 12:17:18:336,Moved,545.00,292.50,-4.49,1.00,121.58
12/02/2025 12:17:18:359,Moved,550,285,-4.49,1.00,121.58
12/02/2025 12:17:18:359,Moved,550.00,285.00,-4.51,1.00,121.65
12/02/2025 12:17:18:416,Moved,563.75,263.75,-4.51,1.00,121.65
12/02/2025 12:17:18:416,Moved,563.75,263.75,-4.72,1.00,122.23
12/02/2025 12:17:18:433,Moved,566.25,260,-4.72,1.00,122.23
12/02/2025 12:17:18:433,Moved,566.25,260.00,-4.73,1.00,122.26
12/02/2025 12:17:18:448,Moved,568.75,252.5,-4.73,1.00,122.26
12/02/2025 12:17:18:448,Moved,568.75,252.50,-4.75,1.00,122.32
12/02/2025 12:17:18:468,Moved,572.5,243.75,-4.75,1.00,122.32
12/02/2025 12:17:18:468,Moved,572.50,243.75,-4.78,1.00,122.40
12/02/2025 12:17:18:489,Moved,577.5,235,-4.78,1.00,122.40
12/02/2025 12:17:18:489,Moved,577.50,235.00,-4.81,1.00,122.49
12/02/2025 12:17:18:509,Moved,580,226.25,-4.81,1.00,122.49
12/02/2025 12:17:18:509,Moved,580.00,226.25,-4.84,1.00,122.57
12/02/2025 12:17:18:569,Moved,591.25,197.5,-4.84,1.00,122.57
12/02/2025 12:17:18:569,Moved,591.25,197.50,-5.12,1.00,123.37
12/02/2025 12:17:18:611,Moved,597.5,177.5,-5.12,1.00,123.37
12/02/2025 12:17:18:611,Moved,597.50,177.50,-5.26,1.00,123.77
12/02/2025 12:17:18:628,Moved,601.25,167.5,-5.26,1.00,123.77
12/02/2025 12:17:18:628,Moved,601.25,167.50,-5.29,1.00,123.86
12/02/2025 12:17:18:645,Moved,605,157.5,-5.29,1.00,123.86
12/02/2025 12:17:18:645,Moved,605.00,157.50,-5.31,1.00,123.92
12/02/2025 12:17:18:666,Moved,608.75,147.5,-5.31,1.00,123.92
12/02/2025 12:17:18:666,Moved,608.75,147.50,-5.35,1.00,124.03
12/02/2025 12:17:18:704,Moved,617.5,131.25,-5.35,1.00,124.03
12/02/2025 12:17:18:704,Moved,617.50,131.25,-5.46,1.00,124.32
12/02/2025 12:17:18:714,Moved,618.75,126.25,-5.46,1.00,124.32
12/02/2025 12:17:18:714,Moved,618.75,126.25,-5.46,1.00,124.35
12/02/2025 12:17:18:730,Moved,621.25,122.5,-5.46,1.00,124.35
12/02/2025 12:17:18:730,Moved,621.25,122.50,-5.47,1.00,124.37
12/02/2025 12:17:18:749,Moved,623.75,115,-5.47,1.00,124.37
12/02/2025 12:17:18:749,Moved,623.75,115.00,-5.50,1.00,124.44
12/02/2025 12:17:18:765,Moved,627.5,107.5,-5.50,1.00,124.44
12/02/2025 12:17:18:765,Moved,627.50,107.50,-5.52,1.00,124.50
12/02/2025 12:17:18:778,Moved,627.5,103.75,-5.52,1.00,124.50
12/02/2025 12:17:18:778,Moved,627.50,103.75,-5.53,1.00,124.52
12/02/2025 12:17:18:808,Moved,632.5,91.24998,-5.53,1.00,124.52
12/02/2025 12:17:18:808,Moved,632.50,91.25,-5.59,1.00,124.70
12/02/2025 12:17:18:825,Moved,633.75,87.49998,-5.59,1.00,124.70
12/02/2025 12:17:18:825,Moved,633.75,87.50,-5.60,1.00,124.73
12/02/2025 12:17:18:866,Moved,640,76.24998,-5.60,1.00,124.73
12/02/2025 12:17:18:866,Moved,640.00,76.25,-5.68,1.00,124.96
12/02/2025 12:17:18:885,Moved,642.5001,71.24998,-5.68,1.00,124.96
12/02/2025 12:17:18:885,Moved,642.50,71.25,-5.70,1.00,125.00
12/02/2025 12:17:18:905,Moved,643.7501,63.74998,-5.70,1.00,125.00
12/02/2025 12:17:18:905,Moved,643.75,63.75,-5.72,1.00,125.07
12/02/2025 12:17:18:927,Moved,647.5001,56.24998,-5.72,1.00,125.07
12/02/2025 12:17:18:927,Moved,647.50,56.25,-5.75,1.00,125.15
12/02/2025 12:17:18:946,Moved,648.7501,48.74998,-5.75,1.00,125.15
12/02/2025 12:17:18:946,Moved,648.75,48.75,-5.77,1.00,125.21
12/02/2025 12:17:18:964,Moved,651.2501,41.24998,-5.77,1.00,125.21
12/02/2025 12:17:18:964,Moved,651.25,41.25,-5.79,1.00,125.28
12/02/2025 12:17:18:985,Moved,653.7501,33.74998,-5.79,1.00,125.28
12/02/2025 12:17:18:985,Moved,653.75,33.75,-5.82,1.00,125.35
12/02/2025 12:17:19:046,Moved,660.0001,18.74998,-5.82,1.00,125.35
12/02/2025 12:17:19:046,Moved,660.00,18.75,-5.97,1.00,125.79
12/02/2025 12:17:19:063,Moved,661.2501,14.99999,-5.97,1.00,125.79
12/02/2025 12:17:19:063,Moved,661.25,15.00,-5.98,1.00,125.82
12/02/2025 12:17:19:082,Moved,662.5001,12.49999,-5.98,1.00,125.82
12/02/2025 12:17:19:082,Moved,662.50,12.50,-5.99,1.00,125.84
12/02/2025 12:17:19:101,Ended,662.5001,12.49999,-5.99,1.00,125.84
12/02/2025 12:17:19:101,Ended,662.50,12.50,-5.99,1.00,125.84
12/02/2025 12:17:19:516,Began,475,392.5,-5.99,1.00,125.84
12/02/2025 12:17:19:516,Began,475.00,392.50,-5.99,1.00,125.84
12/02/2025 12:17:19:538,Moved,475,392.5,-5.99,1.00,125.84
12/02/2025 12:17:19:538,Moved,475.00,392.50,-5.99,1.00,125.84
12/02/2025 12:17:19:565,Moved,477.5,388.75,-5.99,1.00,125.84
12/02/2025 12:17:19:565,Moved,477.50,388.75,-6.01,1.00,125.89
12/02/2025 12:17:19:582,Moved,480,383.75,-6.01,1.00,125.89
12/02/2025 12:17:19:582,Moved,480.00,383.75,-6.02,1.00,125.92
12/02/2025 12:17:19:615,Moved,491.25,361.25,-6.02,1.00,125.92
12/02/2025 12:17:19:615,Moved,491.25,361.25,-6.15,1.00,126.30
12/02/2025 12:17:19:685,Moved,511.25,318.75,-6.15,1.00,126.30
12/02/2025 12:17:19:685,Moved,511.25,318.75,-6.64,1.00,127.68
12/02/2025 12:17:19:703,Moved,512.5,312.5,-6.64,1.00,127.68
12/02/2025 12:17:19:703,Moved,512.50,312.50,-6.66,1.00,127.73
12/02/2025 12:17:19:722,Moved,517.5,301.25,-6.66,1.00,127.73
12/02/2025 12:17:19:722,Moved,517.50,301.25,-6.70,1.00,127.84
12/02/2025 12:17:19:740,Moved,523.75,288.75,-6.70,1.00,127.84
12/02/2025 12:17:19:740,Moved,523.75,288.75,-6.73,1.00,127.95
12/02/2025 12:17:19:760,Moved,530,277.5,-6.73,1.00,127.95
12/02/2025 12:17:19:760,Moved,530.00,277.50,-6.77,1.00,128.05
12/02/2025 12:17:19:779,Moved,536.25,266.25,-6.77,1.00,128.05
12/02/2025 12:17:19:779,Moved,536.25,266.25,-6.81,1.00,128.15
12/02/2025 12:17:19:836,Moved,555,233.75,-6.81,1.00,128.15
12/02/2025 12:17:19:836,Moved,555.00,233.75,-7.11,1.00,129.02
12/02/2025 12:17:19:875,Moved,566.25,211.25,-7.11,1.00,129.02
12/02/2025 12:17:19:875,Moved,566.25,211.25,-7.26,1.00,129.44
12/02/2025 12:17:19:898,Moved,570,200,-7.26,1.00,129.44
12/02/2025 12:17:19:898,Moved,570.00,200.00,-7.31,1.00,129.56
12/02/2025 12:17:19:918,Moved,575,188.75,-7.31,1.00,129.56
12/02/2025 12:17:19:918,Moved,575.00,188.75,-7.34,1.00,129.66
12/02/2025 12:17:19:941,Moved,578.75,178.75,-7.34,1.00,129.66
12/02/2025 12:17:19:941,Moved,578.75,178.75,-7.38,1.00,129.77
12/02/2025 12:17:19:989,Moved,588.75,151.25,-7.38,1.00,129.77
12/02/2025 12:17:19:989,Moved,588.75,151.25,-7.60,1.00,130.39
12/02/2025 12:17:20:008,Moved,592.5,140,-7.60,1.00,130.39
12/02/2025 12:17:20:008,Moved,592.50,140.00,-7.63,1.00,130.49
12/02/2025 12:17:20:030,Moved,597.5,130,-7.63,1.00,130.49
12/02/2025 12:17:20:030,Moved,597.50,130.00,-7.67,1.00,130.60
12/02/2025 12:17:20:049,Moved,601.25,120,-7.67,1.00,130.60
12/02/2025 12:17:20:049,Moved,601.25,120.00,-7.70,1.00,130.69
12/02/2025 12:17:20:084,Moved,608.75,101.25,-7.70,1.00,130.69
12/02/2025 12:17:20:084,Moved,608.75,101.25,-7.81,1.00,130.99
12/02/2025 12:17:20:106,Moved,612.5,93.74998,-7.81,1.00,130.99
12/02/2025 12:17:20:106,Moved,612.50,93.75,-7.84,1.00,131.07
12/02/2025 12:17:20:156,Moved,622.5,76.24998,-7.84,1.00,131.07
12/02/2025 12:17:20:156,Moved,622.50,76.25,-7.98,1.00,131.48
12/02/2025 12:17:20:173,Moved,623.75,71.24998,-7.98,1.00,131.48
12/02/2025 12:17:20:173,Moved,623.75,71.25,-8.00,1.00,131.52
12/02/2025 12:17:20:195,Moved,628.75,61.24998,-8.00,1.00,131.52
12/02/2025 12:17:20:195,Moved,628.75,61.25,-8.03,1.00,131.63
12/02/2025 12:17:20:214,Moved,632.5,54.99998,-8.03,1.00,131.63
12/02/2025 12:17:20:214,Moved,632.50,55.00,-8.05,1.00,131.68
12/02/2025 12:17:20:227,Moved,632.5,51.24998,-8.05,1.00,131.68
12/02/2025 12:17:20:227,Moved,632.50,51.25,-8.06,1.00,131.71
12/02/2025 12:17:20:250,Moved,636.25,46.24998,-8.06,1.00,131.71
12/02/2025 12:17:20:250,Moved,636.25,46.25,-8.08,1.00,131.76
12/02/2025 12:17:20:291,Moved,642.5001,32.49998,-8.08,1.00,131.76
12/02/2025 12:17:20:291,Moved,642.50,32.50,-8.17,1.00,132.02
12/02/2025 12:17:20:345,Moved,647.5001,23.74998,-8.17,1.00,132.02
12/02/2025 12:17:20:345,Moved,647.50,23.75,-8.25,1.00,132.25
12/02/2025 12:17:20:360,Moved,647.5001,22.49998,-8.25,1.00,132.25
12/02/2025 12:17:20:360,Moved,647.50,22.50,-8.25,1.00,132.26
12/02/2025 12:17:20:384,Moved,648.7501,18.74998,-8.25,1.00,132.26
12/02/2025 12:17:20:384,Moved,648.75,18.75,-8.27,1.00,132.30
12/02/2025 12:17:20:402,Moved,648.7501,16.24998,-8.27,1.00,132.30
12/02/2025 12:17:20:402,Moved,648.75,16.25,-8.28,1.00,132.32
12/02/2025 12:17:20:420,Ended,648.7501,16.24998,-8.28,1.00,132.32
12/02/2025 12:17:20:420,Ended,648.75,16.25,-8.28,1.00,132.32
12/02/2025 12:17:20:838,Began,412.5,418.75,-8.28,1.00,132.32
12/02/2025 12:17:20:838,Began,412.50,418.75,-8.28,1.00,132.32
12/02/2025 12:17:20:859,Moved,412.5,418.75,-8.28,1.00,132.32
12/02/2025 12:17:20:859,Moved,412.50,418.75,-8.28,1.00,132.32
12/02/2025 12:17:20:887,Moved,415,417.5,-8.28,1.00,132.32
12/02/2025 12:17:20:887,Moved,415.00,417.50,-8.28,1.00,132.34
12/02/2025 12:17:20:928,Moved,430,400,-8.28,1.00,132.34
12/02/2025 12:17:20:928,Moved,430.00,400.00,-8.41,1.00,132.69
12/02/2025 12:17:20:975,Moved,447.5,366.25,-8.41,1.00,132.69
12/02/2025 12:17:20:975,Moved,447.50,366.25,-8.67,1.00,133.43
12/02/2025 12:17:20:991,Moved,451.25,361.25,-8.67,1.00,133.43
12/02/2025 12:17:20:991,Moved,451.25,361.25,-8.68,1.00,133.46
12/02/2025 12:17:21:009,Moved,457.5,347.5,-8.68,1.00,133.46
12/02/2025 12:17:21:009,Moved,457.50,347.50,-8.73,1.00,133.59
12/02/2025 12:17:21:028,Moved,463.75,336.25,-8.73,1.00,133.59
12/02/2025 12:17:21:028,Moved,463.75,336.25,-8.76,1.00,133.69
12/02/2025 12:17:21:043,Moved,467.5,331.25,-8.76,1.00,133.69
12/02/2025 12:17:21:043,Moved,467.50,331.25,-8.77,1.00,133.73
12/02/2025 12:17:21:058,Moved,473.75,318.75,-8.77,1.00,133.73
12/02/2025 12:17:21:058,Moved,473.75,318.75,-8.81,1.00,133.82
12/02/2025 12:17:21:077,Moved,481.25,307.5,-8.81,1.00,133.82
12/02/2025 12:17:21:077,Moved,481.25,307.50,-8.84,1.00,133.92
12/02/2025 12:17:21:091,Moved,483.75,301.25,-8.84,1.00,133.92
12/02/2025 12:17:21:091,Moved,483.75,301.25,-8.86,1.00,133.96
12/02/2025 12:17:21:151,Moved,503.75,271.25,-8.86,1.00,133.96
12/02/2025 12:17:21:151,Moved,503.75,271.25,-9.15,1.00,134.79
12/02/2025 12:17:21:168,Moved,511.25,261.25,-9.15,1.00,134.79
12/02/2025 12:17:21:168,Moved,511.25,261.25,-9.18,1.00,134.88
12/02/2025 12:17:21:183,Moved,513.75,256.25,-9.18,1.00,134.88
12/02/2025 12:17:21:183,Moved,513.75,256.25,-9.19,1.00,134.91
12/02/2025 12:17:21:203,Moved,522.5,241.25,-9.19,1.00,134.91
12/02/2025 12:17:21:203,Moved,522.50,241.25,-9.24,1.00,135.06
12/02/2025 12:17:21:219,Moved,526.25,236.25,-9.24,1.00,135.06
12/02/2025 12:17:21:219,Moved,526.25,236.25,-9.26,1.00,135.09
12/02/2025 12:17:21:239,Moved,532.5,225,-9.26,1.00,135.09
12/02/2025 12:17:21:239,Moved,532.50,225.00,-9.29,1.00,135.20
12/02/2025 12:17:21:255,Moved,535,220,-9.29,1.00,135.20
12/02/2025 12:17:21:255,Moved,535.00,220.00,-9.31,1.00,135.24
12/02/2025 12:17:21:296,Moved,546.25,193.75,-9.31,1.00,135.24
12/02/2025 12:17:21:296,Moved,546.25,193.75,-9.49,1.00,135.75
12/02/2025 12:17:21:324,Moved,551.25,178.75,-9.49,1.00,135.75
12/02/2025 12:17:21:324,Moved,551.25,178.75,-9.56,1.00,135.95
12/02/2025 12:17:21:342,Moved,552.5,173.75,-9.56,1.00,135.95
12/02/2025 12:17:21:342,Moved,552.50,173.75,-9.57,1.00,135.98
12/02/2025 12:17:21:357,Moved,557.5,163.75,-9.57,1.00,135.98
12/02/2025 12:17:21:357,Moved,557.50,163.75,-9.60,1.00,136.06
12/02/2025 12:17:21:378,Moved,561.25,155,-9.60,1.00,136.06
12/02/2025 12:17:21:378,Moved,561.25,155.00,-9.63,1.00,136.15
12/02/2025 12:17:21:396,Moved,565,146.25,-9.63,1.00,136.15
12/02/2025 12:17:21:396,Moved,565.00,146.25,-9.66,1.00,136.22
12/02/2025 12:17:21:412,Moved,567.5,141.25,-9.66,1.00,136.22
12/02/2025 12:17:21:412,Moved,567.50,141.25,-9.67,1.00,136.26
12/02/2025 12:17:21:456,Moved,576.25,118.75,-9.67,1.00,136.26
12/02/2025 12:17:21:456,Moved,576.25,118.75,-9.84,1.00,136.74
12/02/2025 12:17:21:473,Moved,577.5,115,-9.84,1.00,136.74
12/02/2025 12:17:21:473,Moved,577.50,115.00,-9.85,1.00,136.77
12/02/2025 12:17:21:491,Moved,580,106.25,-9.85,1.00,136.77
12/02/2025 12:17:21:491,Moved,580.00,106.25,-9.87,1.00,136.84
12/02/2025 12:17:21:508,Moved,583.75,98.74998,-9.87,1.00,136.84
12/02/2025 12:17:21:508,Moved,583.75,98.75,-9.90,1.00,136.91
12/02/2025 12:17:21:539,Moved,587.5,86.24998,-9.90,1.00,136.91
12/02/2025 12:17:21:539,Moved,587.50,86.25,-9.96,1.00,137.08
12/02/2025 12:17:21:555,Moved,591.25,79.99998,-9.96,1.00,137.08
12/02/2025 12:17:21:555,Moved,591.25,80.00,-9.98,1.00,137.13
12/02/2025 12:17:21:572,Moved,592.5,76.24998,-9.98,1.00,137.13
12/02/2025 12:17:21:572,Moved,592.50,76.25,-9.99,1.00,137.16
12/02/2025 12:17:21:615,Moved,596.25,57.49998,-9.99,1.00,137.16
12/02/2025 12:17:21:615,Moved,596.25,57.50,-10.12,1.00,137.53
12/02/2025 12:17:21:630,Moved,596.25,54.99998,-10.12,1.00,137.53
12/02/2025 12:17:21:630,Moved,596.25,55.00,-10.12,1.00,137.55
12/02/2025 12:17:21:648,Moved,597.5,48.74998,-10.12,1.00,137.55
12/02/2025 12:17:21:648,Moved,597.50,48.75,-10.14,1.00,137.60
12/02/2025 12:17:21:665,Moved,597.5,44.99998,-10.14,1.00,137.60
12/02/2025 12:17:21:665,Moved,597.50,45.00,-10.15,1.00,137.63
12/02/2025 12:17:21:685,Moved,597.5,39.99998,-10.15,1.00,137.63
12/02/2025 12:17:21:685,Moved,597.50,40.00,-10.17,1.00,137.68
12/02/2025 12:17:21:704,Moved,596.25,34.99998,-10.17,1.00,137.68
12/02/2025 12:17:21:704,Moved,596.25,35.00,-10.18,1.00,137.72
12/02/2025 12:17:21:717,Moved,596.25,32.49998,-10.18,1.00,137.72
12/02/2025 12:17:21:717,Moved,596.25,32.50,-10.19,1.00,137.74
12/02/2025 12:17:21:745,Ended,596.25,32.49998,-10.19,1.00,137.74
12/02/2025 12:17:21:745,Ended,596.25,32.50,-10.19,1.00,137.74
12/02/2025 12:17:22:197,Began,418.75,386.25,-10.19,1.00,137.74
12/02/2025 12:17:22:197,Began,418.75,386.25,-10.19,1.00,137.74
12/02/2025 12:17:22:212,Moved,421.25,382.5,-10.19,1.00,137.74
12/02/2025 12:17:22:212,Moved,421.25,382.50,-10.20,1.00,137.76
12/02/2025 12:17:22:233,Moved,425,375,-10.20,1.00,137.76
12/02/2025 12:17:22:233,Moved,425.00,375.00,-10.23,1.00,137.84
12/02/2025 12:17:22:280,Moved,440,343.75,-10.23,1.00,137.84
12/02/2025 12:17:22:280,Moved,440.00,343.75,-10.47,1.00,138.53
12/02/2025 12:17:22:296,Moved,442.5,336.25,-10.47,1.00,138.53
12/02/2025 12:17:22:296,Moved,442.50,336.25,-10.49,1.00,138.58
12/02/2025 12:17:22:313,Moved,448.75,323.75,-10.49,1.00,138.58
12/02/2025 12:17:22:313,Moved,448.75,323.75,-10.52,1.00,138.68
12/02/2025 12:17:22:334,Moved,455,311.25,-10.52,1.00,138.68
12/02/2025 12:17:22:334,Moved,455.00,311.25,-10.56,1.00,138.80
12/02/2025 12:17:22:356,Moved,460,298.75,-10.56,1.00,138.80
12/02/2025 12:17:22:356,Moved,460.00,298.75,-10.61,1.00,138.94
12/02/2025 12:17:22:389,Moved,470,276.25,-10.61,1.00,138.94
12/02/2025 12:17:22:389,Moved,470.00,276.25,-10.73,1.00,139.28
12/02/2025 12:17:22:425,Moved,480,256.25,-10.73,1.00,139.28
12/02/2025 12:17:22:425,Moved,480.00,256.25,-10.86,1.00,139.62
12/02/2025 12:17:22:439,Moved,482.5,251.25,-10.86,1.00,139.62
12/02/2025 12:17:22:439,Moved,482.50,251.25,-10.87,1.00,139.66
12/02/2025 12:17:22:461,Moved,487.5,241.25,-10.87,1.00,139.66
12/02/2025 12:17:22:461,Moved,487.50,241.25,-10.90,1.00,139.76
12/02/2025 12:17:22:479,Moved,493.75,231.25,-10.90,1.00,139.76
12/02/2025 12:17:22:479,Moved,493.75,231.25,-10.93,1.00,139.85
12/02/2025 12:17:22:491,Moved,497.5,226.25,-10.93,1.00,139.85
12/02/2025 12:17:22:491,Moved,497.50,226.25,-10.94,1.00,139.87
12/02/2025 12:17:22:510,Moved,506.25,215,-10.94,1.00,139.87
12/02/2025 12:17:22:510,Moved,506.25,215.00,-10.98,1.00,139.98
12/02/2025 12:17:22:526,Moved,512.5,202.5,-10.98,1.00,139.98
12/02/2025 12:17:22:526,Moved,512.50,202.50,-11.01,1.00,140.08
12/02/2025 12:17:22:543,Moved,516.25,196.25,-11.01,1.00,140.08
12/02/2025 12:17:22:543,Moved,516.25,196.25,-11.03,1.00,140.12
12/02/2025 12:17:22:589,Moved,526.25,166.25,-11.03,1.00,140.12
12/02/2025 12:17:22:589,Moved,526.25,166.25,-11.27,1.00,140.79
12/02/2025 12:17:22:625,Moved,532.5,146.25,-11.27,1.00,140.79
12/02/2025 12:17:22:625,Moved,532.50,146.25,-11.39,1.00,141.13
12/02/2025 12:17:22:641,Moved,535,141.25,-11.39,1.00,141.13
12/02/2025 12:17:22:641,Moved,535.00,141.25,-11.40,1.00,141.16
12/02/2025 12:17:22:658,Moved,537.5,132.5,-11.40,1.00,141.16
12/02/2025 12:17:22:658,Moved,537.50,132.50,-11.43,1.00,141.24
12/02/2025 12:17:22:677,Moved,538.75,125,-11.43,1.00,141.24
12/02/2025 12:17:22:677,Moved,538.75,125.00,-11.45,1.00,141.31
12/02/2025 12:17:22:695,Moved,540,121.25,-11.45,1.00,141.31
12/02/2025 12:17:22:695,Moved,540.00,121.25,-11.46,1.00,141.34
12/02/2025 12:17:22:736,Moved,542.5,101.25,-11.46,1.00,141.34
12/02/2025 12:17:22:736,Moved,542.50,101.25,-11.60,1.00,141.75
12/02/2025 12:17:22:749,Moved,542.5,97.49998,-11.60,1.00,141.75
12/02/2025 12:17:22:749,Moved,542.50,97.50,-11.61,1.00,141.77
12/02/2025 12:17:22:767,Moved,543.75,89.99998,-11.61,1.00,141.77
12/02/2025 12:17:22:767,Moved,543.75,90.00,-11.63,1.00,141.83
12/02/2025 12:17:22:782,Moved,545,86.24998,-11.63,1.00,141.83
12/02/2025 12:17:22:782,Moved,545.00,86.25,-11.64,1.00,141.85
12/02/2025 12:17:22:796,Moved,546.25,79.99998,-11.64,1.00,141.85
12/02/2025 12:17:22:796,Moved,546.25,80.00,-11.66,1.00,141.90
12/02/2025 12:17:22:823,Moved,547.5,68.74998,-11.66,1.00,141.90
12/02/2025 12:17:22:823,Moved,547.50,68.75,-11.71,1.00,142.04
12/02/2025 12:17:22:835,Moved,547.5,64.99998,-11.71,1.00,142.04
12/02/2025 12:17:22:835,Moved,547.50,65.00,-11.72,1.00,142.06
12/02/2025 12:17:22:851,Moved,548.75,61.24998,-11.72,1.00,142.06
12/02/2025 12:17:22:851,Moved,548.75,61.25,-11.73,1.00,142.09
12/02/2025 12:17:22:884,Moved,550,51.24998,-11.73,1.00,142.09
12/02/2025 12:17:22:884,Moved,550.00,51.25,-11.78,1.00,142.25
12/02/2025 12:17:22:901,Ended,550,51.24998,-11.78,1.00,142.25
12/02/2025 12:17:22:901,Ended,550.00,51.25,-11.78,1.00,142.25
12/02/2025 12:17:23:229,Began,397.5,171.25,-11.78,1.00,142.25
12/02/2025 12:17:23:229,Began,397.50,171.25,-11.78,1.00,142.25
12/02/2025 12:17:23:247,Moved,395,172.5,-11.78,1.00,142.25
12/02/2025 12:17:23:247,Moved,395.00,172.50,-11.78,1.00,142.24
12/02/2025 12:17:23:258,Moved,393.75,173.75,-11.78,1.00,142.24
12/02/2025 12:17:23:258,Moved,393.75,173.75,-11.78,1.00,142.23
12/02/2025 12:17:23:272,Stationary,393.75,173.75,-11.78,1.00,142.23
12/02/2025 12:17:23:288,Moved,393.75,176.25,-11.78,1.00,142.23
12/02/2025 12:17:23:288,Moved,393.75,176.25,-11.77,1.00,142.21
12/02/2025 12:17:23:303,Moved,395,176.25,-11.77,1.00,142.21
12/02/2025 12:17:23:303,Moved,395.00,176.25,-11.77,1.00,142.21
12/02/2025 12:17:23:318,Moved,396.25,180,-11.77,1.00,142.21
12/02/2025 12:17:23:318,Moved,396.25,180.00,-11.76,1.00,142.19
12/02/2025 12:17:23:354,Began,543.75,412.5,-11.76,1.00,142.19
12/02/2025 12:17:23:354,Began,543.75,412.50,-11.76,1.00,142.19
12/02/2025 12:17:24:164,Began,575,247.5,-11.76,1.00,142.19
12/02/2025 12:17:24:164,Began,575.00,247.50,-11.76,1.00,142.19
12/02/2025 12:17:24:173,Moved,575,247.5,-11.76,1.00,142.19
12/02/2025 12:17:24:173,Moved,575.00,247.50,-11.76,1.00,142.19
12/02/2025 12:17:24:188,Moved,573.75,246.25,-11.76,1.00,142.19
12/02/2025 12:17:24:188,Moved,573.75,246.25,-11.75,1.00,142.19
12/02/2025 12:17:24:207,Moved,572.5,238.75,-11.75,1.00,142.19
12/02/2025 12:17:24:207,Moved,572.50,238.75,-11.72,1.00,142.25
12/02/2025 12:17:24:218,Moved,570,231.25,-11.72,1.00,142.25
12/02/2025 12:17:24:218,Moved,570.00,231.25,-11.70,1.00,142.29
12/02/2025 12:17:24:243,Moved,560,210,-11.70,1.00,142.29
12/02/2025 12:17:24:243,Moved,560.00,210.00,-11.57,1.00,142.52
12/02/2025 12:17:24:256,Moved,556.25,201.25,-11.57,1.00,142.52
12/02/2025 12:17:24:256,Moved,556.25,201.25,-11.54,1.00,142.56
12/02/2025 12:17:24:284,Moved,547.5,181.25,-11.54,1.00,142.56
12/02/2025 12:17:24:284,Moved,547.50,181.25,-11.39,1.00,142.82
12/02/2025 12:17:24:318,Moved,540,162.5,-11.39,1.00,142.82
12/02/2025 12:17:24:318,Moved,540.00,162.50,-11.23,1.00,143.09
12/02/2025 12:17:24:330,Moved,537.5,156.25,-11.23,1.00,143.09
12/02/2025 12:17:24:330,Moved,537.50,156.25,-11.21,1.00,143.13
12/02/2025 12:17:24:346,Moved,532.5,146.25,-11.21,1.00,143.13
12/02/2025 12:17:24:346,Moved,532.50,146.25,-11.17,1.00,143.20
12/02/2025 12:17:24:360,Moved,531.25,141.25,-11.17,1.00,143.20
12/02/2025 12:17:24:360,Moved,531.25,141.25,-11.15,1.00,143.22
12/02/2025 12:17:24:376,Moved,527.5,133.75,-11.15,1.00,143.22
12/02/2025 12:17:24:376,Moved,527.50,133.75,-11.12,1.00,143.28
12/02/2025 12:17:24:388,Moved,526.25,131.25,-11.12,1.00,143.28
12/02/2025 12:17:24:388,Moved,526.25,131.25,-11.11,1.00,143.29
12/02/2025 12:17:24:406,Moved,523.75,125,-11.11,1.00,143.29
12/02/2025 12:17:24:406,Moved,523.75,125.00,-11.09,1.00,143.34
12/02/2025 12:17:24:420,Moved,522.5,121.25,-11.09,1.00,143.34
12/02/2025 12:17:24:420,Moved,522.50,121.25,-11.07,1.00,143.36
12/02/2025 12:17:24:437,Moved,521.25,116.25,-11.07,1.00,143.36
12/02/2025 12:17:24:437,Moved,521.25,116.25,-11.05,1.00,143.40
12/02/2025 12:17:24:471,Moved,517.5,105,-11.05,1.00,143.40
12/02/2025 12:17:24:471,Moved,517.50,105.00,-10.96,1.00,143.56
12/02/2025 12:17:24:519,Moved,512.5,92.49998,-10.96,1.00,143.56
12/02/2025 12:17:24:519,Moved,512.50,92.50,-10.81,1.00,143.82
12/02/2025 12:17:24:541,Moved,510,83.74998,-10.81,1.00,143.82
12/02/2025 12:17:24:541,Moved,510.00,83.75,-10.76,1.00,143.90
12/02/2025 12:17:24:557,Moved,508.75,81.24998,-10.76,1.00,143.90
12/02/2025 12:17:24:557,Moved,508.75,81.25,-10.75,1.00,143.92
12/02/2025 12:17:24:575,Moved,507.5,76.24998,-10.75,1.00,143.92
12/02/2025 12:17:24:575,Moved,507.50,76.25,-10.72,1.00,143.96
12/02/2025 12:17:24:595,Moved,505,72.49998,-10.72,1.00,143.96
12/02/2025 12:17:24:595,Moved,505.00,72.50,-10.70,1.00,143.99
12/02/2025 12:17:24:638,Moved,500,61.24998,-10.70,1.00,143.99
12/02/2025 12:17:24:638,Moved,500.00,61.25,-10.58,1.00,144.20
12/02/2025 12:17:24:661,Moved,497.5,54.99998,-10.58,1.00,144.20
12/02/2025 12:17:24:661,Moved,497.50,55.00,-10.55,1.00,144.26
12/02/2025 12:17:24:680,Moved,496.25,52.49998,-10.55,1.00,144.26
12/02/2025 12:17:24:680,Moved,496.25,52.50,-10.54,1.00,144.28
12/02/2025 12:17:24:713,Moved,493.75,47.49998,-10.54,1.00,144.28
12/02/2025 12:17:24:713,Moved,493.75,47.50,-10.49,1.00,144.35
12/02/2025 12:17:24:725,Moved,492.5,46.24998,-10.49,1.00,144.35
12/02/2025 12:17:24:725,Moved,492.50,46.25,-10.49,1.00,144.36
12/02/2025 12:17:24:742,Moved,492.5,43.74998,-10.49,1.00,144.36
12/02/2025 12:17:24:742,Moved,492.50,43.75,-10.48,1.00,144.38
12/02/2025 12:17:24:755,Moved,491.25,42.49998,-10.48,1.00,144.38
12/02/2025 12:17:24:755,Moved,491.25,42.50,-10.47,1.00,144.38
12/02/2025 12:17:24:791,Moved,488.75,37.49998,-10.47,1.00,144.38
12/02/2025 12:17:24:791,Moved,488.75,37.50,-10.43,1.00,144.46
12/02/2025 12:17:24:801,Moved,488.75,36.24998,-10.43,1.00,144.46
12/02/2025 12:17:24:801,Moved,488.75,36.25,-10.43,1.00,144.46
12/02/2025 12:17:24:817,Moved,487.5,36.24998,-10.43,1.00,144.46
12/02/2025 12:17:24:817,Moved,487.50,36.25,-10.43,1.00,144.46
12/02/2025 12:17:24:831,Ended,487.5,36.24998,-10.43,1.00,144.46
12/02/2025 12:17:24:831,Ended,487.50,36.25,-10.43,1.00,144.46
12/02/2025 12:17:25:228,Began,637.5,352.5,-10.43,1.00,144.46
12/02/2025 12:17:25:228,Began,637.50,352.50,-10.43,1.00,144.46
12/02/2025 12:17:25:246,Moved,637.5,348.75,-10.43,1.00,144.46
12/02/2025 12:17:25:246,Moved,637.50,348.75,-10.41,1.00,144.49
12/02/2025 12:17:25:260,Moved,636.25,343.75,-10.41,1.00,144.49
12/02/2025 12:17:25:260,Moved,636.25,343.75,-10.39,1.00,144.52
12/02/2025 12:17:25:291,Moved,631.25,322.5,-10.39,1.00,144.52
12/02/2025 12:17:25:291,Moved,631.25,322.50,-10.22,1.00,144.81
12/02/2025 12:17:25:326,Moved,617.5,291.25,-10.22,1.00,144.81
12/02/2025 12:17:25:326,Moved,617.50,291.25,-9.95,1.00,145.27
12/02/2025 12:17:25:341,Moved,615,283.75,-9.95,1.00,145.27
12/02/2025 12:17:25:341,Moved,615.00,283.75,-9.93,1.00,145.32
12/02/2025 12:17:25:357,Moved,607.5,268.75,-9.93,1.00,145.32
12/02/2025 12:17:25:357,Moved,607.50,268.75,-9.86,1.00,145.44
12/02/2025 12:17:25:396,Moved,593.75,241.25,-9.86,1.00,145.44
12/02/2025 12:17:25:396,Moved,593.75,241.25,-9.60,1.00,145.88
12/02/2025 12:17:25:410,Moved,591.25,236.25,-9.60,1.00,145.88
12/02/2025 12:17:25:410,Moved,591.25,236.25,-9.58,1.00,145.92
12/02/2025 12:17:25:427,Moved,583.75,223.75,-9.58,1.00,145.92
12/02/2025 12:17:25:427,Moved,583.75,223.75,-9.52,1.00,146.01
12/02/2025 12:17:25:441,Moved,580,217.5,-9.52,1.00,146.01
12/02/2025 12:17:25:441,Moved,580.00,217.50,-9.50,1.00,146.05
12/02/2025 12:17:25:458,Moved,573.75,206.25,-9.50,1.00,146.05
12/02/2025 12:17:25:458,Moved,573.75,206.25,-9.45,1.00,146.13
12/02/2025 12:17:25:472,Moved,570,200,-9.45,1.00,146.13
12/02/2025 12:17:25:472,Moved,570.00,200.00,-9.43,1.00,146.16
12/02/2025 12:17:25:489,Moved,562.5,187.5,-9.43,1.00,146.16
12/02/2025 12:17:25:489,Moved,562.50,187.50,-9.38,1.00,146.25
12/02/2025 12:17:25:502,Moved,560,181.25,-9.38,1.00,146.25
12/02/2025 12:17:25:502,Moved,560.00,181.25,-9.36,1.00,146.29
12/02/2025 12:17:25:539,Moved,548.75,158.75,-9.36,1.00,146.29
12/02/2025 12:17:25:539,Moved,548.75,158.75,-9.15,1.00,146.65
12/02/2025 12:17:25:579,Moved,538.75,137.5,-9.15,1.00,146.65
12/02/2025 12:17:25:579,Moved,538.75,137.50,-8.94,1.00,147.00
12/02/2025 12:17:25:595,Moved,535,126.25,-8.94,1.00,147.00
12/02/2025 12:17:25:595,Moved,535.00,126.25,-8.89,1.00,147.08
12/02/2025 12:17:25:609,Moved,532.5,121.25,-8.89,1.00,147.08
12/02/2025 12:17:25:609,Moved,532.50,121.25,-8.88,1.00,147.11
12/02/2025 12:17:25:627,Moved,527.5,111.25,-8.88,1.00,147.11
12/02/2025 12:17:25:627,Moved,527.50,111.25,-8.83,1.00,147.19
12/02/2025 12:17:25:644,Moved,525,106.25,-8.83,1.00,147.19
12/02/2025 12:17:25:644,Moved,525.00,106.25,-8.81,1.00,147.23
12/02/2025 12:17:25:662,Moved,518.75,94.99998,-8.81,1.00,147.23
12/02/2025 12:17:25:662,Moved,518.75,95.00,-8.76,1.00,147.32
12/02/2025 12:17:25:677,Moved,517.5,91.24998,-8.76,1.00,147.32
12/02/2025 12:17:25:677,Moved,517.50,91.25,-8.74,1.00,147.34
12/02/2025 12:17:25:692,Moved,515,86.24998,-8.74,1.00,147.34
12/02/2025 12:17:25:692,Moved,515.00,86.25,-8.72,1.00,147.37
12/02/2025 12:17:25:733,Moved,503.75,67.49998,-8.72,1.00,147.37
12/02/2025 12:17:25:733,Moved,503.75,67.50,-8.53,1.00,147.70
12/02/2025 12:17:25:760,Moved,497.5,57.49998,-8.53,1.00,147.70
12/02/2025 12:17:25:760,Moved,497.50,57.50,-8.46,1.00,147.82
12/02/2025 12:17:25:768,Stationary,497.5,57.49998,-8.46,1.00,147.82
12/02/2025 12:17:25:794,Moved,492.5,48.74998,-8.46,1.00,147.82
12/02/2025 12:17:25:794,Moved,492.50,48.75,-8.40,1.00,147.92
12/02/2025 12:17:25:815,Moved,490,43.74998,-8.40,1.00,147.92
12/02/2025 12:17:25:815,Moved,490.00,43.75,-8.38,1.00,147.96
12/02/2025 12:17:25:830,Moved,488.75,41.24998,-8.38,1.00,147.96
12/02/2025 12:17:25:830,Moved,488.75,41.25,-8.37,1.00,147.98
12/02/2025 12:17:25:848,Moved,486.25,36.24998,-8.37,1.00,147.98
12/02/2025 12:17:25:848,Moved,486.25,36.25,-8.35,1.00,148.02
12/02/2025 12:17:25:888,Moved,481.25,26.24998,-8.35,1.00,148.02
12/02/2025 12:17:25:888,Moved,481.25,26.25,-8.25,1.00,148.19
12/02/2025 12:17:25:908,Moved,477.5,21.24998,-8.25,1.00,148.19
12/02/2025 12:17:25:908,Moved,477.50,21.25,-8.22,1.00,148.24
12/02/2025 12:17:25:932,Moved,476.25,16.24998,-8.22,1.00,148.24
12/02/2025 12:17:25:932,Moved,476.25,16.25,-8.19,1.00,148.29
12/02/2025 12:17:25:947,Moved,472.5,9.999986,-8.19,1.00,148.29
12/02/2025 12:17:25:947,Moved,472.50,10.00,-8.17,1.00,148.33
12/02/2025 12:17:25:975,Moved,468.75,3.749986,-8.17,1.00,148.33
12/02/2025 12:17:25:975,Moved,468.75,3.75,-8.12,1.00,148.40
12/02/2025 12:17:25:994,Ended,467.5,2.499986,-8.12,1.00,148.40
12/02/2025 12:17:25:994,Ended,467.50,2.50,-8.12,1.00,148.40
12/02/2025 12:17:26:375,Began,626.25,361.25,-8.12,1.00,148.40
12/02/2025 12:17:26:375,Began,626.25,361.25,-8.12,1.00,148.40
12/02/2025 12:17:26:389,Moved,626.25,361.25,-8.12,1.00,148.40
12/02/2025 12:17:26:389,Moved,626.25,361.25,-8.12,1.00,148.40
12/02/2025 12:17:26:408,Moved,626.25,357.5,-8.12,1.00,148.40
12/02/2025 12:17:26:408,Moved,626.25,357.50,-8.10,1.00,148.43
12/02/2025 12:17:26:420,Moved,626.25,353.75,-8.10,1.00,148.43
12/02/2025 12:17:26:420,Moved,626.25,353.75,-8.09,1.00,148.45
12/02/2025 12:17:26:433,Moved,626.25,347.5,-8.09,1.00,148.45
12/02/2025 12:17:26:433,Moved,626.25,347.50,-8.07,1.00,148.49
12/02/2025 12:17:26:457,Moved,618.75,322.5,-8.07,1.00,148.49
12/02/2025 12:17:26:457,Moved,618.75,322.50,-7.92,1.00,148.75
12/02/2025 12:17:26:472,Moved,616.25,312.5,-7.92,1.00,148.75
12/02/2025 12:17:26:472,Moved,616.25,312.50,-7.88,1.00,148.81
12/02/2025 12:17:26:493,Moved,612.5,305,-7.88,1.00,148.81
12/02/2025 12:17:26:493,Moved,612.50,305.00,-7.84,1.00,148.88
12/02/2025 12:17:26:532,Moved,595,266.25,-7.84,1.00,148.88
12/02/2025 12:17:26:532,Moved,595.00,266.25,-7.47,1.00,149.51
12/02/2025 12:17:26:546,Moved,591.25,258.75,-7.47,1.00,149.51
12/02/2025 12:17:26:546,Moved,591.25,258.75,-7.45,1.00,149.56
12/02/2025 12:17:26:566,Moved,581.25,237.5,-7.45,1.00,149.56
12/02/2025 12:17:26:566,Moved,581.25,237.50,-7.34,1.00,149.74
12/02/2025 12:17:26:593,Moved,572.5,223.75,-7.34,1.00,149.74
12/02/2025 12:17:26:593,Moved,572.50,223.75,-7.24,1.00,149.90
12/02/2025 12:17:26:610,Moved,566.25,210,-7.24,1.00,149.90
12/02/2025 12:17:26:610,Moved,566.25,210.00,-7.18,1.00,150.00
12/02/2025 12:17:26:624,Moved,562.5,202.5,-7.18,1.00,150.00
12/02/2025 12:17:26:624,Moved,562.50,202.50,-7.16,1.00,150.05
12/02/2025 12:17:26:644,Moved,552.5,181.25,-7.16,1.00,150.05
12/02/2025 12:17:26:644,Moved,552.50,181.25,-7.05,1.00,150.23
12/02/2025 12:17:26:684,Moved,543.75,162.5,-7.05,1.00,150.23
12/02/2025 12:17:26:684,Moved,543.75,162.50,-6.87,1.00,150.54
12/02/2025 12:17:26:701,Moved,538.75,151.25,-6.87,1.00,150.54
12/02/2025 12:17:26:701,Moved,538.75,151.25,-6.82,1.00,150.63
12/02/2025 12:17:26:715,Moved,537.5,146.25,-6.82,1.00,150.63
12/02/2025 12:17:26:715,Moved,537.50,146.25,-6.80,1.00,150.66
12/02/2025 12:17:26:735,Moved,528.75,131.25,-6.80,1.00,150.66
12/02/2025 12:17:26:735,Moved,528.75,131.25,-6.72,1.00,150.80
12/02/2025 12:17:26:750,Moved,526.25,125,-6.72,1.00,150.80
12/02/2025 12:17:26:750,Moved,526.25,125.00,-6.70,1.00,150.83
12/02/2025 12:17:26:764,Moved,522.5,118.75,-6.70,1.00,150.83
12/02/2025 12:17:26:764,Moved,522.50,118.75,-6.68,1.00,150.87
12/02/2025 12:17:26:781,Moved,517.5,106.25,-6.68,1.00,150.87
12/02/2025 12:17:26:781,Moved,517.50,106.25,-6.62,1.00,150.96
12/02/2025 12:17:26:808,Moved,507.5,87.49998,-6.62,1.00,150.96
12/02/2025 12:17:26:808,Moved,507.50,87.50,-6.49,1.00,151.19
12/02/2025 12:17:26:849,Moved,498.75,68.74998,-6.49,1.00,151.19
12/02/2025 12:17:26:849,Moved,498.75,68.75,-6.30,1.00,151.52
12/02/2025 12:17:26:863,Moved,497.5,63.74998,-6.30,1.00,151.52
12/02/2025 12:17:26:863,Moved,497.50,63.75,-6.28,1.00,151.55
12/02/2025 12:17:26:878,Ended,497.5,63.74998,-6.28,1.00,151.55
12/02/2025 12:17:26:878,Ended,497.50,63.75,-6.28,1.00,151.55
12/02/2025 12:18:15:634,Began,542.5,291.25,0.00,1.00,0.00
12/02/2025 12:18:15:744,Moved,532.5,206.25,0.00,1.00,0.00
12/02/2025 12:18:15:786,Moved,532.5,180,0.00,1.00,52.79
12/02/2025 12:18:15:836,Moved,530,136.25,0.00,1.00,58.30
12/02/2025 12:18:15:850,Moved,530,131.25,0.00,1.00,69.51
12/02/2025 12:18:15:869,Moved,531.25,118.75,0.00,1.00,69.85
12/02/2025 12:18:15:884,Moved,531.25,112.5,0.00,1.00,71.04
12/02/2025 12:18:15:900,Moved,531.25,102.5,0.00,1.00,71.45
12/02/2025 12:18:15:915,Moved,532.5,97.49998,0.00,1.00,72.29
12/02/2025 12:18:15:929,Moved,532.5,87.49998,0.00,1.00,72.67
12/02/2025 12:18:15:944,Moved,532.5,83.74998,0.00,1.00,73.44
12/02/2025 12:18:15:991,Moved,532.5,62.49998,0.00,1.00,73.70
12/02/2025 12:18:16:009,Moved,532.5,53.74998,0.00,1.00,78.78
12/02/2025 12:18:16:028,Moved,532.5,46.24998,0.00,1.00,79.57
12/02/2025 12:18:16:044,Moved,532.5,43.74998,0.00,1.00,80.25
12/02/2025 12:18:16:062,Moved,532.5,33.74998,0.00,1.00,80.46
12/02/2025 12:18:16:077,Moved,532.5,31.24998,0.00,1.00,81.40
12/02/2025 12:18:16:094,Moved,532.5,28.74998,0.00,1.00,81.57
12/02/2025 12:18:16:140,Moved,531.25,16.24998,0.00,1.00,81.79
12/02/2025 12:18:16:159,Moved,530,11.24999,0.00,1.00,84.64
12/02/2025 12:18:16:185,Moved,527.5,3.749986,0.00,1.00,85.12
12/02/2025 12:18:16:199,Moved,527.5,1.249986,0.00,1.00,86.09
12/02/2025 12:18:16:227,Moved,525,-6.250014,0.00,1.00,86.26
12/02/2025 12:18:16:254,Ended,522.5,-11.25001,0.00,1.00,87.36
12/02/2025 12:18:16:254,Ended,522.50,-11.25,0.00,1.00,87.36
12/02/2025 12:18:21:719,Began,610,505,0.00,1.00,87.36
12/02/2025 12:18:21:755,Moved,602.5,468.75,0.00,1.00,87.36
12/02/2025 12:18:21:790,Moved,597.5,432.5,0.00,1.00,87.99
12/02/2025 12:18:21:840,Moved,590,366.25,0.00,1.00,88.64
12/02/2025 12:18:21:864,Moved,581.25,327.5,0.00,1.00,90.28
12/02/2025 12:18:21:879,Moved,577.5,316.25,0.00,1.00,90.74
12/02/2025 12:18:21:899,Moved,572.5,293.75,0.00,1.00,90.81
12/02/2025 12:18:21:919,Moved,568.75,272.5,0.00,1.00,91.06
12/02/2025 12:18:21:938,Moved,566.25,255,0.00,1.00,91.27
12/02/2025 12:18:21:956,Moved,562.5,237.5,0.00,1.00,91.44
12/02/2025 12:18:22:005,Moved,555,198.75,0.00,1.00,91.61
12/02/2025 12:18:22:027,Moved,551.25,185,0.00,1.00,92.54
12/02/2025 12:18:22:045,Moved,548.75,171.25,0.00,1.00,92.68
12/02/2025 12:18:22:074,Moved,546.25,150,0.00,1.00,92.82
12/02/2025 12:18:22:092,Moved,545,143.75,0.00,1.00,93.11
12/02/2025 12:18:22:115,Moved,543.75,126.25,0.00,1.00,93.17
12/02/2025 12:18:22:163,Moved,542.5,103.75,0.00,1.00,93.37
12/02/2025 12:18:22:182,Moved,542.5,98.74998,0.00,1.00,93.91
12/02/2025 12:18:22:199,Moved,542.5,91.24998,0.00,1.00,93.95
12/02/2025 12:18:22:219,Moved,542.5,83.74998,0.00,1.00,94.02
12/02/2025 12:18:22:236,Moved,541.25,76.24998,0.00,1.00,94.09
12/02/2025 12:18:22:255,Moved,541.25,69.99998,0.00,1.00,94.16
12/02/2025 12:18:22:284,Moved,540,59.99998,0.00,1.00,94.22
12/02/2025 12:18:22:339,Moved,537.5,46.24998,0.00,1.00,94.36
12/02/2025 12:18:22:358,Moved,537.5,41.24998,0.00,1.00,94.74
12/02/2025 12:18:22:378,Moved,537.5,34.99998,0.00,1.00,94.79
12/02/2025 12:18:22:398,Moved,536.25,29.99998,0.00,1.00,94.85
12/02/2025 12:18:22:420,Moved,535,21.24998,0.00,1.00,94.90
12/02/2025 12:18:22:434,Moved,535,19.99998,0.00,1.00,94.99
12/02/2025 12:18:22:484,Moved,533.75,7.499986,0.00,1.00,95.00
12/02/2025 12:18:22:514,Moved,533.75,1.249986,0.00,1.00,95.31
12/02/2025 12:18:22:535,Moved,532.5,-3.750014,0.00,1.00,95.40
12/02/2025 12:18:22:553,Ended,532.5,-3.750014,0.00,1.00,95.45
12/02/2025 12:18:22:553,Ended,532.50,-3.75,0.00,1.00,95.45
12/02/2025 12:18:22:996,Began,548.75,437.5,0.00,1.00,95.45
12/02/2025 12:18:23:020,Moved,548.75,421.25,0.00,1.00,95.45
12/02/2025 12:18:23:052,Moved,547.5,386.25,0.00,1.00,95.66
12/02/2025 12:18:23:081,Moved,545,350,0.00,1.00,96.22
12/02/2025 12:18:23:142,Moved,541.25,282.5,0.00,1.00,96.75
12/02/2025 12:18:23:187,Moved,537.5,231.25,0.00,1.00,98.82
12/02/2025 12:18:23:204,Moved,536.25,222.5,0.00,1.00,99.97
12/02/2025 12:18:23:232,Moved,535,198.75,0.00,1.00,100.05
12/02/2025 12:18:23:288,Moved,535,158.75,0.00,1.00,100.38
12/02/2025 12:18:23:309,Moved,536.25,146.25,0.00,1.00,101.48
12/02/2025 12:18:23:332,Moved,536.25,135,0.00,1.00,101.63
12/02/2025 12:18:23:353,Moved,537.5,123.75,0.00,1.00,101.75
12/02/2025 12:18:23:385,Moved,536.25,101.25,0.00,1.00,101.86
12/02/2025 12:18:23:444,Moved,535,72.49998,0.00,1.00,102.23
12/02/2025 12:18:23:462,Moved,535,68.74998,0.00,1.00,103.07
12/02/2025 12:18:23:486,Moved,533.75,58.74998,0.00,1.00,103.11
12/02/2025 12:18:23:508,Moved,532.5,53.74998,0.00,1.00,103.23
12/02/2025 12:18:23:529,Moved,532.5,48.74998,0.00,1.00,103.28
12/02/2025 12:18:23:549,Moved,532.5,44.99998,0.00,1.00,103.33
12/02/2025 12:18:23:603,Moved,532.5,32.49998,0.00,1.00,103.37
12/02/2025 12:18:23:634,Moved,532.5,26.24998,0.00,1.00,103.70
12/02/2025 12:18:23:655,Moved,532.5,24.99998,0.00,1.00,103.80
12/02/2025 12:18:23:677,Moved,532.5,21.24998,0.00,1.00,103.81
12/02/2025 12:18:23:696,Moved,533.75,19.99998,0.00,1.00,103.85
12/02/2025 12:18:23:720,Moved,535,16.24998,0.00,1.00,103.86
12/02/2025 12:18:23:776,Moved,536.25,11.24999,0.00,1.00,103.91
12/02/2025 12:18:23:797,Moved,537.5,8.749986,0.00,1.00,104.05
12/02/2025 12:18:23:814,Moved,537.5,6.249986,0.00,1.00,104.07
12/02/2025 12:18:23:848,Ended,537.5,4.999986,0.00,1.00,104.10
12/02/2025 12:18:23:848,Ended,537.50,5.00,0.00,1.00,104.10
12/02/2025 12:18:24:288,Began,625,457.5,0.00,1.00,104.10
12/02/2025 12:18:24:314,Moved,625,455,0.00,1.00,104.10
12/02/2025 12:18:24:329,Moved,625,447.5,0.00,1.00,104.13
12/02/2025 12:18:24:374,Moved,626.25,423.75,0.00,1.00,104.19
12/02/2025 12:18:24:428,Moved,625,385,0.00,1.00,104.71
12/02/2025 12:18:24:450,Moved,623.75,373.75,0.00,1.00,105.74
12/02/2025 12:18:24:479,Moved,623.75,356.25,0.00,1.00,105.88
12/02/2025 12:18:24:497,Moved,622.5,351.25,0.00,1.00,106.11
12/02/2025 12:18:24:516,Moved,622.5,340,0.00,1.00,106.16
12/02/2025 12:18:24:537,Moved,621.25,322.5,0.00,1.00,106.26
12/02/2025 12:18:24:582,Moved,620,301.25,0.00,1.00,106.46
12/02/2025 12:18:24:599,Moved,618.75,291.25,0.00,1.00,106.93
12/02/2025 12:18:24:618,Moved,618.75,281.25,0.00,1.00,107.02
12/02/2025 12:18:24:629,Moved,617.5,276.25,0.00,1.00,107.11
12/02/2025 12:18:24:648,Moved,617.5,267.5,0.00,1.00,107.14
12/02/2025 12:18:24:670,Moved,615,257.5,0.00,1.00,107.21
12/02/2025 12:18:24:697,Moved,612.5,243.75,0.00,1.00,107.32
12/02/2025 12:18:24:740,Moved,608.75,223.75,0.00,1.00,107.51
12/02/2025 12:18:24:757,Moved,607.5,215,0.00,1.00,107.95
12/02/2025 12:18:24:769,Moved,607.5,210,0.00,1.00,108.02
12/02/2025 12:18:24:785,Moved,605,201.25,0.00,1.00,108.06
12/02/2025 12:18:24:797,Moved,603.75,196.25,0.00,1.00,108.12
12/02/2025 12:18:24:816,Moved,602.5,186.25,0.00,1.00,108.15
12/02/2025 12:18:24:828,Moved,602.5,182.5,0.00,1.00,108.24
12/02/2025 12:18:24:848,Moved,601.25,173.75,0.00,1.00,108.26
12/02/2025 12:18:24:884,Moved,598.75,157.5,0.00,1.00,108.35
12/02/2025 12:18:24:906,Moved,597.5,151.25,0.00,1.00,108.64
12/02/2025 12:18:24:923,Moved,595,142.5,0.00,1.00,108.71
12/02/2025 12:18:24:935,Moved,595,138.75,0.00,1.00,108.79
12/02/2025 12:18:24:950,Moved,593.75,135,0.00,1.00,108.81
12/02/2025 12:18:24:969,Moved,592.5,128.75,0.00,1.00,108.84
12/02/2025 12:18:24:983,Moved,592.5,121.25,0.00,1.00,108.90
12/02/2025 12:18:24:998,Moved,591.25,118.75,0.00,1.00,108.96
12/02/2025 12:18:25:014,Moved,591.25,113.75,0.00,1.00,108.97
12/02/2025 12:18:25:050,Moved,588.75,102.5,0.00,1.00,109.02
12/02/2025 12:18:25:059,Stationary,588.75,102.5,0.00,1.00,109.22
12/02/2025 12:18:25:084,Moved,587.5,94.99998,0.00,1.00,109.22
12/02/2025 12:18:25:097,Moved,587.5,92.49998,0.00,1.00,109.31
12/02/2025 12:18:25:122,Moved,587.5,86.24998,0.00,1.00,109.33
12/02/2025 12:18:25:135,Moved,587.5,83.74998,0.00,1.00,109.40
12/02/2025 12:18:25:155,Moved,587.5,79.99998,0.00,1.00,109.42
12/02/2025 12:18:25:168,Moved,587.5,77.49998,0.00,1.00,109.46
12/02/2025 12:18:25:212,Moved,587.5,67.49998,0.00,1.00,109.48
12/02/2025 12:18:25:228,Moved,587.5,66.24998,0.00,1.00,109.70
12/02/2025 12:18:25:244,Moved,587.5,61.24998,0.00,1.00,109.71
12/02/2025 12:18:25:261,Moved,587.5,59.99998,0.00,1.00,109.74
12/02/2025 12:18:25:281,Moved,588.75,56.24998,0.00,1.00,109.75
12/02/2025 12:18:25:295,Moved,588.75,53.74998,0.00,1.00,109.79
12/02/2025 12:18:25:312,Moved,588.75,51.24998,0.00,1.00,109.81
12/02/2025 12:18:25:344,Moved,590,46.24998,0.00,1.00,109.83
12/02/2025 12:18:25:394,Moved,591.25,39.99998,0.00,1.00,109.91
12/02/2025 12:18:25:408,Ended,591.25,39.99998,0.00,1.00,110.07
12/02/2025 12:18:25:408,Ended,591.25,40.00,0.00,1.00,110.07
12/02/2025 12:18:26:153,Began,545,571.25,0.00,1.00,110.07
12/02/2025 12:18:26:172,Moved,546.25,565,0.00,1.00,110.07
12/02/2025 12:18:26:197,Moved,547.5,556.25,0.00,1.00,110.13
12/02/2025 12:18:26:214,Moved,550,543.75,0.00,1.00,110.23
12/02/2025 12:18:26:226,Moved,551.25,538.75,0.00,1.00,110.34
12/02/2025 12:18:26:241,Moved,551.25,532.5,0.00,1.00,110.38
12/02/2025 12:18:26:258,Moved,551.25,520,0.00,1.00,110.42
12/02/2025 12:18:26:272,Moved,551.25,512.5,0.00,1.00,110.52
12/02/2025 12:18:26:316,Moved,547.5,475,0.00,1.00,110.58
12/02/2025 12:18:26:329,Moved,547.5,466.25,0.00,1.00,111.38
12/02/2025 12:18:26:347,Moved,547.5,450,0.00,1.00,111.43
12/02/2025 12:18:26:361,Moved,547.5,441.25,0.00,1.00,111.58
12/02/2025 12:18:26:378,Moved,547.5,422.5,0.00,1.00,111.65
12/02/2025 12:18:26:402,Moved,550,397.5,0.00,1.00,111.80
12/02/2025 12:18:26:411,Stationary,550,397.5,0.00,1.00,112.10
12/02/2025 12:18:26:438,Moved,552.5,375,0.00,1.00,112.10
12/02/2025 12:18:26:483,Moved,555,345,0.00,1.00,112.41
12/02/2025 12:18:26:498,Moved,556.25,340,0.00,1.00,113.10
12/02/2025 12:18:26:514,Moved,556.25,330,0.00,1.00,113.14
12/02/2025 12:18:26:530,Moved,556.25,326.25,0.00,1.00,113.23
12/02/2025 12:18:26:547,Moved,556.25,316.25,0.00,1.00,113.25
12/02/2025 12:18:26:565,Moved,555,306.25,0.00,1.00,113.34
12/02/2025 12:18:26:581,Moved,555,301.25,0.00,1.00,113.42
12/02/2025 12:18:26:607,Moved,555,286.25,0.00,1.00,113.47
12/02/2025 12:18:26:647,Moved,553.75,266.25,0.00,1.00,113.66
12/02/2025 12:18:26:669,Moved,552.5,251.25,0.00,1.00,114.05
12/02/2025 12:18:26:686,Moved,552.5,247.5,0.00,1.00,114.23
12/02/2025 12:18:26:705,Moved,552.5,237.5,0.00,1.00,114.26
12/02/2025 12:18:26:722,Moved,552.5,230,0.00,1.00,114.35
12/02/2025 12:18:26:737,Moved,552.5,225,0.00,1.00,114.42
12/02/2025 12:18:26:753,Moved,551.25,216.25,0.00,1.00,114.46
12/02/2025 12:18:26:771,Moved,551.25,208.75,0.00,1.00,114.53
12/02/2025 12:18:26:813,Moved,550,195,0.00,1.00,114.60
12/02/2025 12:18:26:838,Moved,550,183.75,0.00,1.00,114.88
12/02/2025 12:18:26:852,Moved,550,180,0.00,1.00,115.03
12/02/2025 12:18:26:871,Moved,550,172.5,0.00,1.00,115.05
12/02/2025 12:18:26:886,Moved,550,170,0.00,1.00,115.12
12/02/2025 12:18:26:902,Moved,548.75,162.5,0.00,1.00,115.14
12/02/2025 12:18:26:918,Moved,548.75,160,0.00,1.00,115.20
12/02/2025 12:18:26:938,Moved,548.75,151.25,0.00,1.00,115.22
12/02/2025 12:18:26:982,Moved,548.75,141.25,0.00,1.00,115.32
12/02/2025 12:18:27:002,Moved,548.75,135,0.00,1.00,115.54
12/02/2025 12:18:27:023,Moved,548.75,131.25,0.00,1.00,115.60
12/02/2025 12:18:27:049,Moved,548.75,123.75,0.00,1.00,115.64
12/02/2025 12:18:27:065,Moved,548.75,121.25,0.00,1.00,115.74
12/02/2025 12:18:27:083,Moved,550,116.25,0.00,1.00,115.76
12/02/2025 12:18:27:103,Moved,550,112.5,0.00,1.00,115.81
12/02/2025 12:18:27:149,Moved,550,102.5,0.00,1.00,115.84
12/02/2025 12:18:27:166,Moved,550,101.25,0.00,1.00,116.07
12/02/2025 12:18:27:187,Moved,550,94.99998,0.00,1.00,116.08
12/02/2025 12:18:27:202,Moved,550,91.24998,0.00,1.00,116.15
12/02/2025 12:18:27:219,Moved,550,87.49998,0.00,1.00,116.18
12/02/2025 12:18:27:232,Moved,550,84.99998,0.00,1.00,116.21
12/02/2025 12:18:27:257,Moved,550,77.49998,0.00,1.00,116.23
12/02/2025 12:18:27:299,Moved,550,68.74998,0.00,1.00,116.32
12/02/2025 12:18:27:315,Moved,550,66.24998,0.00,1.00,116.51
12/02/2025 12:18:27:331,Moved,550,61.24998,0.00,1.00,116.53
12/02/2025 12:18:27:349,Moved,548.75,56.24998,0.00,1.00,116.57
12/02/2025 12:18:27:370,Moved,548.75,54.99998,0.00,1.00,116.61
12/02/2025 12:18:27:401,Ended,548.75,54.99998,0.00,1.00,116.63
12/02/2025 12:18:27:401,Ended,548.75,55.00,0.00,1.00,116.63
12/02/2025 12:18:27:823,Began,533.75,571.25,0.00,1.00,116.63
12/02/2025 12:18:27:838,Moved,533.75,571.25,0.00,1.00,116.63
12/02/2025 12:18:27:862,Moved,535,560,0.00,1.00,116.63
12/02/2025 12:18:27:875,Moved,535,553.75,0.00,1.00,116.75
12/02/2025 12:18:27:907,Moved,536.25,531.25,0.00,1.00,116.80
12/02/2025 12:18:27:956,Moved,538.75,491.25,0.00,1.00,117.15
12/02/2025 12:18:27:976,Moved,540,476.25,0.00,1.00,118.15
12/02/2025 12:18:27:994,Moved,541.25,460,0.00,1.00,118.29
12/02/2025 12:18:28:006,Moved,542.5,451.25,0.00,1.00,118.45
12/02/2025 12:18:28:024,Moved,542.5,436.25,0.00,1.00,118.50
12/02/2025 12:18:28:040,Moved,542.5,427.5,0.00,1.00,118.63
12/02/2025 12:18:28:063,Moved,545,403.75,0.00,1.00,118.71
12/02/2025 12:18:28:106,Moved,546.25,371.25,0.00,1.00,118.96
12/02/2025 12:18:28:134,Moved,547.5,345,0.00,1.00,119.67
12/02/2025 12:18:28:153,Moved,547.5,328.75,0.00,1.00,120.03
12/02/2025 12:18:28:174,Moved,547.5,312.5,0.00,1.00,120.19
12/02/2025 12:18:28:193,Moved,547.5,298.75,0.00,1.00,120.36
12/02/2025 12:18:28:210,Moved,548.75,291.25,0.00,1.00,120.50
12/02/2025 12:18:28:231,Moved,548.75,272.5,0.00,1.00,120.56
12/02/2025 12:18:28:282,Moved,548.75,242.5,0.00,1.00,120.77
12/02/2025 12:18:28:299,Moved,548.75,236.25,0.00,1.00,121.50
12/02/2025 12:18:28:319,Moved,550,220,0.00,1.00,121.56
12/02/2025 12:18:28:352,Moved,550,202.5,0.00,1.00,121.73
12/02/2025 12:18:28:371,Moved,550,191.25,0.00,1.00,122.02
12/02/2025 12:18:28:388,Moved,550,185,0.00,1.00,122.12
12/02/2025 12:18:28:428,Moved,550,156.25,0.00,1.00,122.17
12/02/2025 12:18:28:448,Moved,550,151.25,0.00,1.00,122.77
12/02/2025 12:18:28:464,Moved,550,141.25,0.00,1.00,122.81
12/02/2025 12:18:28:484,Moved,550,132.5,0.00,1.00,122.91
12/02/2025 12:18:28:502,Moved,550,125,0.00,1.00,122.99
12/02/2025 12:18:28:522,Moved,550,117.5,0.00,1.00,123.06
12/02/2025 12:18:28:547,Moved,548.75,107.5,0.00,1.00,123.13
12/02/2025 12:18:28:587,Moved,548.75,96.24998,0.00,1.00,123.26
12/02/2025 12:18:28:599,Moved,548.75,91.24998,0.00,1.00,123.48
12/02/2025 12:18:28:612,Moved,548.75,88.74998,0.00,1.00,123.51
12/02/2025 12:18:28:633,Moved,550,81.24998,0.00,1.00,123.53
12/02/2025 12:18:28:646,Moved,550,77.49998,0.00,1.00,123.60
12/02/2025 12:18:28:666,Moved,550,76.24998,0.00,1.00,123.63
12/02/2025 12:18:28:681,Ended,550,76.24998,0.00,1.00,123.64
12/02/2025 12:18:28:681,Ended,550.00,76.25,0.00,1.00,123.64
12/02/2025 12:18:29:000,Began,526.25,391.25,0.00,1.00,123.64
12/02/2025 12:18:29:022,Moved,526.25,391.25,0.00,1.00,123.64
12/02/2025 12:18:29:818,Began,532.5,440,0.00,1.00,123.64
12/02/2025 12:18:29:842,Moved,532.5,440,0.00,1.00,123.64
12/02/2025 12:18:29:868,Moved,536.25,426.25,0.00,1.00,123.64
12/02/2025 12:18:29:892,Moved,541.25,412.5,-0.07,1.00,123.81
12/02/2025 12:18:29:905,Moved,543.75,406.25,-0.13,1.00,123.96
12/02/2025 12:18:29:923,Moved,550,392.5,-0.15,1.00,124.00
12/02/2025 12:18:29:938,Moved,556.25,378.75,-0.20,1.00,124.11
12/02/2025 12:18:29:952,Moved,558.75,372.5,-0.24,1.00,124.20
12/02/2025 12:18:29:969,Moved,565,360,-0.25,1.00,124.24
12/02/2025 12:18:30:018,Moved,573.75,331.25,-0.30,1.00,124.34
12/02/2025 12:18:30:049,Moved,578.75,317.5,-0.57,1.00,124.98
12/02/2025 12:18:30:070,Moved,582.5,308.75,-0.65,1.00,125.18
12/02/2025 12:18:30:096,Moved,587.5,295,-0.69,1.00,125.27
12/02/2025 12:18:30:115,Moved,587.5,290,-0.76,1.00,125.43
12/02/2025 12:18:30:137,Moved,593.75,275,-0.77,1.00,125.47
12/02/2025 12:18:30:186,Moved,603.75,243.75,-0.84,1.00,125.62
12/02/2025 12:18:30:202,Moved,607.5,236.25,-1.13,1.00,126.32
12/02/2025 12:18:30:219,Moved,612.5,223.75,-1.15,1.00,126.38
12/02/2025 12:18:30:246,Moved,618.75,206.25,-1.20,1.00,126.48
12/02/2025 12:18:30:260,Moved,621.25,200,-1.29,1.00,126.69
12/02/2025 12:18:30:278,Moved,626.25,188.75,-1.30,1.00,126.73
12/02/2025 12:18:30:293,Moved,627.5,182.5,-1.34,1.00,126.82
12/02/2025 12:18:30:335,Moved,635,158.75,-1.36,1.00,126.86
12/02/2025 12:18:30:352,Moved,636.25,155,-1.56,1.00,127.33
12/02/2025 12:18:30:369,Moved,637.5,146.25,-1.57,1.00,127.36
12/02/2025 12:18:30:385,Moved,638.75,140,-1.60,1.00,127.43
12/02/2025 12:18:30:400,Moved,640,136.25,-1.62,1.00,127.47
12/02/2025 12:18:30:417,Moved,641.2501,131.25,-1.63,1.00,127.50
12/02/2025 12:18:30:434,Moved,642.5001,130,-1.65,1.00,127.54
12/02/2025 12:18:30:464,Moved,645.0001,121.25,-1.65,1.00,127.55
12/02/2025 12:18:30:509,Moved,648.7501,111.25,-1.70,1.00,127.67
12/02/2025 12:18:30:522,Moved,650.0001,110,-1.79,1.00,127.88
12/02/2025 12:18:30:543,Moved,652.5001,101.25,-1.79,1.00,127.89
12/02/2025 12:18:30:557,Moved,653.7501,97.49998,-1.83,1.00,127.97
12/02/2025 12:18:30:576,Moved,657.5001,91.24998,-1.84,1.00,127.99
12/02/2025 12:18:30:588,Moved,657.5001,86.24998,-1.86,1.00,128.05
12/02/2025 12:18:30:605,Moved,660.0001,79.99998,-1.87,1.00,128.08
12/02/2025 12:18:30:618,Moved,661.2501,76.24998,-1.89,1.00,128.13
12/02/2025 12:18:30:658,Moved,665.0001,66.24998,-1.90,1.00,128.15
12/02/2025 12:18:30:682,Moved,667.5001,61.24998,-1.98,1.00,128.33
12/02/2025 12:18:30:697,Moved,667.5001,58.74998,-2.00,1.00,128.39
12/02/2025 12:18:30:717,Moved,667.5001,57.49998,-2.01,1.00,128.40
12/02/2025 12:18:30:736,Moved,667.5001,56.24998,-2.01,1.00,128.41
12/02/2025 12:18:30:748,Stationary,667.5001,56.24998,-2.02,1.00,128.43
12/02/2025 12:18:30:774,Moved,668.7501,53.74998,-2.02,1.00,128.43
12/02/2025 12:18:30:825,Ended,668.7501,52.49998,-2.03,1.00,128.45
12/02/2025 12:18:30:825,Ended,668.75,52.50,-2.03,1.00,128.45
12/02/2025 12:18:31:300,Began,396.25,496.25,-2.03,1.00,128.45
12/02/2025 12:18:31:316,Moved,396.25,496.25,-2.03,1.00,128.45
12/02/2025 12:18:31:335,Moved,397.5,493.75,-2.03,1.00,128.45
12/02/2025 12:18:31:349,Moved,398.75,491.25,-2.04,1.00,128.48
12/02/2025 12:18:31:368,Moved,403.75,483.75,-2.05,1.00,128.49
12/02/2025 12:18:31:393,Moved,412.5,476.25,-2.07,1.00,128.55
12/02/2025 12:18:31:419,Moved,427.5,465,-2.11,1.00,128.64
12/02/2025 12:18:31:459,Moved,447.5,447.5,-2.17,1.00,128.78
12/02/2025 12:18:31:474,Moved,452.5,442.5,-2.30,1.00,129.10
12/02/2025 12:18:31:499,Moved,467.5,426.25,-2.32,1.00,129.13
12/02/2025 12:18:31:516,Moved,472.5,421.25,-2.40,1.00,129.33
12/02/2025 12:18:31:541,Moved,482.5,411.25,-2.41,1.00,129.36
12/02/2025 12:18:31:563,Moved,492.5,393.75,-2.46,1.00,129.48
12/02/2025 12:18:31:590,Moved,500,382.5,-2.54,1.00,129.67
12/02/2025 12:18:31:629,Moved,515,353.75,-2.60,1.00,129.81
12/02/2025 12:18:31:648,Moved,520,343.75,-2.82,1.00,130.33
12/02/2025 12:18:31:668,Moved,525,332.5,-2.86,1.00,130.42
12/02/2025 12:18:31:683,Moved,527.5,326.25,-2.90,1.00,130.52
12/02/2025 12:18:31:715,Moved,538.75,305,-2.92,1.00,130.57
12/02/2025 12:18:31:729,Moved,542.5,298.75,-3.05,1.00,130.87
12/02/2025 12:18:31:750,Moved,547.5,287.5,-3.07,1.00,130.91
12/02/2025 12:18:31:794,Moved,560,261.25,-3.11,1.00,131.00
12/02/2025 12:18:31:810,Moved,562.5,256.25,-3.35,1.00,131.58
12/02/2025 12:18:31:827,Moved,567.5,245,-3.36,1.00,131.61
12/02/2025 12:18:31:849,Moved,571.25,232.5,-3.40,1.00,131.70
12/02/2025 12:18:31:866,Moved,575,222.5,-3.45,1.00,131.83
12/02/2025 12:18:31:882,Moved,577.5,216.25,-3.49,1.00,131.91
12/02/2025 12:18:31:904,Moved,585,201.25,-3.51,1.00,131.96
12/02/2025 12:18:31:960,Moved,597.5,173.75,-3.57,1.00,132.10
12/02/2025 12:18:31:976,Moved,602.5,162.5,-3.87,1.00,132.81
12/02/2025 12:18:31:995,Moved,606.25,156.25,-3.90,1.00,132.90
12/02/2025 12:18:32:016,Moved,616.25,140,-3.93,1.00,132.95
12/02/2025 12:18:32:031,Moved,618.75,135,-3.99,1.00,133.10
12/02/2025 12:18:32:050,Moved,623.75,123.75,-4.01,1.00,133.14
12/02/2025 12:18:32:067,Moved,628.75,112.5,-4.05,1.00,133.24
12/02/2025 12:18:32:112,Moved,641.2501,89.99998,-4.08,1.00,133.32
12/02/2025 12:18:32:145,Moved,647.5001,78.74998,-4.28,1.00,133.79
12/02/2025 12:18:32:159,Moved,648.7501,76.24998,-4.35,1.00,133.96
12/02/2025 12:18:32:178,Moved,651.2501,69.99998,-4.36,1.00,133.98
12/02/2025 12:18:32:195,Moved,652.5001,66.24998,-4.38,1.00,134.03
12/02/2025 12:18:32:213,Moved,656.2501,58.74998,-4.40,1.00,134.06
12/02/2025 12:18:32:230,Moved,657.5001,56.24998,-4.42,1.00,134.13
12/02/2025 12:18:32:274,Moved,662.5001,46.24998,-4.43,1.00,134.15
12/02/2025 12:18:32:288,Stationary,662.5001,46.24998,-4.52,1.00,134.35
12/02/2025 12:18:32:308,Ended,662.5001,43.74998,-4.52,1.00,134.35
12/02/2025 12:18:32:308,Ended,662.50,43.75,-4.52,1.00,134.35
12/02/2025 12:18:32:790,Began,421.25,490,-4.52,1.00,134.35
12/02/2025 12:18:32:808,Moved,423.75,485,-4.52,1.00,134.35
12/02/2025 12:18:32:828,Moved,431.25,475,-4.53,1.00,134.39
12/02/2025 12:18:32:854,Moved,440,460,-4.57,1.00,134.48
12/02/2025 12:18:32:902,Moved,466.25,421.25,-4.65,1.00,134.67
12/02/2025 12:18:32:916,Moved,472.5,411.25,-5.00,1.00,135.50
12/02/2025 12:18:32:936,Moved,487.5,386.25,-5.03,1.00,135.56
12/02/2025 12:18:32:967,Moved,502.5,361.25,-5.14,1.00,135.82
12/02/2025 12:18:32:983,Moved,507.5,353.75,-5.28,1.00,136.16
12/02/2025 12:18:33:000,Moved,517.5,337.5,-5.31,1.00,136.22
12/02/2025 12:18:33:018,Moved,527.5,322.5,-5.36,1.00,136.35
12/02/2025 12:18:33:061,Moved,545,295,-5.41,1.00,136.47
12/02/2025 12:18:33:080,Moved,552.5,281.25,-5.64,1.00,137.01
12/02/2025 12:18:33:098,Moved,561.25,271.25,-5.69,1.00,137.13
12/02/2025 12:18:33:112,Moved,563.75,265,-5.73,1.00,137.22
12/02/2025 12:18:33:132,Moved,570,253.75,-5.74,1.00,137.26
12/02/2025 12:18:33:150,Moved,577.5,243.75,-5.79,1.00,137.36
12/02/2025 12:18:33:178,Moved,587.5,227.5,-5.82,1.00,137.45
12/02/2025 12:18:33:218,Moved,600,207.5,-5.91,1.00,137.64
12/02/2025 12:18:33:232,Moved,602.5,202.5,-6.06,1.00,138.01
12/02/2025 12:18:33:250,Moved,610,193.75,-6.07,1.00,138.04
12/02/2025 12:18:33:268,Moved,617.5,185,-6.10,1.00,138.11
12/02/2025 12:18:33:288,Moved,623.75,176.25,-6.14,1.00,138.19
12/02/2025 12:18:33:308,Moved,630,166.25,-6.17,1.00,138.26
12/02/2025 12:18:33:323,Moved,632.5,161.25,-6.21,1.00,138.36
12/02/2025 12:18:33:344,Moved,642.5001,148.75,-6.22,1.00,138.40
12/02/2025 12:18:33:385,Moved,653.7501,131.25,-6.27,1.00,138.51
12/02/2025 12:18:33:416,Moved,662.5001,118.75,-6.41,1.00,138.85
12/02/2025 12:18:33:429,Moved,663.7501,115,-6.49,1.00,139.02
12/02/2025 12:18:33:449,Moved,670.0001,106.25,-6.49,1.00,139.04
12/02/2025 12:18:33:463,Moved,672.5001,101.25,-6.53,1.00,139.12
12/02/2025 12:18:33:482,Moved,678.7501,88.74998,-6.54,1.00,139.15
12/02/2025 12:18:33:502,Moved,681.2501,84.99998,-6.59,1.00,139.28
12/02/2025 12:18:33:539,Moved,687.5001,71.24998,-6.61,1.00,139.31
12/02/2025 12:18:33:556,Moved,691.2501,64.99998,-6.71,1.00,139.55
12/02/2025 12:18:33:570,Moved,692.5001,61.24998,-6.73,1.00,139.60
12/02/2025 12:18:33:585,Moved,695.0001,56.24998,-6.74,1.00,139.62
12/02/2025 12:18:33:602,Moved,696.2501,49.99998,-6.75,1.00,139.65
12/02/2025 12:18:33:626,Moved,697.5001,42.49998,-6.78,1.00,139.71
12/02/2025 12:18:33:647,Ended,697.5001,38.74998,-6.81,1.00,139.79
12/02/2025 12:18:33:647,Ended,697.50,38.75,-6.81,1.00,139.79
12/02/2025 12:19:27:726,Began,553.75,407.5,0.00,1.00,0.00
12/02/2025 12:19:27:844,Moved,550,275,0.00,1.00,0.00
12/02/2025 12:19:27:898,Moved,547.5,212.5,0.00,1.00,8.82
12/02/2025 12:19:27:934,Moved,546.25,186.25,0.00,1.00,10.49
12/02/2025 12:19:27:963,Moved,546.25,158.75,0.00,1.00,10.98
12/02/2025 12:19:27:982,Moved,546.25,141.25,0.00,1.00,11.37
12/02/2025 12:19:28:004,Moved,547.5,113.75,0.00,1.00,11.54
12/02/2025 12:19:28:058,Moved,551.25,76.24998,0.00,1.00,11.83
12/02/2025 12:19:28:085,Moved,553.75,57.49998,0.00,1.00,12.83
12/02/2025 12:19:28:134,Ended,555,51.24998,0.00,1.00,13.10
12/02/2025 12:19:33:361,Began,531.25,456.25,0.00,1.00,13.10
12/02/2025 12:19:33:397,Moved,521.25,371.25,0.00,1.00,13.10
12/02/2025 12:19:33:416,Moved,520,352.5,0.00,1.00,14.70
12/02/2025 12:19:33:454,Moved,521.25,286.25,0.00,1.00,14.88
12/02/2025 12:19:33:479,Moved,522.5,237.5,0.00,1.00,16.11
12/02/2025 12:19:33:505,Moved,523.75,195,0.00,1.00,16.73
12/02/2025 12:19:33:523,Moved,523.75,182.5,0.00,1.00,17.31
12/02/2025 12:19:33:579,Moved,527.5,117.5,0.00,1.00,17.41
12/02/2025 12:19:33:600,Moved,528.75,99.99998,0.00,1.00,19.26
12/02/2025 12:19:33:620,Moved,530,82.49998,0.00,1.00,19.44
12/02/2025 12:19:33:639,Moved,532.5,67.49998,0.00,1.00,19.63
12/02/2025 12:19:33:659,Moved,532.5,52.49998,0.00,1.00,19.76
12/02/2025 12:19:33:678,Ended,532.5,52.49998,0.00,1.00,19.91
12/02/2025 12:19:34:384,Began,546.25,541.25,0.00,1.00,19.91
12/02/2025 12:19:34:402,Moved,545,528.75,0.00,1.00,19.91
12/02/2025 12:19:34:443,Moved,542.5,480,0.00,1.00,20.03
12/02/2025 12:19:34:477,Moved,543.75,438.75,0.00,1.00,21.02
12/02/2025 12:19:34:538,Moved,552.5,337.5,0.00,1.00,21.73
12/02/2025 12:19:34:554,Moved,553.75,325,0.00,1.00,24.81
12/02/2025 12:19:34:585,Moved,555,288.75,0.00,1.00,24.91
12/02/2025 12:19:34:606,Moved,555,266.25,0.00,1.00,25.46
12/02/2025 12:19:34:626,Moved,555,246.25,0.00,1.00,25.69
12/02/2025 12:19:34:647,Moved,555,226.25,0.00,1.00,25.88
12/02/2025 12:19:34:699,Moved,555,176.25,0.00,1.00,26.11
12/02/2025 12:19:34:722,Moved,556.25,161.25,0.00,1.00,27.42
12/02/2025 12:19:34:743,Moved,557.5,145,0.00,1.00,27.58
12/02/2025 12:19:34:762,Moved,557.5,127.5,0.00,1.00,27.76
12/02/2025 12:19:34:791,Moved,556.25,103.75,0.00,1.00,27.92
12/02/2025 12:19:34:816,Ended,555,96.24998,0.00,1.00,28.27
12/02/2025 12:19:35:436,Began,582.5,411.25,0.00,1.00,28.27
12/02/2025 12:19:35:453,Moved,582.5,400,0.00,1.00,28.27
12/02/2025 12:19:35:495,Moved,581.25,365,0.00,1.00,28.37
12/02/2025 12:19:35:537,Moved,580,328.75,0.00,1.00,29.08
12/02/2025 12:19:35:559,Moved,580,310,0.00,1.00,29.86
12/02/2025 12:19:35:593,Moved,578.75,281.25,0.00,1.00,30.07
12/02/2025 12:19:35:667,Moved,575,203.75,0.00,1.00,30.54
12/02/2025 12:19:35:687,Moved,575,183.75,0.00,1.00,33.38
12/02/2025 12:19:35:707,Moved,573.75,163.75,0.00,1.00,33.58
12/02/2025 12:19:35:727,Moved,573.75,143.75,0.00,1.00,33.77
12/02/2025 12:19:35:746,Moved,572.5,125,0.00,1.00,33.99
12/02/2025 12:19:35:803,Moved,572.5,73.74998,0.00,1.00,34.19
12/02/2025 12:19:35:831,Moved,572.5,53.74998,0.00,1.00,35.60
12/02/2025 12:19:35:854,Moved,572.5,41.24998,0.00,1.00,35.88
12/02/2025 12:19:35:877,Moved,572.5,31.24998,0.00,1.00,36.03
12/02/2025 12:19:35:900,Moved,571.25,19.99998,0.00,1.00,36.14
12/02/2025 12:19:35:960,Ended,568.75,11.24999,0.00,1.00,36.27
12/02/2025 12:19:36:301,Began,592.5,355,0.00,1.00,36.27
12/02/2025 12:19:36:327,Moved,592.5,355,0.00,1.00,36.27
12/02/2025 12:19:36:946,Began,522.5,285,0.00,1.00,36.27
12/02/2025 12:19:36:977,Moved,526.25,275,0.00,1.00,36.27
12/02/2025 12:19:37:018,Moved,541.25,243.75,-0.05,1.00,36.41
12/02/2025 12:19:37:085,Moved,572.5,191.25,-0.28,1.00,37.01
12/02/2025 12:19:37:120,Moved,587.5,165,-0.92,1.00,38.65
12/02/2025 12:19:37:138,Moved,590,160,-1.08,1.00,39.08
12/02/2025 12:19:37:169,Moved,600,136.25,-1.10,1.00,39.13
12/02/2025 12:19:37:242,Moved,617.5,99.99998,-1.24,1.00,39.48
12/02/2025 12:19:37:264,Moved,621.25,88.74998,-1.70,1.00,40.68
12/02/2025 12:19:37:285,Moved,625,77.49998,-1.75,1.00,40.80
12/02/2025 12:19:37:314,Moved,632.5,61.24998,-1.79,1.00,40.92
12/02/2025 12:19:37:336,Moved,637.5,51.24998,-1.87,1.00,41.13
12/02/2025 12:19:37:390,Moved,648.7501,23.74998,-1.91,1.00,41.23
12/02/2025 12:19:37:404,Moved,650.0001,19.99998,-2.18,1.00,41.92
12/02/2025 12:19:37:424,Moved,652.5001,11.24999,-2.19,1.00,41.95
12/02/2025 12:19:37:444,Moved,655.0001,2.499986,-2.22,1.00,42.02
12/02/2025 12:19:37:459,Moved,657.5001,-5.000014,-2.25,1.00,42.11
12/02/2025 12:19:37:491,Moved,657.5001,-13.75001,-2.27,1.00,42.16
12/02/2025 12:19:37:556,Ended,658.7501,-16.25002,-2.32,1.00,42.30
12/02/2025 12:19:38:050,Began,497.5,416.25,-2.32,1.00,42.30
12/02/2025 12:19:38:086,Moved,538.75,351.25,-2.32,1.00,42.30
12/02/2025 12:19:38:112,Moved,551.25,322.5,-2.77,1.00,43.44
12/02/2025 12:19:38:139,Moved,562.5,296.25,-2.90,1.00,43.78
12/02/2025 12:19:38:185,Moved,577.5,255,-3.02,1.00,44.11
12/02/2025 12:19:38:212,Moved,586.25,240,-3.37,1.00,44.99
12/02/2025 12:19:38:242,Moved,597.5,217.5,-3.44,1.00,45.17
12/02/2025 12:19:38:266,Moved,607.5,196.25,-3.56,1.00,45.50
12/02/2025 12:19:38:288,Moved,616.25,182.5,-3.65,1.00,45.73
12/02/2025 12:19:38:305,Moved,622.5,170,-3.71,1.00,45.87
12/02/2025 12:19:38:377,Moved,645.0001,121.25,-3.75,1.00,45.98
12/02/2025 12:19:38:407,Moved,652.5001,101.25,-4.37,1.00,47.58
12/02/2025 12:19:38:423,Moved,656.2501,87.49998,-4.48,1.00,47.87
12/02/2025 12:19:38:444,Moved,661.2501,73.74998,-4.52,1.00,47.98
12/02/2025 12:19:38:468,Moved,666.2501,61.24998,-4.57,1.00,48.10
12/02/2025 12:19:38:523,Moved,680.0001,22.49998,-4.62,1.00,48.25
12/02/2025 12:19:38:544,Moved,686.2501,9.999986,-5.00,1.00,49.23
12/02/2025 12:19:38:563,Ended,686.2501,9.999986,-5.05,1.00,49.36
12/02/2025 12:19:48:558,Began,525,436.25,-5.05,1.00,49.36
12/02/2025 12:19:48:574,Moved,522.5,421.25,-5.05,1.00,49.36
12/02/2025 12:19:48:619,Moved,520,357.5,-5.06,1.00,49.39
12/02/2025 12:19:48:694,Moved,536.25,266.25,-5.17,1.00,49.65
12/02/2025 12:19:48:725,Moved,542.5,232.5,-5.41,1.00,50.29
12/02/2025 12:19:48:745,Moved,547.5,213.75,-5.45,1.00,50.39
12/02/2025 12:19:48:765,Moved,551.25,196.25,-5.46,1.00,50.42
12/02/2025 12:19:48:785,Moved,555,180,-5.47,1.00,50.45
12/02/2025 12:19:48:841,Moved,560,132.5,-5.49,1.00,50.48
12/02/2025 12:19:48:883,Moved,562.5,102.5,-5.58,1.00,50.73
12/02/2025 12:19:48:901,Moved,566.25,89.99998,-5.63,1.00,50.85
12/02/2025 12:19:48:922,Moved,567.5,77.49998,-5.63,1.00,50.87
12/02/2025 12:19:48:943,Moved,568.75,64.99998,-5.64,1.00,50.89
12/02/2025 12:19:48:999,Moved,577.5,31.24998,-5.65,1.00,50.92
12/02/2025 12:19:49:019,Moved,580,26.24998,-5.72,1.00,51.09
12/02/2025 12:19:49:039,Moved,586.25,11.24999,-5.73,1.00,51.10
12/02/2025 12:19:49:068,Moved,592.5,-3.750014,-5.74,1.00,51.14
12/02/2025 12:19:49:082,Moved,593.75,-10.00001,-5.75,1.00,51.17
12/02/2025 12:19:49:102,Moved,596.25,-21.25002,-5.76,1.00,51.18
12/02/2025 12:19:49:154,Ended,598.75,-30.00002,-5.76,1.00,51.20
12/02/2025 12:19:49:574,Began,560,536.25,-5.76,1.00,51.20
12/02/2025 12:19:49:593,Moved,558.75,532.5,-5.76,1.00,51.20
12/02/2025 12:19:49:637,Moved,556.25,505,-5.77,1.00,51.21
12/02/2025 12:19:49:674,Moved,557.5,461.25,-5.81,1.00,51.32
12/02/2025 12:19:49:703,Moved,561.25,426.25,-5.87,1.00,51.47
12/02/2025 12:19:49:722,Moved,562.5,416.25,-5.90,1.00,51.57
12/02/2025 12:19:49:748,Moved,562.5,380,-5.91,1.00,51.58
12/02/2025 12:19:49:804,Moved,567.5,313.75,-5.94,1.00,51.67
12/02/2025 12:19:49:824,Moved,570,293.75,-6.08,1.00,52.01
12/02/2025 12:19:49:847,Moved,572.5,273.75,-6.09,1.00,52.06
12/02/2025 12:19:49:868,Moved,575,256.25,-6.11,1.00,52.10
12/02/2025 12:19:49:886,Moved,577.5,238.75,-6.12,1.00,52.13
12/02/2025 12:19:49:915,Moved,581.25,216.25,-6.13,1.00,52.16
12/02/2025 12:19:49:968,Moved,587.5,177.5,-6.16,1.00,52.22
12/02/2025 12:19:49:987,Moved,591.25,163.75,-6.23,1.00,52.41
12/02/2025 12:19:50:003,Moved,593.75,148.75,-6.24,1.00,52.43
12/02/2025 12:19:50:025,Moved,597.5,135,-6.25,1.00,52.46
12/02/2025 12:19:50:047,Moved,601.25,121.25,-6.26,1.00,52.48
12/02/2025 12:19:50:061,Moved,602.5,106.25,-6.27,1.00,52.51
12/02/2025 12:19:50:087,Moved,605,92.49998,-6.28,1.00,52.53
12/02/2025 12:19:50:142,Moved,612.5,53.74998,-6.29,1.00,52.57
12/02/2025 12:19:50:157,Moved,613.75,46.24998,-6.36,1.00,52.76
12/02/2025 12:19:50:180,Moved,617.5,29.99998,-6.37,1.00,52.77
12/02/2025 12:19:50:197,Moved,618.75,23.74998,-6.38,1.00,52.81
12/02/2025 12:19:50:222,Moved,622.5,6.249986,-6.39,1.00,52.82
12/02/2025 12:19:50:242,Moved,626.25,-3.750014,-6.40,1.00,52.86
12/02/2025 12:19:50:301,Ended,630,-25.00002,-6.41,1.00,52.88
12/02/2025 12:19:50:679,Began,592.5,587.5,-6.41,1.00,52.88
12/02/2025 12:19:50:695,Moved,592.5,587.5,-6.41,1.00,52.88
12/02/2025 12:19:50:721,Moved,593.75,581.25,-6.41,1.00,52.88
12/02/2025 12:19:50:771,Moved,597.5,511.25,-6.42,1.00,52.89
12/02/2025 12:19:50:804,Moved,600,440,-6.54,1.00,53.21
12/02/2025 12:19:50:829,Moved,601.25,401.25,-6.63,1.00,53.44
12/02/2025 12:19:50:850,Moved,602.5,366.25,-6.66,1.00,53.53
12/02/2025 12:19:50:868,Moved,602.5,331.25,-6.69,1.00,53.60
12/02/2025 12:19:50:891,Moved,602.5,296.25,-6.71,1.00,53.66
12/02/2025 12:19:50:947,Moved,602.5,203.75,-6.74,1.00,53.73
12/02/2025 12:19:50:979,Moved,607.5,161.25,-6.93,1.00,54.21
12/02/2025 12:19:50:998,Moved,610,136.25,-6.98,1.00,54.34
12/02/2025 12:19:51:018,Moved,613.75,116.25,-6.99,1.00,54.38
12/02/2025 12:19:51:042,Moved,617.5,88.74998,-7.01,1.00,54.42
12/02/2025 12:19:51:098,Moved,621.25,44.99998,-7.03,1.00,54.48
12/02/2025 12:19:51:119,Moved,621.25,24.99998,-7.12,1.00,54.71
12/02/2025 12:19:51:137,Moved,622.5,6.249986,-7.13,1.00,54.75
12/02/2025 12:19:51:155,Moved,625,-13.75001,-7.14,1.00,54.78
12/02/2025 12:19:51:186,Ended,627.5,-28.75002,-7.16,1.00,54.81
12/02/2025 12:19:56:842,Began,562.5,486.25,-7.16,1.00,54.81
12/02/2025 12:19:56:861,Moved,562.5,482.5,-7.16,1.00,54.81
12/02/2025 12:19:56:914,Moved,568.75,417.5,-7.17,1.00,54.85
12/02/2025 12:19:56:976,Moved,582.5,328.75,-7.78,1.00,56.43
12/02/2025 12:19:56:995,Moved,586.25,298.75,-8.79,1.00,59.03
12/02/2025 12:19:57:015,Moved,587.5,268.75,-8.89,1.00,59.31
12/02/2025 12:19:57:041,Moved,590,225,-9.00,1.00,59.58
12/02/2025 12:19:57:067,Moved,592.5,198.75,-9.21,1.00,60.12
12/02/2025 12:19:57:143,Moved,611.25,115,-9.33,1.00,60.44
12/02/2025 12:19:57:166,Moved,616.25,99.99998,-10.47,1.00,63.39
12/02/2025 12:19:57:190,Moved,622.5,78.74998,-10.53,1.00,63.54
12/02/2025 12:19:57:209,Moved,622.5,72.49998,-10.62,1.00,63.78
12/02/2025 12:19:57:227,Moved,627.5,61.24998,-10.64,1.00,63.84
12/02/2025 12:19:57:283,Moved,637.5,28.74998,-10.68,1.00,63.95
12/02/2025 12:19:57:313,Moved,642.5001,12.49999,-11.00,1.00,64.76
12/02/2025 12:19:57:343,Moved,647.5001,-1.250014,-11.09,1.00,65.00
12/02/2025 12:19:57:365,Moved,647.5001,-10.00001,-11.16,1.00,65.19
12/02/2025 12:19:57:384,Ended,647.5001,-10.00001,-11.20,1.00,65.28
12/02/2025 12:19:57:909,Began,513.75,506.25,-11.20,1.00,65.28
12/02/2025 12:19:57:936,Moved,516.25,501.25,-11.20,1.00,65.28
12/02/2025 12:19:57:984,Moved,527.5,460,-11.22,1.00,65.34
12/02/2025 12:19:58:015,Moved,535,432.5,-11.59,1.00,66.28
12/02/2025 12:19:58:070,Moved,546.25,386.25,-11.74,1.00,66.68
12/02/2025 12:19:58:088,Moved,550,367.5,-12.20,1.00,67.86
12/02/2025 12:19:58:106,Moved,552.5,348.75,-12.26,1.00,68.02
12/02/2025 12:19:58:129,Moved,555,330,-12.32,1.00,68.18
12/02/2025 12:19:58:164,Moved,560,291.25,-12.39,1.00,68.38
12/02/2025 12:19:58:184,Moved,561.25,281.25,-12.64,1.00,69.01
12/02/2025 12:19:58:239,Moved,567.5,228.75,-12.68,1.00,69.11
12/02/2025 12:19:58:262,Moved,567.5,213.75,-13.21,1.00,70.48
12/02/2025 12:19:58:285,Moved,570,192.5,-13.27,1.00,70.64
12/02/2025 12:19:58:307,Moved,571.25,180,-13.36,1.00,70.87
12/02/2025 12:19:58:327,Moved,572.5,166.25,-13.40,1.00,70.99
12/02/2025 12:19:58:346,Moved,572.5,155,-13.45,1.00,71.12
12/02/2025 12:19:58:417,Moved,577.5,112.5,-13.50,1.00,71.23
12/02/2025 12:19:58:435,Moved,577.5,101.25,-14.03,1.00,72.61
12/02/2025 12:19:58:456,Moved,581.25,88.74998,-14.07,1.00,72.70
12/02/2025 12:19:58:477,Moved,582.5,76.24998,-14.11,1.00,72.83
12/02/2025 12:19:58:495,Moved,585,66.24998,-14.16,1.00,72.95
12/02/2025 12:19:58:515,Moved,587.5,56.24998,-14.19,1.00,73.03
12/02/2025 12:19:58:565,Moved,592.5,34.99998,-14.23,1.00,73.13
12/02/2025 12:19:58:597,Moved,596.25,24.99998,-14.42,1.00,73.61
12/02/2025 12:19:58:619,Ended,597.5,21.24998,-14.47,1.00,73.76
12/02/2025 12:19:59:100,Began,563.75,546.25,-14.47,1.00,73.76
12/02/2025 12:19:59:116,Moved,562.5,541.25,-14.47,1.00,73.76
12/02/2025 12:19:59:153,Moved,561.25,515,-14.49,1.00,73.80
12/02/2025 12:19:59:203,Moved,563.75,457.5,-14.66,1.00,74.25
12/02/2025 12:19:59:235,Moved,567.5,411.25,-15.18,1.00,75.59
12/02/2025 12:19:59:251,Moved,568.75,400,-15.45,1.00,76.30
12/02/2025 12:19:59:269,Moved,570,377.5,-15.48,1.00,76.37
12/02/2025 12:19:59:290,Moved,571.25,355,-15.56,1.00,76.58
12/02/2025 12:19:59:302,Moved,571.25,342.5,-15.65,1.00,76.80
12/02/2025 12:19:59:323,Moved,572.5,321.25,-15.67,1.00,76.87
12/02/2025 12:19:59:375,Moved,577.5,265,-15.75,1.00,77.07
12/02/2025 12:19:59:391,Moved,578.75,256.25,-16.27,1.00,78.43
12/02/2025 12:19:59:408,Moved,582.5,240,-16.30,1.00,78.50
12/02/2025 12:19:59:441,Moved,585,216.25,-16.35,1.00,78.61
12/02/2025 12:19:59:462,Moved,587.5,202.5,-16.49,1.00,78.99
12/02/2025 12:19:59:480,Moved,590,188.75,-16.54,1.00,79.12
12/02/2025 12:19:59:534,Moved,597.5,151.25,-16.59,1.00,79.24
12/02/2025 12:19:59:548,Moved,597.5,145,-16.95,1.00,80.17
12/02/2025 12:19:59:569,Moved,598.75,132.5,-16.96,1.00,80.21
12/02/2025 12:19:59:587,Moved,600,121.25,-17.01,1.00,80.34
12/02/2025 12:19:59:609,Moved,601.25,111.25,-17.04,1.00,80.42
12/02/2025 12:19:59:641,Moved,602.5,96.24998,-17.09,1.00,80.53
12/02/2025 12:19:59:695,Ended,606.25,81.24998,-17.17,1.00,80.75
12/02/2025 12:20:00:077,Began,407.5,136.25,-17.17,1.00,80.75
12/02/2025 12:20:00:866,Began,556.25,360,-17.17,1.00,80.75
12/02/2025 12:20:00:881,Moved,557.5,351.25,-17.17,1.00,80.75
12/02/2025 12:20:00:902,Moved,557.5,342.5,-17.15,1.00,80.82
12/02/2025 12:20:00:989,Moved,550,251.25,-17.12,1.00,80.90
12/02/2025 12:20:01:011,Moved,547.5,235,-15.77,1.00,84.62
12/02/2025 12:20:01:032,Moved,547.5,221.25,-15.70,1.00,84.81
12/02/2025 12:20:01:056,Moved,546.25,201.25,-15.65,1.00,84.94
12/02/2025 12:20:01:104,Moved,546.25,176.25,-15.57,1.00,85.17
12/02/2025 12:20:01:131,Moved,547.5,161.25,-15.36,1.00,85.74
12/02/2025 12:20:01:145,Moved,547.5,156.25,-15.30,1.00,85.92
12/02/2025 12:20:01:163,Moved,548.75,147.5,-15.28,1.00,85.95
12/02/2025 12:20:01:180,Moved,548.75,143.75,-15.25,1.00,86.03
12/02/2025 12:20:01:195,Moved,550,135,-15.24,1.00,86.06
12/02/2025 12:20:01:216,Moved,551.25,126.25,-15.22,1.00,86.12
12/02/2025 12:20:01:259,Moved,552.5,107.5,-15.19,1.00,86.21
12/02/2025 12:20:01:277,Moved,552.5,98.74998,-15.05,1.00,86.59
12/02/2025 12:20:01:294,Moved,552.5,88.74998,-15.02,1.00,86.67
12/02/2025 12:20:01:306,Moved,552.5,84.99998,-15.00,1.00,86.75
12/02/2025 12:20:01:334,Moved,552.5,71.24998,-14.99,1.00,86.77
12/02/2025 12:20:01:350,Moved,552.5,67.49998,-14.92,1.00,86.94
12/02/2025 12:20:01:365,Moved,552.5,61.24998,-14.91,1.00,86.97
12/02/2025 12:20:01:375,Moved,552.5,56.24998,-14.90,1.00,87.02
12/02/2025 12:20:01:417,Moved,553.75,46.24998,-14.89,1.00,87.04
12/02/2025 12:20:01:433,Moved,555,41.24998,-14.82,1.00,87.24
12/02/2025 12:20:01:445,Stationary,555,41.24998,-14.80,1.00,87.28
12/02/2025 12:20:01:477,Ended,555,39.99998,-14.80,1.00,87.28
12/02/2025 12:20:01:903,Began,606.25,456.25,-14.80,1.00,87.28
12/02/2025 12:20:01:936,Moved,603.75,412.5,-14.80,1.00,87.28
12/02/2025 12:20:01:979,Moved,603.75,363.75,-14.54,1.00,88.01
12/02/2025 12:20:01:995,Moved,602.5,351.25,-14.19,1.00,88.97
12/02/2025 12:20:02:023,Moved,602.5,315,-14.15,1.00,89.07
12/02/2025 12:20:02:087,Moved,598.75,237.5,-13.98,1.00,89.55
12/02/2025 12:20:02:105,Moved,597.5,227.5,-13.14,1.00,91.86
12/02/2025 12:20:02:127,Moved,597.5,198.75,-13.11,1.00,91.94
12/02/2025 12:20:02:149,Moved,597.5,181.25,-13.00,1.00,92.25
12/02/2025 12:20:02:181,Moved,597.5,155,-12.93,1.00,92.43
12/02/2025 12:20:02:243,Moved,600,106.25,-12.79,1.00,92.81
12/02/2025 12:20:02:270,Moved,602.5,84.99998,-12.27,1.00,94.25
12/02/2025 12:20:02:292,Moved,602.5,71.24998,-12.17,1.00,94.51
12/02/2025 12:20:02:327,Moved,605,53.74998,-12.12,1.00,94.66
12/02/2025 12:20:02:350,Moved,607.5,37.49998,-12.02,1.00,94.95
12/02/2025 12:20:02:402,Moved,615,17.49998,-11.96,1.00,95.12
12/02/2025 12:20:02:436,Moved,618.75,7.499986,-11.78,1.00,95.60
12/02/2025 12:20:02:460,Ended,620,6.249986,-11.72,1.00,95.77
12/02/2025 12:20:02:970,Began,627.5,431.25,-11.72,1.00,95.77
12/02/2025 12:20:03:007,Moved,628.75,388.75,-11.72,1.00,95.77
12/02/2025 12:20:03:040,Moved,631.25,360,-11.44,1.00,96.53
12/02/2025 12:20:03:070,Moved,632.5,331.25,-11.28,1.00,96.97
12/02/2025 12:20:03:089,Moved,632.5,322.5,-11.14,1.00,97.37
12/02/2025 12:20:03:110,Moved,633.75,296.25,-11.11,1.00,97.45
12/02/2025 12:20:03:128,Moved,633.75,286.25,-11.01,1.00,97.72
12/02/2025 12:20:03:150,Moved,636.25,261.25,-10.98,1.00,97.79
12/02/2025 12:20:03:169,Moved,636.25,245,-10.89,1.00,98.05
12/02/2025 12:20:03:219,Moved,637.5,206.25,-10.83,1.00,98.21
12/02/2025 12:20:03:238,Moved,637.5,200,-10.51,1.00,99.09
12/02/2025 12:20:03:254,Moved,638.75,186.25,-10.49,1.00,99.15
12/02/2025 12:20:03:282,Moved,640,166.25,-10.45,1.00,99.25
12/02/2025 12:20:03:302,Moved,641.2501,155,-10.36,1.00,99.50
12/02/2025 12:20:03:321,Moved,642.5001,143.75,-10.32,1.00,99.61
12/02/2025 12:20:03:371,Moved,646.2501,120,-10.28,1.00,99.72
12/02/2025 12:20:03:395,Moved,647.5001,106.25,-10.09,1.00,100.25
12/02/2025 12:20:03:414,Moved,647.5001,101.25,-10.03,1.00,100.42
12/02/2025 12:20:03:435,Moved,648.7501,91.24998,-10.01,1.00,100.46
12/02/2025 12:20:03:464,Moved,651.2501,76.24998,-9.98,1.00,100.56
12/02/2025 12:20:03:499,Moved,653.7501,57.49998,-9.91,1.00,100.76
12/02/2025 12:20:03:559,Moved,657.5001,37.49998,-9.79,1.00,101.06
12/02/2025 12:20:03:584,Moved,660.0001,32.49998,-9.59,1.00,101.63
12/02/2025 12:20:03:625,Moved,661.2501,26.24998,-9.57,1.00,101.69
12/02/2025 12:20:03:650,Ended,662.5001,24.99998,-9.52,1.00,101.81
12/02/2025 12:20:04:143,Began,621.25,561.25,-9.52,1.00,101.81
12/02/2025 12:20:04:164,Moved,622.5,558.75,-9.52,1.00,101.81
12/02/2025 12:20:04:195,Moved,622.5,547.5,-9.51,1.00,101.84
12/02/2025 12:20:04:225,Moved,625,527.5,-9.46,1.00,101.99
12/02/2025 12:20:04:263,Moved,627.5,497.5,-9.35,1.00,102.30
12/02/2025 12:20:04:318,Moved,628.75,458.75,-9.15,1.00,102.83
12/02/2025 12:20:04:340,Moved,628.75,433.75,-8.79,1.00,103.82
12/02/2025 12:20:04:376,Moved,630,406.25,-8.69,1.00,104.10
12/02/2025 12:20:04:395,Moved,632.5,387.5,-8.53,1.00,104.55
12/02/2025 12:20:04:415,Moved,633.75,370,-8.47,1.00,104.72
12/02/2025 12:20:04:473,Moved,638.75,321.25,-8.41,1.00,104.88
12/02/2025 12:20:04:501,Moved,641.2501,298.75,-7.94,1.00,106.18
12/02/2025 12:20:04:528,Moved,642.5001,276.25,-7.82,1.00,106.49
12/02/2025 12:20:04:547,Moved,642.5001,270,-7.72,1.00,106.78
12/02/2025 12:20:04:583,Moved,645.0001,240,-7.70,1.00,106.83
12/02/2025 12:20:04:642,Moved,646.2501,191.25,-7.51,1.00,107.34
12/02/2025 12:20:04:663,Moved,647.5001,172.5,-7.04,1.00,108.65
12/02/2025 12:20:04:675,Moved,647.5001,163.75,-6.97,1.00,108.85
12/02/2025 12:20:04:703,Moved,650.0001,136.25,-6.95,1.00,108.90
12/02/2025 12:20:04:724,Moved,651.2501,120,-6.82,1.00,109.26
12/02/2025 12:20:04:745,Moved,652.5001,103.75,-6.76,1.00,109.42
12/02/2025 12:20:04:803,Moved,660.0001,64.99998,-6.70,1.00,109.58
12/02/2025 12:20:04:850,Moved,667.5001,46.24998,-6.32,1.00,110.63
12/02/2025 12:20:04:868,Moved,671.2501,42.49998,-6.17,1.00,111.04
12/02/2025 12:20:04:882,Moved,672.5001,41.24998,-6.16,1.00,111.07
12/02/2025 12:20:04:903,Ended,672.5001,41.24998,-6.16,1.00,111.08
12/02/2025 12:20:05:459,Began,647.5001,523.75,-6.16,1.00,111.08
12/02/2025 12:20:05:477,Moved,647.5001,520,-6.16,1.00,111.08
12/02/2025 12:20:05:513,Moved,647.5001,492.5,-6.14,1.00,111.11
12/02/2025 12:20:05:528,Moved,647.5001,482.5,-5.98,1.00,111.57
12/02/2025 12:20:05:581,Moved,647.5001,420,-5.96,1.00,111.63
12/02/2025 12:20:05:598,Moved,647.5001,410,-5.37,1.00,113.26
12/02/2025 12:20:05:619,Moved,647.5001,387.5,-5.34,1.00,113.34
12/02/2025 12:20:05:635,Moved,647.5001,367.5,-5.26,1.00,113.56
12/02/2025 12:20:05:664,Moved,645.0001,337.5,-5.20,1.00,113.71
12/02/2025 12:20:05:686,Moved,643.7501,318.75,-5.06,1.00,114.11
12/02/2025 12:20:05:735,Moved,641.2501,272.5,-4.98,1.00,114.31
12/02/2025 12:20:05:754,Moved,640,256.25,-4.60,1.00,115.37
12/02/2025 12:20:05:772,Moved,640,240,-4.54,1.00,115.52
12/02/2025 12:20:05:795,Moved,638.75,223.75,-4.50,1.00,115.65
12/02/2025 12:20:05:815,Moved,638.75,210,-4.43,1.00,115.82
12/02/2025 12:20:05:839,Moved,638.75,188.75,-4.38,1.00,115.96
12/02/2025 12:20:05:900,Moved,637.5,152.5,-4.30,1.00,116.19
12/02/2025 12:20:05:917,Moved,636.25,146.25,-3.93,1.00,117.22
12/02/2025 12:20:05:933,Moved,636.25,136.25,-3.91,1.00,117.27
12/02/2025 12:20:05:952,Moved,636.25,131.25,-3.88,1.00,117.35
12/02/2025 12:20:05:972,Moved,635,116.25,-3.86,1.00,117.39
12/02/2025 12:20:05:991,Moved,636.25,106.25,-3.81,1.00,117.54
12/02/2025 12:20:06:040,Moved,637.5,86.24998,-3.78,1.00,117.63
12/02/2025 12:20:06:070,Moved,638.75,76.24998,-3.61,1.00,118.08
12/02/2025 12:20:06:085,Moved,640,71.24998,-3.56,1.00,118.23
12/02/2025 12:20:06:110,Moved,642.5001,62.49998,-3.55,1.00,118.26
12/02/2025 12:20:06:132,Moved,643.7501,56.24998,-3.51,1.00,118.36
12/02/2025 12:20:06:155,Moved,646.2501,51.24998,-3.49,1.00,118.42
12/02/2025 12:20:06:205,Ended,648.7501,42.49998,-3.47,1.00,118.48
12/02/2025 12:20:06:725,Began,633.75,528.75,-3.47,1.00,118.48
12/02/2025 12:20:06:744,Moved,633.75,521.25,-3.47,1.00,118.48
12/02/2025 12:20:06:784,Moved,635,496.25,-3.44,1.00,118.55
12/02/2025 12:20:06:835,Moved,636.25,463.75,-3.28,1.00,119.01
12/02/2025 12:20:06:849,Moved,636.25,457.5,-2.99,1.00,119.79
12/02/2025 12:20:06:868,Moved,636.25,445,-2.98,1.00,119.83
12/02/2025 12:20:06:893,Moved,636.25,426.25,-2.94,1.00,119.95
12/02/2025 12:20:06:910,Moved,636.25,420,-2.85,1.00,120.17
12/02/2025 12:20:06:924,Moved,635,406.25,-2.84,1.00,120.22
12/02/2025 12:20:06:943,Moved,635,392.5,-2.80,1.00,120.32
12/02/2025 12:20:06:987,Moved,632.5,362.5,-2.76,1.00,120.44
12/02/2025 12:20:07:005,Moved,631.25,347.5,-2.54,1.00,121.05
12/02/2025 12:20:07:023,Moved,630,333.75,-2.49,1.00,121.18
12/02/2025 12:20:07:036,Moved,628.75,326.25,-2.44,1.00,121.30
12/02/2025 12:20:07:053,Moved,627.5,312.5,-2.43,1.00,121.34
12/02/2025 12:20:07:069,Moved,627.5,306.25,-2.39,1.00,121.45
12/02/2025 12:20:07:098,Moved,625,286.25,-2.37,1.00,121.50
12/02/2025 12:20:07:134,Moved,621.25,261.25,-2.28,1.00,121.76
12/02/2025 12:20:07:149,Moved,620,255,-2.12,1.00,122.19
12/02/2025 12:20:07:171,Moved,617.5,236.25,-2.10,1.00,122.24
12/02/2025 12:20:07:183,Moved,617.5,231.25,-2.03,1.00,122.43
12/02/2025 12:20:07:203,Moved,616.25,220,-2.02,1.00,122.46
12/02/2025 12:20:07:229,Moved,615,210,-1.99,1.00,122.56
12/02/2025 12:20:07:248,Moved,615,198.75,-1.94,1.00,122.68
12/02/2025 12:20:07:270,Moved,613.75,187.5,-1.90,1.00,122.79
12/02/2025 12:20:07:311,Moved,612.5,161.25,-1.86,1.00,122.90
12/02/2025 12:20:07:337,Moved,612.5,146.25,-1.68,1.00,123.40
12/02/2025 12:20:07:352,Moved,612.5,141.25,-1.61,1.00,123.59
12/02/2025 12:20:07:371,Moved,612.5,131.25,-1.60,1.00,123.62
12/02/2025 12:20:07:394,Moved,612.5,121.25,-1.57,1.00,123.72
12/02/2025 12:20:07:414,Moved,612.5,111.25,-1.53,1.00,123.82
12/02/2025 12:20:07:463,Moved,613.75,86.24998,-1.49,1.00,123.91
12/02/2025 12:20:07:487,Moved,613.75,69.99998,-1.28,1.00,124.49
12/02/2025 12:20:07:505,Moved,613.75,64.99998,-1.22,1.00,124.67
12/02/2025 12:20:07:529,Moved,615,51.24998,-1.20,1.00,124.71
12/02/2025 12:20:07:563,Moved,615,41.24998,-1.15,1.00,124.87
12/02/2025 12:20:07:581,Moved,615,33.74998,-1.09,1.00,125.03
12/02/2025 12:20:07:637,Ended,612.5,21.24998,-1.06,1.00,125.10
12/02/2025 12:20:08:228,Began,517.5,590,-1.06,1.00,125.10
12/02/2025 12:20:08:243,Moved,517.5,590,-1.06,1.00,125.10
12/02/2025 12:20:08:268,Moved,520,586.25,-1.06,1.00,125.10
12/02/2025 12:20:08:282,Moved,525,577.5,-1.05,1.00,125.15
12/02/2025 12:20:08:314,Moved,532.5,560,-1.03,1.00,125.20
12/02/2025 12:20:08:344,Moved,538.75,537.5,-0.93,1.00,125.47
12/02/2025 12:20:08:361,Moved,540,531.25,-0.81,1.00,125.78
12/02/2025 12:20:08:435,Moved,545,458.75,-0.79,1.00,125.84
12/02/2025 12:20:08:453,Moved,546.25,438.75,0.08,1.00,128.25
12/02/2025 12:20:08:473,Moved,547.5,418.75,0.15,1.00,128.45
12/02/2025 12:20:08:491,Moved,547.5,408.75,0.22,1.00,128.63
12/02/2025 12:20:08:513,Moved,550,378.75,0.25,1.00,128.70
12/02/2025 12:20:08:560,Moved,560,335,0.36,1.00,129.03
12/02/2025 12:20:08:579,Moved,562.5,326.25,0.72,1.00,130.00
12/02/2025 12:20:08:615,Moved,570,296.25,0.74,1.00,130.08
12/02/2025 12:20:08:632,Moved,572.5,281.25,0.93,1.00,130.60
12/02/2025 12:20:08:654,Moved,577.5,266.25,0.98,1.00,130.71
12/02/2025 12:20:08:674,Moved,578.75,253.75,1.03,1.00,130.87
12/02/2025 12:20:08:719,Moved,582.5,223.75,1.07,1.00,130.99
12/02/2025 12:20:08:735,Moved,582.5,217.5,1.31,1.00,131.63
12/02/2025 12:20:08:751,Moved,581.25,203.75,1.32,1.00,131.67
12/02/2025 12:20:08:773,Moved,580,190,1.37,1.00,131.78
12/02/2025 12:20:08:803,Moved,577.5,167.5,1.42,1.00,131.92
12/02/2025 12:20:08:841,Moved,577.5,137.5,1.53,1.00,132.23
12/02/2025 12:20:08:888,Moved,577.5,99.99998,1.73,1.00,132.78
12/02/2025 12:20:08:901,Moved,577.5,92.49998,2.02,1.00,133.59
12/02/2025 12:20:08:923,Moved,577.5,79.99998,2.04,1.00,133.64
12/02/2025 12:20:08:941,Moved,577.5,68.74998,2.08,1.00,133.76
12/02/2025 12:20:08:953,Moved,577.5,63.74998,2.12,1.00,133.86
12/02/2025 12:20:08:972,Moved,577.5,54.99998,2.13,1.00,133.89
12/02/2025 12:20:08:988,Moved,577.5,48.74998,2.16,1.00,133.96
12/02/2025 12:20:09:002,Moved,577.5,46.24998,2.17,1.00,134.01
12/02/2025 12:20:09:049,Ended,577.5,41.24998,2.18,1.00,134.03
12/02/2025 12:20:09:620,Began,597.5,535,2.18,1.00,134.03
12/02/2025 12:20:09:648,Moved,597.5,525,2.18,1.00,134.03
12/02/2025 12:20:09:685,Moved,600,495,2.23,1.00,134.16
12/02/2025 12:20:09:727,Moved,602.5,463.75,2.42,1.00,134.69
12/02/2025 12:20:09:745,Moved,602.5,448.75,2.63,1.00,135.28
12/02/2025 12:20:09:767,Moved,601.25,431.25,2.68,1.00,135.42
12/02/2025 12:20:09:785,Moved,600,415,2.75,1.00,135.59
12/02/2025 12:20:09:834,Moved,595,372.5,2.80,1.00,135.73
12/02/2025 12:20:09:850,Moved,593.75,365,3.15,1.00,136.70
12/02/2025 12:20:09:872,Moved,591.25,340,3.17,1.00,136.76
12/02/2025 12:20:09:889,Moved,590,331.25,3.27,1.00,137.03
12/02/2025 12:20:09:922,Moved,585,295,3.30,1.00,137.10
12/02/2025 12:20:09:938,Moved,582.5,286.25,3.50,1.00,137.65
12/02/2025 12:20:09:992,Moved,577.5,240,3.52,1.00,137.71
12/02/2025 12:20:10:007,Moved,577.5,231.25,3.95,1.00,138.91
12/02/2025 12:20:10:025,Moved,575,218.75,3.98,1.00,138.98
12/02/2025 12:20:10:043,Moved,573.75,205,4.01,1.00,139.08
12/02/2025 12:20:10:060,Moved,572.5,198.75,4.06,1.00,139.20
12/02/2025 12:20:10:079,Moved,572.5,186.25,4.08,1.00,139.25
12/02/2025 12:20:10:099,Moved,571.25,167.5,4.12,1.00,139.37
12/02/2025 12:20:10:152,Moved,568.75,141.25,4.19,1.00,139.55
12/02/2025 12:20:10:166,Moved,568.75,135,4.42,1.00,140.19
12/02/2025 12:20:10:190,Moved,567.5,120,4.43,1.00,140.23
12/02/2025 12:20:10:204,Moved,567.5,115,4.49,1.00,140.40
12/02/2025 12:20:10:222,Moved,567.5,106.25,4.50,1.00,140.43
12/02/2025 12:20:10:239,Moved,566.25,96.24998,4.53,1.00,140.51
12/02/2025 12:20:10:255,Moved,565,91.24998,4.56,1.00,140.59
12/02/2025 12:20:10:304,Moved,562.5,73.74998,4.58,1.00,140.63
12/02/2025 12:20:10:333,Moved,562.5,66.24998,4.72,1.00,141.02
12/02/2025 12:20:10:349,Moved,562.5,63.74998,4.76,1.00,141.12
12/02/2025 12:20:10:365,Moved,562.5,59.99998,4.76,1.00,141.14
12/02/2025 12:20:10:383,Moved,563.75,56.24998,4.77,1.00,141.17
12/02/2025 12:20:10:400,Moved,563.75,54.99998,4.79,1.00,141.20
12/02/2025 12:20:10:413,Moved,563.75,53.74998,4.79,1.00,141.21
12/02/2025 12:20:10:457,Ended,563.75,52.49998,4.79,1.00,141.22
12/02/2025 12:20:10:865,Began,570,557.5,4.79,1.00,141.22
12/02/2025 12:20:10:883,Moved,570,557.5,4.79,1.00,141.22
12/02/2025 12:20:10:906,Moved,571.25,556.25,4.79,1.00,141.22
12/02/2025 12:20:10:920,Moved,571.25,552.5,4.80,1.00,141.23
12/02/2025 12:20:10:933,Moved,572.5,541.25,4.81,1.00,141.26
12/02/2025 12:20:10:965,Moved,576.25,518.75,4.83,1.00,141.33
12/02/2025 12:20:10:980,Moved,576.25,510,4.95,1.00,141.66
12/02/2025 12:20:10:996,Moved,577.5,491.25,4.97,1.00,141.72
12/02/2025 12:20:11:013,Moved,577.5,481.25,5.03,1.00,141.89
12/02/2025 12:20:11:028,Moved,577.5,461.25,5.06,1.00,141.96
12/02/2025 12:20:11:042,Moved,577.5,451.25,5.11,1.00,142.10
12/02/2025 12:20:11:082,Moved,577.5,405,5.14,1.00,142.17
12/02/2025 12:20:11:099,Moved,577.5,396.25,5.46,1.00,143.05
12/02/2025 12:20:11:117,Moved,577.5,377.5,5.48,1.00,143.11
12/02/2025 12:20:11:138,Moved,577.5,361.25,5.54,1.00,143.28
12/02/2025 12:20:11:167,Moved,578.75,340,5.60,1.00,143.44
12/02/2025 12:20:11:187,Moved,580,326.25,5.70,1.00,143.73
12/02/2025 12:20:11:204,Moved,581.25,311.25,5.75,1.00,143.85
12/02/2025 12:20:11:253,Moved,585,276.25,5.80,1.00,143.98
12/02/2025 12:20:11:265,Moved,586.25,267.5,6.08,1.00,144.76
12/02/2025 12:20:11:286,Moved,587.5,252.5,6.10,1.00,144.82
12/02/2025 12:20:11:303,Moved,591.25,237.5,6.15,1.00,144.96
12/02/2025 12:20:11:319,Moved,592.5,230,6.20,1.00,145.09
12/02/2025 12:20:11:335,Moved,595,215,6.22,1.00,145.14
12/02/2025 12:20:11:355,Moved,597.5,200,6.26,1.00,145.26
12/02/2025 12:20:11:385,Moved,600,175,6.31,1.00,145.39
12/02/2025 12:20:11:428,Moved,602.5,143.75,6.44,1.00,145.74
12/02/2025 12:20:11:443,Moved,603.75,130,6.66,1.00,146.37
12/02/2025 12:20:11:458,Moved,605,123.75,6.70,1.00,146.47
12/02/2025 12:20:11:473,Moved,607.5,111.25,6.72,1.00,146.51
12/02/2025 12:20:11:490,Moved,607.5,106.25,6.75,1.00,146.61
12/02/2025 12:20:11:506,Moved,608.75,94.99998,6.77,1.00,146.65
12/02/2025 12:20:11:524,Moved,610,86.24998,6.80,1.00,146.74
12/02/2025 12:20:11:539,Moved,611.25,77.49998,6.82,1.00,146.81
12/02/2025 12:20:11:580,Moved,613.75,64.99998,6.85,1.00,146.88
12/02/2025 12:20:11:613,Ended,615,61.24998,6.93,1.00,147.11
12/02/2025 12:20:12:050,Began,372.5,163.75,6.93,1.00,147.11
12/02/2025 12:20:12:067,Moved,372.5,163.75,6.93,1.00,147.11
12/02/2025 12:20:13:169,Began,612.5,546.25,6.93,1.00,147.11
12/02/2025 12:20:13:180,Moved,612.5,546.25,6.93,1.00,147.11
12/02/2025 12:20:13:203,Moved,613.75,543.75,6.93,1.00,147.11
12/02/2025 12:20:13:212,Moved,616.25,541.25,6.93,1.00,147.13
12/02/2025 12:20:13:229,Moved,617.5,531.25,6.92,1.00,147.15
12/02/2025 12:20:13:249,Moved,621.25,516.25,6.91,1.00,147.22
12/02/2025 12:20:13:278,Moved,623.75,493.75,6.88,1.00,147.38
12/02/2025 12:20:13:320,Moved,627.5,461.25,6.81,1.00,147.70
12/02/2025 12:20:13:335,Moved,627.5,451.25,6.68,1.00,148.35
12/02/2025 12:20:13:353,Moved,628.75,431.25,6.67,1.00,148.43
12/02/2025 12:20:13:371,Moved,631.25,410,6.63,1.00,148.60
12/02/2025 12:20:13:384,Moved,632.5,397.5,6.59,1.00,148.80
12/02/2025 12:20:13:401,Moved,632.5,373.75,6.58,1.00,148.88
12/02/2025 12:20:13:415,Moved,633.75,361.25,6.54,1.00,149.07
12/02/2025 12:20:13:432,Moved,637.5,323.75,6.52,1.00,149.14
12/02/2025 12:20:13:470,Moved,640,287.5,6.45,1.00,149.52
12/02/2025 12:20:13:497,Moved,642.5001,255,6.32,1.00,150.15
12/02/2025 12:20:13:510,Moved,642.5001,243.75,6.23,1.00,150.59
12/02/2025 12:20:13:529,Moved,642.5001,222.5,6.22,1.00,150.67
12/02/2025 12:20:13:544,Moved,642.5001,212.5,6.18,1.00,150.87
12/02/2025 12:20:13:561,Moved,641.2501,192.5,6.16,1.00,150.94
12/02/2025 12:20:13:574,Moved,641.2501,183.75,6.13,1.00,151.10
12/02/2025 12:20:13:592,Moved,640,166.25,6.12,1.00,151.16
12/02/2025 12:20:13:629,Moved,637.5,132.5,6.09,1.00,151.31
12/02/2025 12:20:13:642,Moved,637.5,123.75,5.97,1.00,151.91
12/02/2025 12:20:13:658,Moved,635,106.25,5.96,1.00,151.97
12/02/2025 12:20:13:678,Moved,633.75,89.99998,5.93,1.00,152.10
12/02/2025 12:20:13:712,Moved,632.5,67.49998,5.90,1.00,152.27
12/02/2025 12:20:13:730,Moved,632.5,54.99998,5.82,1.00,152.63
12/02/2025 12:20:13:749,Moved,632.5,43.74998,5.80,1.00,152.75
12/02/2025 12:20:13:789,Moved,631.25,27.49998,5.78,1.00,152.85
12/02/2025 12:20:13:808,Moved,631.25,22.49998,5.72,1.00,153.17
12/02/2025 12:20:13:825,Moved,631.25,18.74998,5.71,1.00,153.22
12/02/2025 12:20:13:840,Ended,631.25,18.74998,5.70,1.00,153.25
12/02/2025 12:20:14:739,Began,573.75,567.5,5.70,1.00,153.25
12/02/2025 12:20:14:762,Moved,575,565,5.70,1.00,153.25
12/02/2025 12:20:14:782,Moved,577.5,555,5.69,1.00,153.28
12/02/2025 12:20:14:809,Moved,583.75,526.25,5.67,1.00,153.38
12/02/2025 12:20:14:824,Moved,586.25,515,5.60,1.00,153.74
12/02/2025 12:20:14:841,Moved,588.75,491.25,5.59,1.00,153.83
12/02/2025 12:20:14:863,Moved,592.5,465,5.54,1.00,154.04
12/02/2025 12:20:14:906,Moved,596.25,395,5.49,1.00,154.30
12/02/2025 12:20:14:921,Moved,596.25,381.25,5.19,1.00,155.79
12/02/2025 12:20:14:952,Moved,595,336.25,5.17,1.00,155.90
12/02/2025 12:20:14:969,Moved,595,308.75,5.04,1.00,156.56
12/02/2025 12:20:14:984,Moved,595,296.25,4.99,1.00,156.80
12/02/2025 12:20:15:000,Moved,595,272.5,4.97,1.00,156.89
12/02/2025 12:20:15:017,Moved,596.25,251.25,4.93,1.00,157.08
12/02/2025 12:20:15:058,Moved,597.5,215,4.90,1.00,157.25
12/02/2025 12:20:15:072,Moved,597.5,206.25,4.76,1.00,157.95
12/02/2025 12:20:15:090,Moved,597.5,191.25,4.75,1.00,158.02
12/02/2025 12:20:15:109,Moved,597.5,178.75,4.72,1.00,158.15
12/02/2025 12:20:15:128,Moved,597.5,166.25,4.69,1.00,158.27
12/02/2025 12:20:15:158,Moved,598.75,146.25,4.67,1.00,158.38
12/02/2025 12:20:15:177,Moved,600,133.75,4.61,1.00,158.67
12/02/2025 12:20:15:226,Moved,602.5,101.25,4.59,1.00,158.79
12/02/2025 12:20:15:248,Moved,602.5,88.74998,4.43,1.00,159.57
12/02/2025 12:20:15:268,Moved,602.5,76.24998,4.41,1.00,159.71
12/02/2025 12:20:15:290,Moved,602.5,66.24998,4.38,1.00,159.83
12/02/2025 12:20:15:312,Moved,603.75,52.49998,4.36,1.00,159.94
12/02/2025 12:20:15:330,Moved,603.75,49.99998,4.33,1.00,160.09
12/02/2025 12:20:15:385,Ended,603.75,46.24998,4.33,1.00,160.11
12/02/2025 12:20:15:862,Began,617.5,540,4.33,1.00,160.11
12/02/2025 12:20:15:881,Moved,617.5,536.25,4.33,1.00,160.11
12/02/2025 12:20:15:924,Moved,622.5,506.25,4.32,1.00,160.14
12/02/2025 12:20:15:960,Moved,627.5,471.25,4.19,1.00,160.78
12/02/2025 12:20:16:009,Moved,630,422.5,4.07,1.00,161.38
12/02/2025 12:20:16:027,Moved,630,413.75,3.83,1.00,162.59
12/02/2025 12:20:16:042,Moved,630,393.75,3.82,1.00,162.66
12/02/2025 12:20:16:057,Moved,628.75,383.75,3.78,1.00,162.83
12/02/2025 12:20:16:076,Moved,628.75,355,3.77,1.00,162.90
12/02/2025 12:20:16:089,Moved,628.75,346.25,3.71,1.00,163.18
12/02/2025 12:20:16:109,Moved,628.75,326.25,3.70,1.00,163.23
12/02/2025 12:20:16:124,Moved,628.75,316.25,3.66,1.00,163.42
12/02/2025 12:20:16:168,Moved,631.25,271.25,3.65,1.00,163.50
12/02/2025 12:20:16:197,Moved,632.5,247.5,3.46,1.00,164.45
12/02/2025 12:20:16:212,Moved,632.5,241.25,3.39,1.00,164.79
12/02/2025 12:20:16:222,Moved,632.5,233.75,3.38,1.00,164.83
12/02/2025 12:20:16:240,Moved,632.5,220,3.37,1.00,164.87
12/02/2025 12:20:16:253,Moved,632.5,212.5,3.35,1.00,164.99
12/02/2025 12:20:16:267,Moved,632.5,198.75,3.34,1.00,165.04
12/02/2025 12:20:16:283,Moved,632.5,192.5,3.32,1.00,165.14
12/02/2025 12:20:16:318,Moved,631.25,170,3.31,1.00,165.19
12/02/2025 12:20:16:331,Moved,631.25,163.75,3.23,1.00,165.58
12/02/2025 12:20:16:349,Moved,631.25,153.75,3.22,1.00,165.62
12/02/2025 12:20:16:361,Moved,630,147.5,3.20,1.00,165.70
12/02/2025 12:20:16:379,Moved,630,136.25,3.20,1.00,165.74
12/02/2025 12:20:16:405,Moved,628.75,121.25,3.18,1.00,165.84
12/02/2025 12:20:16:419,Moved,628.75,116.25,3.14,1.00,166.03
12/02/2025 12:20:16:436,Moved,627.5,106.25,3.13,1.00,166.06
12/02/2025 12:20:16:480,Moved,627.5,86.24998,3.11,1.00,166.15
12/02/2025 12:20:16:501,Moved,627.5,76.24998,3.03,1.00,166.59
12/02/2025 12:20:16:529,Moved,627.5,66.24998,3.01,1.00,166.69
12/02/2025 12:20:16:548,Moved,627.5,56.24998,2.98,1.00,166.82
12/02/2025 12:20:16:561,Moved,627.5,52.49998,2.96,1.00,166.92
12/02/2025 12:20:16:581,Ended,627.5,49.99998,2.96,1.00,166.94
12/02/2025 12:20:17:004,Began,577.5,580,2.96,1.00,166.94
12/02/2025 12:20:17:024,Moved,577.5,580,2.96,1.00,166.94
12/02/2025 12:20:17:050,Moved,578.75,567.5,2.96,1.00,166.94
12/02/2025 12:20:17:074,Moved,581.25,553.75,2.92,1.00,167.10
12/02/2025 12:20:17:110,Moved,583.75,521.25,2.89,1.00,167.26
12/02/2025 12:20:17:122,Moved,585,513.75,2.77,1.00,167.85
12/02/2025 12:20:17:137,Moved,586.25,506.25,2.77,1.00,167.90
12/02/2025 12:20:17:153,Moved,588.75,490,2.75,1.00,167.95
12/02/2025 12:20:17:170,Moved,591.25,482.5,2.73,1.00,168.08
12/02/2025 12:20:17:189,Moved,595,461.25,2.72,1.00,168.13
12/02/2025 12:20:17:220,Moved,600,442.5,2.67,1.00,168.35
12/02/2025 12:20:17:234,Moved,601.25,436.25,2.62,1.00,168.63
12/02/2025 12:20:17:273,Moved,605,413.75,2.61,1.00,168.67
12/02/2025 12:20:17:286,Moved,606.25,407.5,2.53,1.00,169.08
12/02/2025 12:20:17:303,Moved,607.5,396.25,2.52,1.00,169.12
12/02/2025 12:20:17:318,Moved,607.5,391.25,2.50,1.00,169.22
12/02/2025 12:20:17:338,Moved,610,372.5,2.49,1.00,169.25
12/02/2025 12:20:17:351,Moved,611.25,366.25,2.46,1.00,169.43
12/02/2025 12:20:17:367,Moved,612.5,360,2.45,1.00,169.48
12/02/2025 12:20:17:387,Moved,612.5,340,2.44,1.00,169.52
12/02/2025 12:20:17:425,Moved,613.75,321.25,2.40,1.00,169.72
12/02/2025 12:20:17:461,Moved,615,296.25,2.33,1.00,170.07
12/02/2025 12:20:17:475,Moved,613.75,290,2.24,1.00,170.50
12/02/2025 12:20:17:493,Moved,613.75,277.5,2.23,1.00,170.55
12/02/2025 12:20:17:510,Moved,612.5,265,2.21,1.00,170.66
12/02/2025 12:20:17:525,Moved,612.5,258.75,2.19,1.00,170.76
12/02/2025 12:20:17:541,Moved,610,245,2.18,1.00,170.81
12/02/2025 12:20:17:579,Moved,606.25,215,2.16,1.00,170.93
12/02/2025 12:20:17:594,Moved,605,207.5,2.05,1.00,171.47
12/02/2025 12:20:17:611,Moved,603.75,193.75,2.04,1.00,171.53
12/02/2025 12:20:17:625,Moved,602.5,186.25,2.01,1.00,171.64
12/02/2025 12:20:17:662,Moved,601.25,160,2.00,1.00,171.70
12/02/2025 12:20:17:681,Moved,601.25,147.5,1.91,1.00,172.17
12/02/2025 12:20:17:699,Moved,600,135,1.89,1.00,172.28
12/02/2025 12:20:17:739,Moved,600,111.25,1.86,1.00,172.40
12/02/2025 12:20:17:754,Moved,598.75,106.25,1.77,1.00,172.86
12/02/2025 12:20:17:772,Moved,598.75,96.24998,1.76,1.00,172.89
12/02/2025 12:20:17:789,Moved,597.5,84.99998,1.75,1.00,172.98
12/02/2025 12:20:17:802,Moved,597.5,79.99998,1.73,1.00,173.07
12/02/2025 12:20:17:822,Moved,597.5,69.99998,1.72,1.00,173.11
12/02/2025 12:20:17:840,Moved,596.25,62.49998,1.70,1.00,173.20
12/02/2025 12:20:17:875,Ended,593.75,58.74998,1.69,1.00,173.27
12/02/2025 12:20:18:321,Began,610,545,1.69,1.00,173.27
12/02/2025 12:20:18:336,Moved,611.25,543.75,1.69,1.00,173.27
12/02/2025 12:20:18:363,Moved,612.5,530,1.69,1.00,173.28
12/02/2025 12:20:18:391,Moved,617.5,505,1.65,1.00,173.46
12/02/2025 12:20:18:418,Moved,617.5,486.25,1.58,1.00,173.81
12/02/2025 12:20:18:435,Moved,618.75,468.75,1.53,1.00,174.06
12/02/2025 12:20:18:449,Moved,618.75,460,1.50,1.00,174.21
12/02/2025 12:20:18:467,Moved,620,441.25,1.49,1.00,174.27
12/02/2025 12:20:18:503,Moved,620,406.25,1.45,1.00,174.45
12/02/2025 12:20:18:541,Moved,621.25,371.25,1.33,1.00,175.04
12/02/2025 12:20:18:550,Moved,621.25,362.5,1.20,1.00,175.69
12/02/2025 12:20:18:564,Moved,622.5,353.75,1.19,1.00,175.73
12/02/2025 12:20:18:582,Moved,622.5,336.25,1.18,1.00,175.79
12/02/2025 12:20:18:594,Moved,623.75,326.25,1.15,1.00,175.94
12/02/2025 12:20:18:611,Moved,626.25,306.25,1.14,1.00,176.00
12/02/2025 12:20:18:624,Moved,627.5,295,1.11,1.00,176.17
12/02/2025 12:20:18:641,Moved,630,275,1.09,1.00,176.24
12/02/2025 12:20:18:660,Moved,631.25,263.75,1.06,1.00,176.41
12/02/2025 12:20:18:705,Moved,637.5,213.75,1.04,1.00,176.51
12/02/2025 12:20:18:739,Moved,641.2501,176.25,0.82,1.00,177.60
12/02/2025 12:20:18:753,Moved,642.5001,167.5,0.69,1.00,178.25
12/02/2025 12:20:18:771,Moved,642.5001,151.25,0.68,1.00,178.30
12/02/2025 12:20:18:788,Moved,643.7501,143.75,0.65,1.00,178.46
12/02/2025 12:20:18:804,Moved,645.0001,130,0.64,1.00,178.51
12/02/2025 12:20:18:823,Moved,646.2501,116.25,0.61,1.00,178.63
12/02/2025 12:20:18:868,Moved,646.2501,86.24998,0.59,1.00,178.76
12/02/2025 12:20:18:880,Moved,646.2501,81.24998,0.46,1.00,179.40
12/02/2025 12:20:18:900,Moved,647.5001,68.74998,0.45,1.00,179.44
12/02/2025 12:20:18:921,Moved,647.5001,56.24998,0.43,1.00,179.55
12/02/2025 12:20:18:953,Moved,647.5001,43.74998,0.40,1.00,179.68
12/02/2025 12:20:18:973,Moved,647.5001,37.49998,0.36,1.00,179.88
12/02/2025 12:20:18:990,Ended,647.5001,37.49998,0.35,1.00,179.93
12/02/2025 12:20:19:389,Began,607.5,570,0.35,1.00,179.93
12/02/2025 12:20:19:403,Moved,607.5,570,0.35,1.00,179.93
12/02/2025 12:20:19:428,Stationary,607.5,570,0.35,1.00,179.93
12/02/2025 12:20:19:453,Moved,610,556.25,0.35,1.00,179.93
12/02/2025 12:20:19:483,Moved,612.5,527.5,0.32,1.00,180.10
12/02/2025 12:20:19:534,Moved,617.5,466.25,0.23,1.00,180.54
12/02/2025 12:20:19:549,Moved,617.5,451.25,-0.08,1.00,182.06
12/02/2025 12:20:19:579,Moved,621.25,410,-0.10,1.00,182.18
12/02/2025 12:20:19:593,Moved,622.5,396.25,-0.22,1.00,182.78
12/02/2025 12:20:19:607,Moved,623.75,371.25,-0.24,1.00,182.87
12/02/2025 12:20:19:624,Moved,625,348.75,-0.28,1.00,183.08
12/02/2025 12:20:19:639,Moved,626.25,338.75,-0.32,1.00,183.26
12/02/2025 12:20:19:682,Moved,627.5,291.25,-0.33,1.00,183.33
12/02/2025 12:20:19:697,Moved,627.5,281.25,-0.53,1.00,184.32
12/02/2025 12:20:19:710,Moved,627.5,273.75,-0.54,1.00,184.39
12/02/2025 12:20:19:728,Moved,628.75,257.5,-0.55,1.00,184.44
12/02/2025 12:20:19:742,Moved,628.75,251.25,-0.58,1.00,184.58
12/02/2025 12:20:19:758,Moved,630,236.25,-0.59,1.00,184.62
12/02/2025 12:20:19:789,Moved,631.25,216.25,-0.61,1.00,184.74
12/02/2025 12:20:19:806,Moved,632.5,202.5,-0.67,1.00,185.03
12/02/2025 12:20:19:847,Moved,632.5,176.25,-0.70,1.00,185.16
12/02/2025 12:20:19:864,Moved,632.5,162.5,-0.80,1.00,185.68
12/02/2025 12:20:19:877,Moved,632.5,156.25,-0.82,1.00,185.79
12/02/2025 12:20:19:897,Moved,632.5,140,-0.83,1.00,185.83
12/02/2025 12:20:19:914,Moved,632.5,123.75,-0.86,1.00,185.98
12/02/2025 12:20:19:929,Moved,632.5,115,-0.89,1.00,186.14
12/02/2025 12:20:19:944,Moved,632.5,97.49998,-0.90,1.00,186.19
12/02/2025 12:20:19:960,Moved,632.5,89.99998,-0.93,1.00,186.33
12/02/2025 12:20:20:004,Moved,633.75,49.99998,-0.94,1.00,186.39
12/02/2025 12:20:20:034,Moved,633.75,28.74998,-1.12,1.00,187.27
12/02/2025 12:20:20:056,Ended,633.75,22.49998,-1.18,1.00,187.59
12/02/2025 12:27:11:331,Began,537.5,270,0.00,1.00,0.00
12/02/2025 12:27:11:331,Began,537.50,270.00,0.00,1.00,0.00
12/02/2025 12:27:11:425,Moved,537.5,145,0.00,1.00,0.00
12/02/2025 12:27:11:425,Moved,537.50,145.00,0.00,1.00,3.57
12/02/2025 12:27:11:458,Moved,537.5,121.25,0.00,1.00,3.57
12/02/2025 12:27:11:458,Moved,537.50,121.25,0.00,1.00,3.63
12/02/2025 12:27:11:482,Moved,537.5,101.25,0.00,1.00,3.63
12/02/2025 12:27:11:482,Moved,537.50,101.25,0.00,1.00,3.67
12/02/2025 12:27:11:525,Moved,537.5,76.24998,0.00,1.00,3.67
12/02/2025 12:27:11:525,Moved,537.50,76.25,0.00,1.00,3.77
12/02/2025 12:27:11:538,Moved,537.5,69.99998,0.00,1.00,3.77
12/02/2025 12:27:11:538,Moved,537.50,70.00,0.00,1.00,3.78
12/02/2025 12:27:11:554,Moved,536.25,56.24998,0.00,1.00,3.78
12/02/2025 12:27:11:554,Moved,536.25,56.25,0.00,1.00,3.78
12/02/2025 12:27:11:573,Moved,535,42.49998,0.00,1.00,3.78
12/02/2025 12:27:11:573,Moved,535.00,42.50,0.00,1.00,3.80
12/02/2025 12:27:11:590,Moved,535,37.49998,0.00,1.00,3.80
12/02/2025 12:27:11:590,Moved,535.00,37.50,0.00,1.00,3.80
12/02/2025 12:27:11:607,Moved,533.75,26.24998,0.00,1.00,3.80
12/02/2025 12:27:11:607,Moved,533.75,26.25,0.00,1.00,3.81
12/02/2025 12:27:11:625,Moved,533.75,16.24998,0.00,1.00,3.81
12/02/2025 12:27:11:625,Moved,533.75,16.25,0.00,1.00,3.82
12/02/2025 12:27:11:645,Moved,532.5,6.249986,0.00,1.00,3.82
12/02/2025 12:27:11:645,Moved,532.50,6.25,0.00,1.00,3.83
12/02/2025 12:27:11:714,Ended,532.5,6.249986,0.00,1.00,3.83
12/02/2025 12:27:11:714,Ended,532.50,6.25,0.00,1.00,3.83
12/02/2025 12:27:12:465,Began,582.5,521.25,0.00,1.00,3.83
12/02/2025 12:27:12:465,Began,582.50,521.25,0.00,1.00,3.83
12/02/2025 12:27:12:491,Moved,582.5,526.25,0.00,1.00,3.83
12/02/2025 12:27:12:491,Moved,582.50,526.25,0.00,1.00,3.82
12/02/2025 12:27:12:505,Moved,582.5,527.5,0.00,1.00,3.82
12/02/2025 12:27:12:505,Moved,582.50,527.50,0.00,1.00,3.82
12/02/2025 12:27:12:533,Moved,582.5,528.75,0.00,1.00,3.82
12/02/2025 12:27:12:533,Moved,582.50,528.75,0.00,1.00,3.82
12/02/2025 12:27:12:550,Stationary,582.5,528.75,0.00,1.00,3.82
12/02/2025 12:27:12:572,Moved,580,515,0.00,1.00,3.82
12/02/2025 12:27:12:572,Moved,580.00,515.00,0.00,1.00,3.84
12/02/2025 12:27:12:605,Moved,577.5,488.75,0.00,1.00,3.84
12/02/2025 12:27:12:605,Moved,577.50,488.75,0.00,1.00,3.91
12/02/2025 12:27:12:655,Moved,575,441.25,0.00,1.00,3.91
12/02/2025 12:27:12:655,Moved,575.00,441.25,0.00,1.00,4.20
12/02/2025 12:27:12:680,Moved,573.75,421.25,0.00,1.00,4.20
12/02/2025 12:27:12:680,Moved,573.75,421.25,0.00,1.00,4.23
12/02/2025 12:27:12:712,Moved,573.75,381.25,0.00,1.00,4.23
12/02/2025 12:27:12:712,Moved,573.75,381.25,0.00,1.00,4.34
12/02/2025 12:27:12:726,Moved,573.75,370,0.00,1.00,4.34
12/02/2025 12:27:12:726,Moved,573.75,370.00,0.00,1.00,4.34
12/02/2025 12:27:12:745,Moved,575,348.75,0.00,1.00,4.34
12/02/2025 12:27:12:745,Moved,575.00,348.75,0.00,1.00,4.37
12/02/2025 12:27:12:761,Moved,576.25,338.75,0.00,1.00,4.37
12/02/2025 12:27:12:761,Moved,576.25,338.75,0.00,1.00,4.37
12/02/2025 12:27:12:814,Moved,572.5,276.25,0.00,1.00,4.37
12/02/2025 12:27:12:814,Moved,572.50,276.25,0.00,1.00,4.80
12/02/2025 12:27:12:829,Moved,572.5,267.5,0.00,1.00,4.80
12/02/2025 12:27:12:829,Moved,572.50,267.50,0.00,1.00,4.81
12/02/2025 12:27:12:850,Moved,571.25,251.25,0.00,1.00,4.81
12/02/2025 12:27:12:850,Moved,571.25,251.25,0.00,1.00,4.82
12/02/2025 12:27:12:864,Moved,570,237.5,0.00,1.00,4.82
12/02/2025 12:27:12:864,Moved,570.00,237.50,0.00,1.00,4.83
12/02/2025 12:27:12:885,Moved,568.75,223.75,0.00,1.00,4.83
12/02/2025 12:27:12:885,Moved,568.75,223.75,0.00,1.00,4.84
12/02/2025 12:27:12:908,Moved,567.5,211.25,0.00,1.00,4.84
12/02/2025 12:27:12:908,Moved,567.50,211.25,0.00,1.00,4.86
12/02/2025 12:27:12:927,Moved,567.5,200,0.00,1.00,4.86
12/02/2025 12:27:12:927,Moved,567.50,200.00,0.00,1.00,4.87
12/02/2025 12:27:12:972,Moved,565,171.25,0.00,1.00,4.87
12/02/2025 12:27:12:972,Moved,565.00,171.25,0.00,1.00,5.01
12/02/2025 12:27:12:985,Moved,565,166.25,0.00,1.00,5.01
12/02/2025 12:27:12:985,Moved,565.00,166.25,0.00,1.00,5.01
12/02/2025 12:27:13:004,Moved,565,155,0.00,1.00,5.01
12/02/2025 12:27:13:004,Moved,565.00,155.00,0.00,1.00,5.02
12/02/2025 12:27:13:033,Moved,563.75,137.5,0.00,1.00,5.02
12/02/2025 12:27:13:033,Moved,563.75,137.50,0.00,1.00,5.06
12/02/2025 12:27:13:055,Moved,563.75,127.5,0.00,1.00,5.06
12/02/2025 12:27:13:055,Moved,563.75,127.50,0.00,1.00,5.07
12/02/2025 12:27:13:072,Moved,562.5,117.5,0.00,1.00,5.07
12/02/2025 12:27:13:072,Moved,562.50,117.50,0.00,1.00,5.08
12/02/2025 12:27:13:089,Moved,562.5,112.5,0.00,1.00,5.08
12/02/2025 12:27:13:089,Moved,562.50,112.50,0.00,1.00,5.08
12/02/2025 12:27:13:147,Moved,562.5,83.74998,0.00,1.00,5.08
12/02/2025 12:27:13:147,Moved,562.50,83.75,0.00,1.00,5.34
12/02/2025 12:27:13:173,Moved,562.5,74.99998,0.00,1.00,5.34
12/02/2025 12:27:13:173,Moved,562.50,75.00,0.00,1.00,5.36
12/02/2025 12:27:13:187,Moved,562.5,71.24998,0.00,1.00,5.36
12/02/2025 12:27:13:187,Moved,562.50,71.25,0.00,1.00,5.36
12/02/2025 12:27:13:213,Moved,563.75,56.24998,0.00,1.00,5.36
12/02/2025 12:27:13:213,Moved,563.75,56.25,0.00,1.00,5.38
12/02/2025 12:27:13:230,Moved,565,47.49998,0.00,1.00,5.38
12/02/2025 12:27:13:230,Moved,565.00,47.50,0.00,1.00,5.39
12/02/2025 12:27:13:251,Moved,565,38.74998,0.00,1.00,5.39
12/02/2025 12:27:13:251,Moved,565.00,38.75,0.00,1.00,5.40
12/02/2025 12:27:13:296,Ended,563.75,26.24998,0.00,1.00,5.40
12/02/2025 12:27:13:296,Ended,563.75,26.25,0.00,1.00,5.40
12/02/2025 12:27:13:790,Began,535,477.5,0.00,1.00,5.40
12/02/2025 12:27:13:790,Began,535.00,477.50,0.00,1.00,5.40
12/02/2025 12:27:13:811,Moved,533.75,470,0.00,1.00,5.40
12/02/2025 12:27:13:811,Moved,533.75,470.00,0.00,1.00,5.41
12/02/2025 12:27:13:842,Moved,531.25,426.25,0.00,1.00,5.41
12/02/2025 12:27:13:842,Moved,531.25,426.25,0.00,1.00,5.51
12/02/2025 12:27:13:876,Moved,531.25,390,0.00,1.00,5.51
12/02/2025 12:27:13:876,Moved,531.25,390.00,0.00,1.00,5.61
12/02/2025 12:27:13:926,Moved,533.75,328.75,0.00,1.00,5.61
12/02/2025 12:27:13:926,Moved,533.75,328.75,0.00,1.00,5.99
12/02/2025 12:27:13:954,Moved,536.25,297.5,0.00,1.00,5.99
12/02/2025 12:27:13:954,Moved,536.25,297.50,0.00,1.00,6.05
12/02/2025 12:27:13:977,Moved,537.5,278.75,0.00,1.00,6.05
12/02/2025 12:27:13:977,Moved,537.50,278.75,0.00,1.00,6.08
12/02/2025 12:27:13:995,Moved,538.75,260,0.00,1.00,6.08
12/02/2025 12:27:13:995,Moved,538.75,260.00,0.00,1.00,6.09
12/02/2025 12:27:14:027,Moved,540,231.25,0.00,1.00,6.09
12/02/2025 12:27:14:027,Moved,540.00,231.25,0.00,1.00,6.16
12/02/2025 12:27:14:047,Moved,540,212.5,0.00,1.00,6.16
12/02/2025 12:27:14:047,Moved,540.00,212.50,0.00,1.00,6.18
12/02/2025 12:27:14:086,Moved,540,173.75,0.00,1.00,6.18
12/02/2025 12:27:14:086,Moved,540.00,173.75,0.00,1.00,6.33
12/02/2025 12:27:14:105,Moved,538.75,155,0.00,1.00,6.33
12/02/2025 12:27:14:105,Moved,538.75,155.00,0.00,1.00,6.35
12/02/2025 12:27:14:118,Moved,538.75,146.25,0.00,1.00,6.35
12/02/2025 12:27:14:118,Moved,538.75,146.25,0.00,1.00,6.35
12/02/2025 12:27:14:138,Moved,540,127.5,0.00,1.00,6.35
12/02/2025 12:27:14:138,Moved,540.00,127.50,0.00,1.00,6.37
12/02/2025 12:27:14:163,Moved,540,102.5,0.00,1.00,6.37
12/02/2025 12:27:14:163,Moved,540.00,102.50,0.00,1.00,6.41
12/02/2025 12:27:14:180,Moved,541.25,96.24998,0.00,1.00,6.41
12/02/2025 12:27:14:180,Moved,541.25,96.25,0.00,1.00,6.42
12/02/2025 12:27:14:209,Moved,541.25,73.74998,0.00,1.00,6.42
12/02/2025 12:27:14:209,Moved,541.25,73.75,0.00,1.00,6.46
12/02/2025 12:27:14:254,Moved,541.25,41.24998,0.00,1.00,6.46
12/02/2025 12:27:14:254,Moved,541.25,41.25,0.00,1.00,6.63
12/02/2025 12:27:14:274,Moved,541.25,31.24998,0.00,1.00,6.63
12/02/2025 12:27:14:274,Moved,541.25,31.25,0.00,1.00,6.64
12/02/2025 12:27:14:289,Moved,541.25,26.24998,0.00,1.00,6.64
12/02/2025 12:27:14:289,Moved,541.25,26.25,0.00,1.00,6.64
12/02/2025 12:27:14:303,Moved,541.25,17.49998,0.00,1.00,6.64
12/02/2025 12:27:14:303,Moved,541.25,17.50,0.00,1.00,6.65
12/02/2025 12:27:14:325,Ended,541.25,13.74999,0.00,1.00,6.65
12/02/2025 12:27:14:325,Ended,541.25,13.75,0.00,1.00,6.65
12/02/2025 12:27:14:853,Began,541.25,520,0.00,1.00,6.65
12/02/2025 12:27:14:853,Began,541.25,520.00,0.00,1.00,6.65
12/02/2025 12:27:14:878,Moved,542.5,508.75,0.00,1.00,6.65
12/02/2025 12:27:14:878,Moved,542.50,508.75,0.00,1.00,6.67
12/02/2025 12:27:14:919,Moved,545,468.75,0.00,1.00,6.67
12/02/2025 12:27:14:919,Moved,545.00,468.75,0.00,1.00,6.82
12/02/2025 12:27:14:950,Moved,545,432.5,0.00,1.00,6.82
12/02/2025 12:27:14:950,Moved,545.00,432.50,0.00,1.00,6.92
12/02/2025 12:27:14:970,Moved,545,408.75,0.00,1.00,6.92
12/02/2025 12:27:14:970,Moved,545.00,408.75,0.00,1.00,6.94
12/02/2025 12:27:14:990,Moved,545,385,0.00,1.00,6.94
12/02/2025 12:27:14:990,Moved,545.00,385.00,0.00,1.00,6.96
12/02/2025 12:27:15:027,Moved,546.25,341.25,0.00,1.00,6.96
12/02/2025 12:27:15:027,Moved,546.25,341.25,0.00,1.00,7.12
12/02/2025 12:27:15:087,Moved,547.5,280,0.00,1.00,7.12
12/02/2025 12:27:15:087,Moved,547.50,280.00,0.00,1.00,7.66
12/02/2025 12:27:15:105,Moved,547.5,268.75,0.00,1.00,7.66
12/02/2025 12:27:15:105,Moved,547.50,268.75,0.00,1.00,7.67
12/02/2025 12:27:15:129,Moved,547.5,236.25,0.00,1.00,7.67
12/02/2025 12:27:15:129,Moved,547.50,236.25,0.00,1.00,7.72
12/02/2025 12:27:15:148,Moved,547.5,215,0.00,1.00,7.72
12/02/2025 12:27:15:148,Moved,547.50,215.00,0.00,1.00,7.74
12/02/2025 12:27:15:167,Moved,548.75,192.5,0.00,1.00,7.74
12/02/2025 12:27:15:167,Moved,548.75,192.50,0.00,1.00,7.76
12/02/2025 12:27:15:187,Moved,548.75,172.5,0.00,1.00,7.76
12/02/2025 12:27:15:187,Moved,548.75,172.50,0.00,1.00,7.78
12/02/2025 12:27:15:235,Moved,547.5,123.75,0.00,1.00,7.78
12/02/2025 12:27:15:235,Moved,547.50,123.75,0.00,1.00,8.06
12/02/2025 12:27:15:265,Moved,546.25,96.24998,0.00,1.00,8.06
12/02/2025 12:27:15:265,Moved,546.25,96.25,0.00,1.00,8.12
12/02/2025 12:27:15:283,Moved,545,89.99998,0.00,1.00,8.12
12/02/2025 12:27:15:283,Moved,545.00,90.00,0.00,1.00,8.13
12/02/2025 12:27:15:306,Moved,543.75,64.99998,0.00,1.00,8.13
12/02/2025 12:27:15:306,Moved,543.75,65.00,0.00,1.00,8.15
12/02/2025 12:27:15:322,Moved,543.75,57.49998,0.00,1.00,8.15
12/02/2025 12:27:15:322,Moved,543.75,57.50,0.00,1.00,8.16
12/02/2025 12:27:15:345,Moved,542.5,34.99998,0.00,1.00,8.16
12/02/2025 12:27:15:345,Moved,542.50,35.00,0.00,1.00,8.19
12/02/2025 12:27:15:394,Ended,541.25,21.24998,0.00,1.00,8.19
12/02/2025 12:27:15:394,Ended,541.25,21.25,0.00,1.00,8.19
12/02/2025 12:27:20:878,Began,532.5,277.5,0.00,1.00,8.19
12/02/2025 12:27:20:878,Began,532.50,277.50,0.00,1.00,8.19
12/02/2025 12:27:20:895,Moved,532.5,276.25,0.00,1.00,8.19
12/02/2025 12:27:20:895,Moved,532.50,276.25,0.00,1.00,8.19
12/02/2025 12:27:20:918,Moved,533.75,268.75,0.00,1.00,8.19
12/02/2025 12:27:20:918,Moved,533.75,268.75,0.00,1.00,8.23
12/02/2025 12:27:20:941,Moved,533.75,251.25,0.00,1.00,8.23
12/02/2025 12:27:20:941,Moved,533.75,251.25,0.00,1.00,8.33
12/02/2025 12:27:20:957,Moved,533.75,231.25,0.00,1.00,8.33
12/02/2025 12:27:20:957,Moved,533.75,231.25,0.00,1.00,8.38
12/02/2025 12:27:20:970,Moved,533.75,220,0.00,1.00,8.38
12/02/2025 12:27:20:970,Moved,533.75,220.00,0.00,1.00,8.40
12/02/2025 12:27:20:992,Moved,536.25,187.5,0.00,1.00,8.40
12/02/2025 12:27:20:992,Moved,536.25,187.50,0.00,1.00,8.56
12/02/2025 12:27:21:025,Moved,538.75,161.25,0.00,1.00,8.56
12/02/2025 12:27:21:025,Moved,538.75,161.25,0.00,1.00,8.84
12/02/2025 12:27:21:038,Moved,540,152.5,0.00,1.00,8.84
12/02/2025 12:27:21:038,Moved,540.00,152.50,0.00,1.00,8.85
12/02/2025 12:27:21:055,Moved,542.5,138.75,0.00,1.00,8.85
12/02/2025 12:27:21:055,Moved,542.50,138.75,0.00,1.00,8.90
12/02/2025 12:27:21:077,Moved,542.5,126.25,0.00,1.00,8.90
12/02/2025 12:27:21:077,Moved,542.50,126.25,0.00,1.00,8.96
12/02/2025 12:27:21:088,Moved,542.5,120,0.00,1.00,8.96
12/02/2025 12:27:21:088,Moved,542.50,120.00,0.00,1.00,8.96
12/02/2025 12:27:21:105,Moved,543.75,113.75,0.00,1.00,8.96
12/02/2025 12:27:21:105,Moved,543.75,113.75,0.00,1.00,8.98
12/02/2025 12:27:21:125,Moved,545,97.49998,0.00,1.00,8.98
12/02/2025 12:27:21:125,Moved,545.00,97.50,0.00,1.00,9.05
12/02/2025 12:27:21:137,Moved,546.25,92.49998,0.00,1.00,9.05
12/02/2025 12:27:21:137,Moved,546.25,92.50,0.00,1.00,9.06
12/02/2025 12:27:21:150,Moved,547.5,88.74998,0.00,1.00,9.06
12/02/2025 12:27:21:150,Moved,547.50,88.75,0.00,1.00,9.06
12/02/2025 12:27:21:185,Moved,547.5,69.99998,0.00,1.00,9.06
12/02/2025 12:27:21:185,Moved,547.50,70.00,0.00,1.00,9.27
12/02/2025 12:27:21:195,Moved,547.5,64.99998,0.00,1.00,9.27
12/02/2025 12:27:21:195,Moved,547.50,65.00,0.00,1.00,9.28
12/02/2025 12:27:21:210,Moved,547.5,59.99998,0.00,1.00,9.28
12/02/2025 12:27:21:210,Moved,547.50,60.00,0.00,1.00,9.29
12/02/2025 12:27:21:227,Moved,546.25,49.99998,0.00,1.00,9.29
12/02/2025 12:27:21:227,Moved,546.25,50.00,0.00,1.00,9.32
12/02/2025 12:27:21:238,Moved,546.25,43.74998,0.00,1.00,9.32
12/02/2025 12:27:21:238,Moved,546.25,43.75,0.00,1.00,9.32
12/02/2025 12:27:21:256,Moved,545,32.49998,0.00,1.00,9.32
12/02/2025 12:27:21:256,Moved,545.00,32.50,0.00,1.00,9.36
12/02/2025 12:27:21:266,Moved,543.75,26.24998,0.00,1.00,9.36
12/02/2025 12:27:21:266,Moved,543.75,26.25,0.00,1.00,9.37
12/02/2025 12:27:21:291,Ended,542.5,13.74999,0.00,1.00,9.37
12/02/2025 12:27:21:291,Ended,542.50,13.75,0.00,1.00,9.37
12/02/2025 12:27:21:710,Began,507.5,451.25,0.00,1.00,9.37
12/02/2025 12:27:21:710,Began,507.50,451.25,0.00,1.00,9.37
12/02/2025 12:27:21:729,Moved,507.5,448.75,0.00,1.00,9.37
12/02/2025 12:27:21:729,Moved,507.50,448.75,0.00,1.00,9.37
12/02/2025 12:27:21:753,Moved,508.75,441.25,0.00,1.00,9.37
12/02/2025 12:27:21:753,Moved,508.75,441.25,0.00,1.00,9.42
12/02/2025 12:27:21:780,Moved,515,421.25,0.00,1.00,9.42
12/02/2025 12:27:21:780,Moved,515.00,421.25,0.00,1.00,9.58
12/02/2025 12:27:21:822,Moved,523.75,386.25,0.00,1.00,9.58
12/02/2025 12:27:21:822,Moved,523.75,386.25,0.00,1.00,10.18
12/02/2025 12:27:21:835,Moved,526.25,376.25,0.00,1.00,10.18
12/02/2025 12:27:21:835,Moved,526.25,376.25,0.00,1.00,10.20
12/02/2025 12:27:21:851,Moved,530,355,0.00,1.00,10.20
12/02/2025 12:27:21:851,Moved,530.00,355.00,0.00,1.00,10.25
12/02/2025 12:27:21:871,Moved,532.5,332.5,0.00,1.00,10.25
12/02/2025 12:27:21:871,Moved,532.50,332.50,0.00,1.00,10.35
12/02/2025 12:27:21:888,Moved,533.75,321.25,0.00,1.00,10.35
12/02/2025 12:27:21:888,Moved,533.75,321.25,0.00,1.00,10.38
12/02/2025 12:27:21:916,Moved,538.75,278.75,0.00,1.00,10.38
12/02/2025 12:27:21:916,Moved,538.75,278.75,0.00,1.00,10.71
12/02/2025 12:27:21:934,Moved,540,267.5,0.00,1.00,10.71
12/02/2025 12:27:21:934,Moved,540.00,267.50,0.00,1.00,10.74
12/02/2025 12:27:21:979,Moved,543.75,217.5,0.00,1.00,10.74
12/02/2025 12:27:21:979,Moved,543.75,217.50,0.00,1.00,11.82
12/02/2025 12:27:21:996,Moved,543.75,208.75,0.00,1.00,11.82
12/02/2025 12:27:21:996,Moved,543.75,208.75,0.00,1.00,11.84
12/02/2025 12:27:22:008,Moved,543.75,188.75,0.00,1.00,11.84
12/02/2025 12:27:22:008,Moved,543.75,188.75,0.00,1.00,11.87
12/02/2025 12:27:22:024,Moved,543.75,180,0.00,1.00,11.87
12/02/2025 12:27:22:024,Moved,543.75,180.00,0.00,1.00,11.89
12/02/2025 12:27:22:040,Moved,545,161.25,0.00,1.00,11.89
12/02/2025 12:27:22:040,Moved,545.00,161.25,0.00,1.00,11.95
12/02/2025 12:27:22:054,Moved,545,152.5,0.00,1.00,11.95
12/02/2025 12:27:22:054,Moved,545.00,152.50,0.00,1.00,11.96
12/02/2025 12:27:22:070,Moved,545,136.25,0.00,1.00,11.96
12/02/2025 12:27:22:070,Moved,545.00,136.25,0.00,1.00,12.02
12/02/2025 12:27:22:084,Moved,545,128.75,0.00,1.00,12.02
12/02/2025 12:27:22:084,Moved,545.00,128.75,0.00,1.00,12.03
12/02/2025 12:27:22:100,Moved,546.25,113.75,0.00,1.00,12.03
12/02/2025 12:27:22:100,Moved,546.25,113.75,0.00,1.00,12.09
12/02/2025 12:27:22:140,Moved,547.5,86.24998,0.00,1.00,12.09
12/02/2025 12:27:22:140,Moved,547.50,86.25,0.00,1.00,12.52
12/02/2025 12:27:22:152,Moved,547.5,79.99998,0.00,1.00,12.52
12/02/2025 12:27:22:152,Moved,547.50,80.00,0.00,1.00,12.52
12/02/2025 12:27:22:168,Moved,547.5,67.49998,0.00,1.00,12.52
12/02/2025 12:27:22:168,Moved,547.50,67.50,0.00,1.00,12.56
12/02/2025 12:27:22:184,Moved,547.5,61.24998,0.00,1.00,12.56
12/02/2025 12:27:22:184,Moved,547.50,61.25,0.00,1.00,12.58
12/02/2025 12:27:22:197,Moved,547.5,51.24998,0.00,1.00,12.58
12/02/2025 12:27:22:197,Moved,547.50,51.25,0.00,1.00,12.60
12/02/2025 12:27:22:214,Moved,548.75,46.24998,0.00,1.00,12.60
12/02/2025 12:27:22:214,Moved,548.75,46.25,0.00,1.00,12.61
12/02/2025 12:27:22:227,Moved,550,36.24998,0.00,1.00,12.61
12/02/2025 12:27:22:227,Moved,550.00,36.25,0.00,1.00,12.63
12/02/2025 12:27:22:244,Moved,551.25,32.49998,0.00,1.00,12.63
12/02/2025 12:27:22:244,Moved,551.25,32.50,0.00,1.00,12.64
12/02/2025 12:27:22:256,Moved,552.5,24.99998,0.00,1.00,12.64
12/02/2025 12:27:22:256,Moved,552.50,25.00,0.00,1.00,12.65
12/02/2025 12:27:22:293,Moved,553.75,13.74999,0.00,1.00,12.65
12/02/2025 12:27:22:293,Moved,553.75,13.75,0.00,1.00,12.81
12/02/2025 12:27:22:309,Ended,553.75,13.74999,0.00,1.00,12.81
12/02/2025 12:27:22:309,Ended,553.75,13.75,0.00,1.00,12.81
12/02/2025 12:27:22:811,Began,552.5,508.75,0.00,1.00,12.81
12/02/2025 12:27:22:811,Began,552.50,508.75,0.00,1.00,12.81
12/02/2025 12:27:22:835,Moved,553.75,478.75,0.00,1.00,12.81
12/02/2025 12:27:22:835,Moved,553.75,478.75,0.00,1.00,13.00
12/02/2025 12:27:22:870,Moved,556.25,433.75,0.00,1.00,13.00
12/02/2025 12:27:22:870,Moved,556.25,433.75,0.00,1.00,13.52
12/02/2025 12:27:22:884,Moved,556.25,421.25,0.00,1.00,13.52
12/02/2025 12:27:22:884,Moved,556.25,421.25,0.00,1.00,13.55
12/02/2025 12:27:22:934,Moved,557.5,362.5,0.00,1.00,13.55
12/02/2025 12:27:22:934,Moved,557.50,362.50,0.00,1.00,14.95
12/02/2025 12:27:22:965,Moved,557.5,327.5,0.00,1.00,14.95
12/02/2025 12:27:22:965,Moved,557.50,327.50,0.00,1.00,15.29
12/02/2025 12:27:22:982,Moved,560,305,0.00,1.00,15.29
12/02/2025 12:27:22:982,Moved,560.00,305.00,0.00,1.00,15.36
12/02/2025 12:27:23:002,Moved,562.5,281.25,0.00,1.00,15.36
12/02/2025 12:27:23:002,Moved,562.50,281.25,0.00,1.00,15.46
12/02/2025 12:27:23:015,Moved,562.5,270,0.00,1.00,15.46
12/02/2025 12:27:23:015,Moved,562.50,270.00,0.00,1.00,15.48
12/02/2025 12:27:23:033,Moved,563.75,247.5,0.00,1.00,15.48
12/02/2025 12:27:23:033,Moved,563.75,247.50,0.00,1.00,15.55
12/02/2025 12:27:23:047,Moved,565,236.25,0.00,1.00,15.55
12/02/2025 12:27:23:047,Moved,565.00,236.25,0.00,1.00,15.57
12/02/2025 12:27:23:086,Moved,565,196.25,0.00,1.00,15.57
12/02/2025 12:27:23:086,Moved,565.00,196.25,0.00,1.00,16.20
12/02/2025 12:27:23:104,Moved,565,177.5,0.00,1.00,16.20
12/02/2025 12:27:23:104,Moved,565.00,177.50,0.00,1.00,16.25
12/02/2025 12:27:23:118,Moved,565,170,0.00,1.00,16.25
12/02/2025 12:27:23:118,Moved,565.00,170.00,0.00,1.00,16.27
12/02/2025 12:27:23:133,Moved,565,152.5,0.00,1.00,16.27
12/02/2025 12:27:23:133,Moved,565.00,152.50,0.00,1.00,16.30
12/02/2025 12:27:23:157,Moved,563.75,130,0.00,1.00,16.30
12/02/2025 12:27:23:157,Moved,563.75,130.00,0.00,1.00,16.45
12/02/2025 12:27:23:172,Moved,563.75,122.5,0.00,1.00,16.45
12/02/2025 12:27:23:172,Moved,563.75,122.50,0.00,1.00,16.46
12/02/2025 12:27:23:190,Moved,565,107.5,0.00,1.00,16.46
12/02/2025 12:27:23:190,Moved,565.00,107.50,0.00,1.00,16.52
12/02/2025 12:27:23:203,Moved,565,101.25,0.00,1.00,16.52
12/02/2025 12:27:23:203,Moved,565.00,101.25,0.00,1.00,16.53
12/02/2025 12:27:23:241,Moved,563.75,72.49998,0.00,1.00,16.53
12/02/2025 12:27:23:241,Moved,563.75,72.50,0.00,1.00,16.99
12/02/2025 12:27:23:257,Moved,563.75,66.24998,0.00,1.00,16.99
12/02/2025 12:27:23:257,Moved,563.75,66.25,0.00,1.00,17.00
12/02/2025 12:27:23:272,Moved,562.5,54.99998,0.00,1.00,17.00
12/02/2025 12:27:23:272,Moved,562.50,55.00,0.00,1.00,17.03
12/02/2025 12:27:23:290,Moved,562.5,43.74998,0.00,1.00,17.03
12/02/2025 12:27:23:290,Moved,562.50,43.75,0.00,1.00,17.07
12/02/2025 12:27:23:305,Moved,562.5,38.74998,0.00,1.00,17.07
12/02/2025 12:27:23:305,Moved,562.50,38.75,0.00,1.00,17.08
12/02/2025 12:27:23:322,Moved,562.5,31.24998,0.00,1.00,17.08
12/02/2025 12:27:23:322,Moved,562.50,31.25,0.00,1.00,17.10
12/02/2025 12:27:23:339,Ended,562.5,31.24998,0.00,1.00,17.10
12/02/2025 12:27:23:339,Ended,562.50,31.25,0.00,1.00,17.10
12/02/2025 12:27:23:816,Began,528.75,557.5,0.00,1.00,17.10
12/02/2025 12:27:23:816,Began,528.75,557.50,0.00,1.00,17.10
12/02/2025 12:27:23:830,Moved,528.75,553.75,0.00,1.00,17.10
12/02/2025 12:27:23:830,Moved,528.75,553.75,0.00,1.00,17.11
12/02/2025 12:27:23:860,Moved,527.5,531.25,0.00,1.00,17.11
12/02/2025 12:27:23:860,Moved,527.50,531.25,0.00,1.00,17.32
12/02/2025 12:27:23:872,Moved,527.5,521.25,0.00,1.00,17.32
12/02/2025 12:27:23:872,Moved,527.50,521.25,0.00,1.00,17.33
12/02/2025 12:27:23:900,Moved,528.75,486.25,0.00,1.00,17.33
12/02/2025 12:27:23:900,Moved,528.75,486.25,0.00,1.00,17.59
12/02/2025 12:27:23:911,Moved,528.75,475,0.00,1.00,17.59
12/02/2025 12:27:23:911,Moved,528.75,475.00,0.00,1.00,17.60
12/02/2025 12:27:23:928,Moved,531.25,450,0.00,1.00,17.60
12/02/2025 12:27:23:928,Moved,531.25,450.00,0.00,1.00,17.68
12/02/2025 12:27:23:945,Moved,532.5,425,0.00,1.00,17.68
12/02/2025 12:27:23:945,Moved,532.50,425.00,0.00,1.00,17.75
12/02/2025 12:27:23:973,Moved,535,386.25,0.00,1.00,17.75
12/02/2025 12:27:23:973,Moved,535.00,386.25,0.00,1.00,18.05
12/02/2025 12:27:23:985,Moved,536.25,372.5,0.00,1.00,18.05
12/02/2025 12:27:23:985,Moved,536.25,372.50,0.00,1.00,18.08
12/02/2025 12:27:24:025,Moved,537.5,317.5,0.00,1.00,18.08
12/02/2025 12:27:24:025,Moved,537.50,317.50,0.00,1.00,18.92
12/02/2025 12:27:24:038,Moved,537.5,303.75,0.00,1.00,18.92
12/02/2025 12:27:24:038,Moved,537.50,303.75,0.00,1.00,18.94
12/02/2025 12:27:24:055,Moved,537.5,276.25,0.00,1.00,18.94
12/02/2025 12:27:24:055,Moved,537.50,276.25,0.00,1.00,19.03
12/02/2025 12:27:24:067,Moved,537.5,261.25,0.00,1.00,19.03
12/02/2025 12:27:24:067,Moved,537.50,261.25,0.00,1.00,19.05
12/02/2025 12:27:24:085,Moved,538.75,235,0.00,1.00,19.05
12/02/2025 12:27:24:085,Moved,538.75,235.00,0.00,1.00,19.14
12/02/2025 12:27:24:099,Moved,538.75,221.25,0.00,1.00,19.14
12/02/2025 12:27:24:099,Moved,538.75,221.25,0.00,1.00,19.17
12/02/2025 12:27:24:116,Moved,540,196.25,0.00,1.00,19.17
12/02/2025 12:27:24:116,Moved,540.00,196.25,0.00,1.00,19.25
12/02/2025 12:27:24:131,Moved,540,183.75,0.00,1.00,19.25
12/02/2025 12:27:24:131,Moved,540.00,183.75,0.00,1.00,19.27
12/02/2025 12:27:24:147,Moved,541.25,161.25,0.00,1.00,19.27
12/02/2025 12:27:24:147,Moved,541.25,161.25,0.00,1.00,19.33
12/02/2025 12:27:24:193,Moved,543.75,112.5,0.00,1.00,19.33
12/02/2025 12:27:24:193,Moved,543.75,112.50,0.00,1.00,20.38
12/02/2025 12:27:24:209,Moved,543.75,103.75,0.00,1.00,20.38
12/02/2025 12:27:24:209,Moved,543.75,103.75,0.00,1.00,20.40
12/02/2025 12:27:24:227,Moved,543.75,86.24998,0.00,1.00,20.40
12/02/2025 12:27:24:227,Moved,543.75,86.25,0.00,1.00,20.45
12/02/2025 12:27:24:245,Moved,543.75,68.74998,0.00,1.00,20.45
12/02/2025 12:27:24:245,Moved,543.75,68.75,0.00,1.00,20.51
12/02/2025 12:27:24:260,Moved,543.75,61.24998,0.00,1.00,20.51
12/02/2025 12:27:24:260,Moved,543.75,61.25,0.00,1.00,20.52
12/02/2025 12:27:24:277,Moved,543.75,46.24998,0.00,1.00,20.52
12/02/2025 12:27:24:277,Moved,543.75,46.25,0.00,1.00,20.57
12/02/2025 12:27:24:294,Moved,543.75,32.49998,0.00,1.00,20.57
12/02/2025 12:27:24:294,Moved,543.75,32.50,0.00,1.00,20.61
12/02/2025 12:27:24:310,Moved,545,26.24998,0.00,1.00,20.61
12/02/2025 12:27:24:310,Moved,545.00,26.25,0.00,1.00,20.62
12/02/2025 12:27:24:350,Moved,547.5,2.499986,0.00,1.00,20.62
12/02/2025 12:27:24:350,Moved,547.50,2.50,0.00,1.00,21.03
12/02/2025 12:27:24:373,Moved,548.75,-3.750014,0.00,1.00,21.03
12/02/2025 12:27:24:373,Moved,548.75,-3.75,0.00,1.00,21.06
12/02/2025 12:27:24:390,Ended,548.75,-3.750014,0.00,1.00,21.06
12/02/2025 12:27:24:390,Ended,548.75,-3.75,0.00,1.00,21.06
12/02/2025 12:27:24:859,Began,538.75,561.25,0.00,1.00,21.06
12/02/2025 12:27:24:859,Began,538.75,561.25,0.00,1.00,21.06
12/02/2025 12:27:24:874,Moved,538.75,561.25,0.00,1.00,21.06
12/02/2025 12:27:24:874,Moved,538.75,561.25,0.00,1.00,21.06
12/02/2025 12:27:24:890,Moved,537.5,551.25,0.00,1.00,21.06
12/02/2025 12:27:24:890,Moved,537.50,551.25,0.00,1.00,21.10
12/02/2025 12:27:24:917,Moved,532.5,522.5,0.00,1.00,21.10
12/02/2025 12:27:24:917,Moved,532.50,522.50,0.00,1.00,21.29
12/02/2025 12:27:24:941,Moved,532.5,497.5,0.00,1.00,21.29
12/02/2025 12:27:24:941,Moved,532.50,497.50,0.00,1.00,21.43
12/02/2025 12:27:24:980,Moved,531.25,441.25,0.00,1.00,21.43
12/02/2025 12:27:24:980,Moved,531.25,441.25,0.00,1.00,22.29
12/02/2025 12:27:25:007,Moved,530,395,0.00,1.00,22.29
12/02/2025 12:27:25:007,Moved,530.00,395.00,0.00,1.00,22.63
12/02/2025 12:27:25:024,Moved,528.75,378.75,0.00,1.00,22.63
12/02/2025 12:27:25:024,Moved,528.75,378.75,0.00,1.00,22.68
12/02/2025 12:27:25:041,Moved,527.5,347.5,0.00,1.00,22.68
12/02/2025 12:27:25:041,Moved,527.50,347.50,0.00,1.00,22.77
12/02/2025 12:27:25:054,Moved,527.5,331.25,0.00,1.00,22.77
12/02/2025 12:27:25:054,Moved,527.50,331.25,0.00,1.00,22.80
12/02/2025 12:27:25:072,Moved,526.25,300,0.00,1.00,22.80
12/02/2025 12:27:25:072,Moved,526.25,300.00,0.00,1.00,22.89
12/02/2025 12:27:25:095,Moved,525,252.5,0.00,1.00,22.89
12/02/2025 12:27:25:095,Moved,525.00,252.50,0.00,1.00,23.14
12/02/2025 12:27:25:129,Moved,526.25,206.25,0.00,1.00,23.14
12/02/2025 12:27:25:129,Moved,526.25,206.25,0.00,1.00,23.69
12/02/2025 12:27:25:148,Moved,526.25,176.25,0.00,1.00,23.69
12/02/2025 12:27:25:148,Moved,526.25,176.25,0.00,1.00,23.80
12/02/2025 12:27:25:162,Moved,527.5,162.5,0.00,1.00,23.80
12/02/2025 12:27:25:162,Moved,527.50,162.50,0.00,1.00,23.83
12/02/2025 12:27:25:178,Moved,527.5,137.5,0.00,1.00,23.83
12/02/2025 12:27:25:178,Moved,527.50,137.50,0.00,1.00,23.89
12/02/2025 12:27:25:195,Moved,528.75,115,0.00,1.00,23.89
12/02/2025 12:27:25:195,Moved,528.75,115.00,0.00,1.00,23.96
12/02/2025 12:27:25:219,Moved,530,92.49998,0.00,1.00,23.96
12/02/2025 12:27:25:219,Moved,530.00,92.50,0.00,1.00,24.09
12/02/2025 12:27:25:236,Moved,530,72.49998,0.00,1.00,24.09
12/02/2025 12:27:25:236,Moved,530.00,72.50,0.00,1.00,24.15
12/02/2025 12:27:25:251,Moved,530,63.74998,0.00,1.00,24.15
12/02/2025 12:27:25:251,Moved,530.00,63.75,0.00,1.00,24.17
12/02/2025 12:27:25:289,Moved,527.5,27.49998,0.00,1.00,24.17
12/02/2025 12:27:25:289,Moved,527.50,27.50,0.00,1.00,24.66
12/02/2025 12:27:25:306,Moved,526.25,11.24999,0.00,1.00,24.66
12/02/2025 12:27:25:306,Moved,526.25,11.25,0.00,1.00,24.70
12/02/2025 12:27:25:321,Moved,523.75,2.499986,0.00,1.00,24.70
12/02/2025 12:27:25:321,Moved,523.75,2.50,0.00,1.00,24.72
12/02/2025 12:27:25:338,Moved,522.5,-11.25001,0.00,1.00,24.72
12/02/2025 12:27:25:338,Moved,522.50,-11.25,0.00,1.00,24.76
12/02/2025 12:27:25:354,Moved,522.5,-17.50002,0.00,1.00,24.76
12/02/2025 12:27:25:354,Moved,522.50,-17.50,0.00,1.00,24.78
12/02/2025 12:27:25:375,Ended,520,-28.75002,0.00,1.00,24.78
12/02/2025 12:27:25:375,Ended,520.00,-28.75,0.00,1.00,24.78
12/02/2025 12:27:25:857,Began,532.5,530,0.00,1.00,24.78
12/02/2025 12:27:25:857,Began,532.50,530.00,0.00,1.00,24.78
12/02/2025 12:27:25:871,Moved,532.5,523.75,0.00,1.00,24.78
12/02/2025 12:27:25:871,Moved,532.50,523.75,0.00,1.00,24.79
12/02/2025 12:27:25:903,Moved,532.5,495,0.00,1.00,24.79
12/02/2025 12:27:25:903,Moved,532.50,495.00,0.00,1.00,25.07
12/02/2025 12:27:25:952,Moved,532.5,423.75,0.00,1.00,25.07
12/02/2025 12:27:25:952,Moved,532.50,423.75,0.00,1.00,26.75
12/02/2025 12:27:25:966,Moved,532.5,408.75,0.00,1.00,26.75
12/02/2025 12:27:25:966,Moved,532.50,408.75,0.00,1.00,26.78
12/02/2025 12:27:25:982,Moved,532.5,377.5,0.00,1.00,26.78
12/02/2025 12:27:25:982,Moved,532.50,377.50,0.00,1.00,26.86
12/02/2025 12:27:25:997,Moved,532.5,361.25,0.00,1.00,26.86
12/02/2025 12:27:25:997,Moved,532.50,361.25,0.00,1.00,26.90
12/02/2025 12:27:26:015,Moved,532.5,331.25,0.00,1.00,26.90
12/02/2025 12:27:26:015,Moved,532.50,331.25,0.00,1.00,26.98
12/02/2025 12:27:26:028,Moved,532.5,317.5,0.00,1.00,26.98
12/02/2025 12:27:26:028,Moved,532.50,317.50,0.00,1.00,27.01
12/02/2025 12:27:26:059,Moved,532.5,261.25,0.00,1.00,27.01
12/02/2025 12:27:26:059,Moved,532.50,261.25,0.00,1.00,27.51
12/02/2025 12:27:26:101,Moved,532.5,210,0.00,1.00,27.51
12/02/2025 12:27:26:101,Moved,532.50,210.00,0.00,1.00,28.39
12/02/2025 12:27:26:115,Moved,532.5,197.5,0.00,1.00,28.39
12/02/2025 12:27:26:115,Moved,532.50,197.50,0.00,1.00,28.42
12/02/2025 12:27:26:133,Moved,532.5,175,0.00,1.00,28.42
12/02/2025 12:27:26:133,Moved,532.50,175.00,0.00,1.00,28.48
12/02/2025 12:27:26:156,Moved,532.5,155,0.00,1.00,28.48
12/02/2025 12:27:26:156,Moved,532.50,155.00,0.00,1.00,28.59
12/02/2025 12:27:26:175,Moved,531.25,135,0.00,1.00,28.59
12/02/2025 12:27:26:175,Moved,531.25,135.00,0.00,1.00,28.66
12/02/2025 12:27:26:192,Moved,531.25,116.25,0.00,1.00,28.66
12/02/2025 12:27:26:192,Moved,531.25,116.25,0.00,1.00,28.72
12/02/2025 12:27:26:206,Moved,530,107.5,0.00,1.00,28.72
12/02/2025 12:27:26:206,Moved,530.00,107.50,0.00,1.00,28.74
12/02/2025 12:27:26:223,Moved,528.75,91.24998,0.00,1.00,28.74
12/02/2025 12:27:26:223,Moved,528.75,91.25,0.00,1.00,28.79
12/02/2025 12:27:26:264,Moved,525,56.24998,0.00,1.00,28.79
12/02/2025 12:27:26:264,Moved,525.00,56.25,0.00,1.00,29.34
12/02/2025 12:27:26:293,Moved,522.5,31.24998,0.00,1.00,29.34
12/02/2025 12:27:26:293,Moved,522.50,31.25,0.00,1.00,29.55
12/02/2025 12:27:26:315,Moved,521.25,16.24998,0.00,1.00,29.55
12/02/2025 12:27:26:315,Moved,521.25,16.25,0.00,1.00,29.62
12/02/2025 12:27:26:333,Moved,518.75,6.249986,0.00,1.00,29.62
12/02/2025 12:27:26:333,Moved,518.75,6.25,0.00,1.00,29.66
12/02/2025 12:27:26:359,Moved,517.5,-2.500014,0.00,1.00,29.66
12/02/2025 12:27:26:359,Moved,517.50,-2.50,0.00,1.00,29.72
12/02/2025 12:27:26:377,Ended,517.5,-2.500014,0.00,1.00,29.72
12/02/2025 12:27:26:377,Ended,517.50,-2.50,0.00,1.00,29.72
12/02/2025 12:27:26:793,Began,543.75,566.25,0.00,1.00,29.72
12/02/2025 12:27:26:793,Began,543.75,566.25,0.00,1.00,29.72
12/02/2025 12:27:26:803,Moved,543.75,566.25,0.00,1.00,29.72
12/02/2025 12:27:26:803,Moved,543.75,566.25,0.00,1.00,29.72
12/02/2025 12:27:26:825,Moved,543.75,557.5,0.00,1.00,29.72
12/02/2025 12:27:26:825,Moved,543.75,557.50,0.00,1.00,29.75
12/02/2025 12:27:26:838,Moved,543.75,550,0.00,1.00,29.75
12/02/2025 12:27:26:838,Moved,543.75,550.00,0.00,1.00,29.77
12/02/2025 12:27:26:888,Moved,543.75,483.75,0.00,1.00,29.77
12/02/2025 12:27:26:888,Moved,543.75,483.75,0.00,1.00,31.33
12/02/2025 12:27:26:917,Moved,543.75,438.75,0.00,1.00,31.33
12/02/2025 12:27:26:917,Moved,543.75,438.75,0.00,1.00,31.76
12/02/2025 12:27:26:931,Moved,543.75,423.75,0.00,1.00,31.76
12/02/2025 12:27:26:931,Moved,543.75,423.75,0.00,1.00,31.79
12/02/2025 12:27:26:949,Moved,542.5,392.5,0.00,1.00,31.79
12/02/2025 12:27:26:949,Moved,542.50,392.50,0.00,1.00,31.87
12/02/2025 12:27:26:965,Moved,542.5,362.5,0.00,1.00,31.87
12/02/2025 12:27:26:965,Moved,542.50,362.50,0.00,1.00,31.96
12/02/2025 12:27:26:980,Moved,542.5,347.5,0.00,1.00,31.96
12/02/2025 12:27:26:980,Moved,542.50,347.50,0.00,1.00,31.99
12/02/2025 12:27:26:995,Moved,542.5,318.75,0.00,1.00,31.99
12/02/2025 12:27:26:995,Moved,542.50,318.75,0.00,1.00,32.07
12/02/2025 12:27:27:037,Moved,545,266.25,0.00,1.00,32.07
12/02/2025 12:27:27:037,Moved,545.00,266.25,0.00,1.00,32.96
12/02/2025 12:27:27:053,Moved,545,242.5,0.00,1.00,32.96
12/02/2025 12:27:27:053,Moved,545.00,242.50,0.00,1.00,33.04
12/02/2025 12:27:27:070,Moved,545,231.25,0.00,1.00,33.04
12/02/2025 12:27:27:070,Moved,545.00,231.25,0.00,1.00,33.06
12/02/2025 12:27:27:087,Moved,546.25,210,0.00,1.00,33.06
12/02/2025 12:27:27:087,Moved,546.25,210.00,0.00,1.00,33.13
12/02/2025 12:27:27:116,Moved,547.5,177.5,0.00,1.00,33.13
12/02/2025 12:27:27:116,Moved,547.50,177.50,0.00,1.00,33.40
12/02/2025 12:27:27:134,Moved,547.5,157.5,0.00,1.00,33.40
12/02/2025 12:27:27:134,Moved,547.50,157.50,0.00,1.00,33.45
12/02/2025 12:27:27:145,Moved,547.5,148.75,0.00,1.00,33.45
12/02/2025 12:27:27:145,Moved,547.50,148.75,0.00,1.00,33.46
12/02/2025 12:27:27:165,Moved,547.5,128.75,0.00,1.00,33.46
12/02/2025 12:27:27:165,Moved,547.50,128.75,0.00,1.00,33.54
12/02/2025 12:27:27:202,Moved,545,91.24998,0.00,1.00,33.54
12/02/2025 12:27:27:202,Moved,545.00,91.25,0.00,1.00,34.09
12/02/2025 12:27:27:218,Moved,545,81.24998,0.00,1.00,34.09
12/02/2025 12:27:27:218,Moved,545.00,81.25,0.00,1.00,34.11
12/02/2025 12:27:27:233,Moved,546.25,59.99998,0.00,1.00,34.11
12/02/2025 12:27:27:233,Moved,546.25,60.00,0.00,1.00,34.16
12/02/2025 12:27:27:248,Moved,546.25,48.74998,0.00,1.00,34.16
12/02/2025 12:27:27:248,Moved,546.25,48.75,0.00,1.00,34.19
12/02/2025 12:27:27:264,Ended,546.25,48.74998,0.00,1.00,34.19
12/02/2025 12:27:27:264,Ended,546.25,48.75,0.00,1.00,34.19
12/02/2025 12:27:31:852,Began,582.5,346.25,0.00,1.00,34.19
12/02/2025 12:27:31:852,Began,582.50,346.25,0.00,1.00,34.19
12/02/2025 12:27:32:418,Began,523.75,231.25,0.00,1.00,34.19
12/02/2025 12:27:32:418,Began,523.75,231.25,0.00,1.00,34.19
12/02/2025 12:27:32:429,Moved,523.75,231.25,0.00,1.00,34.19
12/02/2025 12:27:32:429,Moved,523.75,231.25,0.00,1.00,34.19
12/02/2025 12:27:32:448,Moved,525,226.25,0.00,1.00,34.19
12/02/2025 12:27:32:448,Moved,525.00,226.25,0.00,1.00,34.21
12/02/2025 12:27:32:479,Moved,532.5,208.75,0.00,1.00,34.21
12/02/2025 12:27:32:479,Moved,532.50,208.75,0.00,1.00,34.39
12/02/2025 12:27:32:517,Moved,552.5,181.25,0.00,1.00,34.39
12/02/2025 12:27:32:517,Moved,552.50,181.25,0.00,1.00,34.79
12/02/2025 12:27:32:538,Moved,565,170,0.00,1.00,34.79
12/02/2025 12:27:32:538,Moved,565.00,170.00,0.00,1.00,34.83
12/02/2025 12:27:32:558,Moved,577.5,158.75,0.00,1.00,34.83
12/02/2025 12:27:32:558,Moved,577.50,158.75,0.00,1.00,34.89
12/02/2025 12:27:32:577,Moved,587.5,146.25,0.00,1.00,34.89
12/02/2025 12:27:32:577,Moved,587.50,146.25,0.00,1.00,34.93
12/02/2025 12:27:32:589,Moved,593.75,141.25,0.00,1.00,34.93
12/02/2025 12:27:32:589,Moved,593.75,141.25,0.00,1.00,34.94
12/02/2025 12:27:32:605,Moved,602.5,130,0.00,1.00,34.94
12/02/2025 12:27:32:605,Moved,602.50,130.00,0.00,1.00,34.96
12/02/2025 12:27:32:619,Moved,607.5,123.75,0.00,1.00,34.96
12/02/2025 12:27:32:619,Moved,607.50,123.75,0.00,1.00,34.97
12/02/2025 12:27:32:635,Moved,616.25,113.75,0.00,1.00,34.97
12/02/2025 12:27:32:635,Moved,616.25,113.75,0.00,1.00,35.00
12/02/2025 12:27:32:673,Moved,628.75,93.74998,0.00,1.00,35.00
12/02/2025 12:27:32:673,Moved,628.75,93.75,0.00,1.00,35.29
12/02/2025 12:27:32:696,Moved,636.25,82.49998,0.00,1.00,35.29
12/02/2025 12:27:32:696,Moved,636.25,82.50,0.00,1.00,35.35
12/02/2025 12:27:32:710,Moved,638.75,77.49998,0.00,1.00,35.35
12/02/2025 12:27:32:710,Moved,638.75,77.50,0.00,1.00,35.36
12/02/2025 12:27:32:728,Moved,643.7501,66.24998,0.00,1.00,35.36
12/02/2025 12:27:32:728,Moved,643.75,66.25,0.00,1.00,35.40
12/02/2025 12:27:32:741,Moved,647.5001,61.24998,0.00,1.00,35.40
12/02/2025 12:27:32:741,Moved,647.50,61.25,0.00,1.00,35.41
12/02/2025 12:27:32:761,Moved,652.5001,44.99998,0.00,1.00,35.41
12/02/2025 12:27:32:761,Moved,652.50,45.00,0.00,1.00,35.47
12/02/2025 12:27:32:775,Moved,655.0001,38.74998,0.00,1.00,35.47
12/02/2025 12:27:32:775,Moved,655.00,38.75,0.00,1.00,35.48
12/02/2025 12:27:32:789,Moved,657.5001,31.24998,0.00,1.00,35.48
12/02/2025 12:27:32:789,Moved,657.50,31.25,0.00,1.00,35.49
12/02/2025 12:27:32:827,Moved,662.5001,4.999986,0.00,1.00,35.49
12/02/2025 12:27:32:827,Moved,662.50,5.00,0.00,1.00,35.86
12/02/2025 12:27:32:844,Moved,665.0001,-5.000014,0.00,1.00,35.86
12/02/2025 12:27:32:844,Moved,665.00,-5.00,0.00,1.00,35.89
12/02/2025 12:27:32:858,Moved,665.0001,-8.750014,0.00,1.00,35.89
12/02/2025 12:27:32:858,Moved,665.00,-8.75,0.00,1.00,35.89
12/02/2025 12:27:32:872,Ended,665.0001,-8.750014,0.00,1.00,35.89
12/02/2025 12:27:32:872,Ended,665.00,-8.75,0.00,1.00,35.89
12/02/2025 12:27:33:268,Began,531.25,405,0.00,1.00,35.89
12/02/2025 12:27:33:268,Began,531.25,405.00,0.00,1.00,35.89
12/02/2025 12:27:33:280,Moved,531.25,405,0.00,1.00,35.89
12/02/2025 12:27:33:280,Moved,531.25,405.00,0.00,1.00,35.89
12/02/2025 12:27:33:298,Moved,532.5,401.25,0.00,1.00,35.89
12/02/2025 12:27:33:298,Moved,532.50,401.25,0.00,1.00,35.91
12/02/2025 12:27:33:323,Moved,538.75,392.5,0.00,1.00,35.91
12/02/2025 12:27:33:323,Moved,538.75,392.50,0.00,1.00,35.96
12/02/2025 12:27:33:349,Moved,557.5,366.25,0.00,1.00,35.96
12/02/2025 12:27:33:349,Moved,557.50,366.25,0.00,1.00,36.15
12/02/2025 12:27:33:379,Moved,582.5,335,0.00,1.00,36.15
12/02/2025 12:27:33:379,Moved,582.50,335.00,0.00,1.00,36.44
12/02/2025 12:27:33:402,Moved,600,311.25,0.00,1.00,36.44
12/02/2025 12:27:33:402,Moved,600.00,311.25,0.00,1.00,36.56
12/02/2025 12:27:33:421,Moved,617.5,290,0.00,1.00,36.56
12/02/2025 12:27:33:421,Moved,617.50,290.00,0.00,1.00,36.63
12/02/2025 12:27:33:461,Moved,655.0001,246.25,0.00,1.00,36.63
12/02/2025 12:27:33:461,Moved,655.00,246.25,0.00,1.00,37.35
12/02/2025 12:27:33:472,Moved,663.7501,236.25,0.00,1.00,37.35
12/02/2025 12:27:33:472,Moved,663.75,236.25,0.00,1.00,37.37
12/02/2025 12:27:33:495,Moved,692.5001,208.75,0.00,1.00,37.37
12/02/2025 12:27:33:495,Moved,692.50,208.75,0.00,1.00,37.51
12/02/2025 12:27:33:510,Moved,701.2501,200,0.00,1.00,37.51
12/02/2025 12:27:33:510,Moved,701.25,200.00,0.00,1.00,37.52
12/02/2025 12:27:33:535,Moved,725.0001,175,0.00,1.00,37.52
12/02/2025 12:27:33:535,Moved,725.00,175.00,0.00,1.00,37.68
12/02/2025 12:27:33:551,Moved,732.5001,166.25,0.00,1.00,37.68
12/02/2025 12:27:33:551,Moved,732.50,166.25,0.00,1.00,37.70
12/02/2025 12:27:33:564,Moved,738.7501,158.75,0.00,1.00,37.70
12/02/2025 12:27:33:564,Moved,738.75,158.75,0.00,1.00,37.72
12/02/2025 12:27:33:581,Moved,752.5001,143.75,0.00,1.00,37.72
12/02/2025 12:27:33:581,Moved,752.50,143.75,0.00,1.00,37.75
12/02/2025 12:27:33:617,Moved,775.0001,116.25,0.00,1.00,37.75
12/02/2025 12:27:33:617,Moved,775.00,116.25,0.00,1.00,38.13
12/02/2025 12:27:33:631,Moved,781.2501,110,0.00,1.00,38.13
12/02/2025 12:27:33:631,Moved,781.25,110.00,0.00,1.00,38.14
12/02/2025 12:27:33:651,Moved,790.0001,96.24998,0.00,1.00,38.14
12/02/2025 12:27:33:651,Moved,790.00,96.25,0.00,1.00,38.20
12/02/2025 12:27:33:670,Moved,798.7501,82.49998,0.00,1.00,38.20
12/02/2025 12:27:33:670,Moved,798.75,82.50,0.00,1.00,38.24
12/02/2025 12:27:33:686,Moved,807.5001,69.99998,0.00,1.00,38.24
12/02/2025 12:27:33:686,Moved,807.50,70.00,0.00,1.00,38.28
12/02/2025 12:27:33:702,Moved,810.0001,63.74998,0.00,1.00,38.28
12/02/2025 12:27:33:702,Moved,810.00,63.75,0.00,1.00,38.30
12/02/2025 12:27:33:718,Moved,815.0001,53.74998,0.00,1.00,38.30
12/02/2025 12:27:33:718,Moved,815.00,53.75,0.00,1.00,38.32
12/02/2025 12:27:33:746,Moved,818.7501,42.49998,0.00,1.00,38.32
12/02/2025 12:27:33:746,Moved,818.75,42.50,0.00,1.00,38.41
12/02/2025 12:27:33:788,Ended,817.5001,37.49998,0.00,1.00,38.41
12/02/2025 12:27:33:788,Ended,817.50,37.50,0.00,1.00,38.41
12/02/2025 12:27:34:203,Began,440,302.5,0.00,1.00,38.41
12/02/2025 12:27:34:203,Began,440.00,302.50,0.00,1.00,38.41
12/02/2025 12:27:34:216,Moved,440,302.5,0.00,1.00,38.41
12/02/2025 12:27:34:216,Moved,440.00,302.50,0.00,1.00,38.41
12/02/2025 12:27:34:234,Stationary,440,302.5,0.00,1.00,38.41
12/02/2025 12:27:34:252,Moved,443.75,298.75,0.00,1.00,38.41
12/02/2025 12:27:34:252,Moved,443.75,298.75,0.00,1.00,38.42
12/02/2025 12:27:34:285,Moved,466.25,276.25,0.00,1.00,38.42
12/02/2025 12:27:34:285,Moved,466.25,276.25,0.00,1.00,38.65
12/02/2025 12:27:34:297,Moved,475,266.25,0.00,1.00,38.65
12/02/2025 12:27:34:297,Moved,475.00,266.25,0.00,1.00,38.66
12/02/2025 12:27:34:322,Moved,502.5,233.75,0.00,1.00,38.66
12/02/2025 12:27:34:322,Moved,502.50,233.75,0.00,1.00,38.88
12/02/2025 12:27:34:335,Moved,512.5,221.25,0.00,1.00,38.88
12/02/2025 12:27:34:335,Moved,512.50,221.25,0.00,1.00,38.91
12/02/2025 12:27:34:347,Moved,522.5,210,0.00,1.00,38.91
12/02/2025 12:27:34:347,Moved,522.50,210.00,0.00,1.00,38.92
12/02/2025 12:27:34:373,Moved,550,173.75,0.00,1.00,38.92
12/02/2025 12:27:34:373,Moved,550.00,173.75,0.00,1.00,39.18
12/02/2025 12:27:34:411,Moved,583.75,131.25,0.00,1.00,39.18
12/02/2025 12:27:34:411,Moved,583.75,131.25,0.00,1.00,39.79
12/02/2025 12:27:34:423,Moved,592.5,121.25,0.00,1.00,39.79
12/02/2025 12:27:34:423,Moved,592.50,121.25,0.00,1.00,39.81
12/02/2025 12:27:34:439,Moved,600,113.75,0.00,1.00,39.81
12/02/2025 12:27:34:439,Moved,600.00,113.75,0.00,1.00,39.82
12/02/2025 12:27:34:455,Moved,612.5,97.49998,0.00,1.00,39.82
12/02/2025 12:27:34:455,Moved,612.50,97.50,0.00,1.00,39.86
12/02/2025 12:27:34:468,Moved,617.5,91.24998,0.00,1.00,39.86
12/02/2025 12:27:34:468,Moved,617.50,91.25,0.00,1.00,39.88
12/02/2025 12:27:34:484,Moved,627.5,79.99998,0.00,1.00,39.88
12/02/2025 12:27:34:484,Moved,627.50,80.00,0.00,1.00,39.90
12/02/2025 12:27:34:498,Moved,632.5,74.99998,0.00,1.00,39.90
12/02/2025 12:27:34:498,Moved,632.50,75.00,0.00,1.00,39.91
12/02/2025 12:27:34:518,Moved,641.2501,66.24998,0.00,1.00,39.91
12/02/2025 12:27:34:518,Moved,641.25,66.25,0.00,1.00,39.95
12/02/2025 12:27:34:526,Stationary,641.2501,66.24998,0.00,1.00,39.95
12/02/2025 12:27:34:572,Ended,645.0001,63.74998,0.00,1.00,39.95
12/02/2025 12:27:34:572,Ended,645.00,63.75,0.00,1.00,39.95
12/02/2025 12:27:34:943,Began,577.5,371.25,0.00,1.00,39.95
12/02/2025 12:27:34:943,Began,577.50,371.25,0.00,1.00,39.95
12/02/2025 12:27:34:965,Moved,577.5,371.25,0.00,1.00,39.95
12/02/2025 12:27:34:965,Moved,577.50,371.25,0.00,1.00,39.95
12/02/2025 12:27:35:585,Began,517.5,285,0.00,1.00,39.95
12/02/2025 12:27:35:585,Began,517.50,285.00,0.00,1.00,39.95
12/02/2025 12:27:35:605,Moved,517.5,285,0.00,1.00,39.95
12/02/2025 12:27:35:605,Moved,517.50,285.00,0.00,1.00,39.95
12/02/2025 12:27:35:627,Moved,517.5,282.5,0.00,1.00,39.95
12/02/2025 12:27:35:627,Moved,517.50,282.50,0.00,1.00,39.96
12/02/2025 12:27:35:638,Moved,521.25,275,0.00,1.00,39.96
12/02/2025 12:27:35:638,Moved,521.25,275.00,0.00,1.00,39.97
12/02/2025 12:27:35:673,Moved,533.75,251.25,0.00,1.00,39.97
12/02/2025 12:27:35:673,Moved,533.75,251.25,0.00,1.00,40.24
12/02/2025 12:27:35:712,Moved,558.75,211.25,0.00,1.00,40.24
12/02/2025 12:27:35:712,Moved,558.75,211.25,0.00,1.00,40.88
12/02/2025 12:27:35:735,Moved,572.5,192.5,0.00,1.00,40.88
12/02/2025 12:27:35:735,Moved,572.50,192.50,0.00,1.00,40.98
12/02/2025 12:27:35:755,Moved,586.25,172.5,0.00,1.00,40.98
12/02/2025 12:27:35:755,Moved,586.25,172.50,0.00,1.00,41.05
12/02/2025 12:27:35:772,Moved,598.75,155,0.00,1.00,41.05
12/02/2025 12:27:35:772,Moved,598.75,155.00,0.00,1.00,41.11
12/02/2025 12:27:35:786,Moved,606.25,146.25,0.00,1.00,41.11
12/02/2025 12:27:35:786,Moved,606.25,146.25,0.00,1.00,41.12
12/02/2025 12:27:35:805,Moved,618.75,130,0.00,1.00,41.12
12/02/2025 12:27:35:805,Moved,618.75,130.00,0.00,1.00,41.17
12/02/2025 12:27:35:818,Moved,625,121.25,0.00,1.00,41.17
12/02/2025 12:27:35:818,Moved,625.00,121.25,0.00,1.00,41.19
12/02/2025 12:27:35:837,Moved,637.5,106.25,0.00,1.00,41.19
12/02/2025 12:27:35:837,Moved,637.50,106.25,0.00,1.00,41.24
12/02/2025 12:27:35:879,Moved,663.7501,76.24998,0.00,1.00,41.24
12/02/2025 12:27:35:879,Moved,663.75,76.25,0.00,1.00,41.78
12/02/2025 12:27:35:907,Moved,675.0001,63.74998,0.00,1.00,41.78
12/02/2025 12:27:35:907,Moved,675.00,63.75,0.00,1.00,41.87
12/02/2025 12:27:35:926,Moved,686.2501,51.24998,0.00,1.00,41.87
12/02/2025 12:27:35:926,Moved,686.25,51.25,0.00,1.00,41.92
12/02/2025 12:27:35:944,Moved,698.7501,38.74998,0.00,1.00,41.92
12/02/2025 12:27:35:944,Moved,698.75,38.75,0.00,1.00,41.96
12/02/2025 12:27:35:959,Moved,706.2501,32.49998,0.00,1.00,41.96
12/02/2025 12:27:35:959,Moved,706.25,32.50,0.00,1.00,41.97
12/02/2025 12:27:35:976,Moved,722.5001,19.99998,0.00,1.00,41.97
12/02/2025 12:27:35:976,Moved,722.50,20.00,0.00,1.00,42.01
12/02/2025 12:27:35:995,Ended,731.2501,12.49999,0.00,1.00,42.01
12/02/2025 12:27:35:995,Ended,731.25,12.50,0.00,1.00,42.01
12/02/2025 12:29:07:761,Began,522.5,335,0.00,1.00,0.00
12/02/2025 12:29:07:761,Began,522.50,335.00,0.00,1.00,0.00
12/02/2025 12:29:07:856,Moved,515,211.25,0.00,1.00,0.00
12/02/2025 12:29:07:856,Moved,515.00,211.25,0.00,1.00,123.75
12/02/2025 12:29:07:886,Moved,515,180,0.00,1.00,123.75
12/02/2025 12:29:07:886,Moved,515.00,180.00,0.00,1.00,152.81
12/02/2025 12:29:07:904,Moved,516.25,161.25,0.00,1.00,152.81
12/02/2025 12:29:07:904,Moved,516.25,161.25,0.00,1.00,163.15
12/02/2025 12:29:07:926,Moved,517.5,146.25,0.00,1.00,163.15
12/02/2025 12:29:07:926,Moved,517.50,146.25,0.00,1.00,171.94
12/02/2025 12:29:07:937,Moved,517.5,137.5,0.00,1.00,171.94
12/02/2025 12:29:07:937,Moved,517.50,137.50,0.00,1.00,175.37
12/02/2025 12:29:07:957,Moved,518.75,125,0.00,1.00,175.37
12/02/2025 12:29:07:957,Moved,518.75,125.00,0.00,1.00,182.49
12/02/2025 12:29:07:972,Moved,520,118.75,0.00,1.00,182.49
12/02/2025 12:29:07:972,Moved,520.00,118.75,0.00,1.00,185.44
12/02/2025 12:29:07:989,Moved,522.5,106.25,0.00,1.00,185.44
12/02/2025 12:29:07:989,Moved,522.50,106.25,0.00,1.00,191.79
12/02/2025 12:29:08:008,Moved,522.5,96.24998,0.00,1.00,191.79
12/02/2025 12:29:08:008,Moved,522.50,96.25,0.00,1.00,197.36
12/02/2025 12:29:08:052,Moved,518.75,62.49998,0.00,1.00,197.36
12/02/2025 12:29:08:052,Moved,518.75,62.50,0.00,1.00,231.11
12/02/2025 12:29:08:067,Moved,517.5,56.24998,0.00,1.00,231.11
12/02/2025 12:29:08:067,Moved,517.50,56.25,0.00,1.00,234.07
12/02/2025 12:29:08:108,Ended,512.5,41.24998,0.00,1.00,234.07
12/02/2025 12:29:08:108,Ended,512.50,41.25,0.00,1.00,234.07
12/02/2025 12:29:13:911,Began,601.25,511.25,0.00,1.00,234.07
12/02/2025 12:29:13:911,Began,601.25,511.25,0.00,1.00,234.07
12/02/2025 12:29:13:935,Moved,600,501.25,0.00,1.00,234.07
12/02/2025 12:29:13:935,Moved,600.00,501.25,0.00,1.00,234.77
12/02/2025 12:29:13:961,Moved,598.75,475,0.00,1.00,234.77
12/02/2025 12:29:13:961,Moved,598.75,475.00,0.00,1.00,236.88
12/02/2025 12:29:13:977,Moved,598.75,462.5,0.00,1.00,236.88
12/02/2025 12:29:13:977,Moved,598.75,462.50,0.00,1.00,237.48
12/02/2025 12:29:13:993,Moved,598.75,436.25,0.00,1.00,237.48
12/02/2025 12:29:13:993,Moved,598.75,436.25,0.00,1.00,238.78
12/02/2025 12:29:14:033,Moved,597.5,376.25,0.00,1.00,238.78
12/02/2025 12:29:14:033,Moved,597.50,376.25,0.00,1.00,244.78
12/02/2025 12:29:14:048,Moved,596.25,361.25,0.00,1.00,244.78
12/02/2025 12:29:14:048,Moved,596.25,361.25,0.00,1.00,245.37
12/02/2025 12:29:14:063,Moved,593.75,332.5,0.00,1.00,245.37
12/02/2025 12:29:14:063,Moved,593.75,332.50,0.00,1.00,246.71
12/02/2025 12:29:14:079,Moved,592.5,318.75,0.00,1.00,246.71
12/02/2025 12:29:14:079,Moved,592.50,318.75,0.00,1.00,247.38
12/02/2025 12:29:14:103,Moved,591.25,278.75,0.00,1.00,247.38
12/02/2025 12:29:14:103,Moved,591.25,278.75,0.00,1.00,250.34
12/02/2025 12:29:14:124,Moved,590,266.25,0.00,1.00,250.34
12/02/2025 12:29:14:124,Moved,590.00,266.25,0.00,1.00,251.18
12/02/2025 12:29:14:147,Moved,587.5,232.5,0.00,1.00,251.18
12/02/2025 12:29:14:147,Moved,587.50,232.50,0.00,1.00,253.21
12/02/2025 12:29:14:194,Moved,587.5,185,0.00,1.00,253.21
12/02/2025 12:29:14:194,Moved,587.50,185.00,0.00,1.00,257.96
12/02/2025 12:29:14:213,Moved,586.25,167.5,0.00,1.00,257.96
12/02/2025 12:29:14:213,Moved,586.25,167.50,0.00,1.00,259.05
12/02/2025 12:29:14:232,Moved,583.75,151.25,0.00,1.00,259.05
12/02/2025 12:29:14:232,Moved,583.75,151.25,0.00,1.00,259.92
12/02/2025 12:29:14:250,Moved,582.5,142.5,0.00,1.00,259.92
12/02/2025 12:29:14:250,Moved,582.50,142.50,0.00,1.00,260.39
12/02/2025 12:29:14:270,Moved,581.25,121.25,0.00,1.00,260.39
12/02/2025 12:29:14:270,Moved,581.25,121.25,0.00,1.00,261.73
12/02/2025 12:29:14:289,Ended,581.25,121.25,0.00,1.00,261.73
12/02/2025 12:29:14:289,Ended,581.25,121.25,0.00,1.00,261.73
12/02/2025 12:29:15:090,Began,601.25,446.25,0.00,1.00,261.73
12/02/2025 12:29:15:090,Began,601.25,446.25,0.00,1.00,261.73
12/02/2025 12:29:15:100,Moved,601.25,437.5,0.00,1.00,261.73
12/02/2025 12:29:15:100,Moved,601.25,437.50,0.00,1.00,261.98
12/02/2025 12:29:15:136,Moved,600,405,0.00,1.00,261.98
12/02/2025 12:29:15:136,Moved,600.00,405.00,0.00,1.00,265.23
12/02/2025 12:29:15:164,Moved,598.75,365,0.00,1.00,265.23
12/02/2025 12:29:15:164,Moved,598.75,365.00,0.00,1.00,268.61
12/02/2025 12:29:15:177,Moved,598.75,351.25,0.00,1.00,268.61
12/02/2025 12:29:15:177,Moved,598.75,351.25,0.00,1.00,269.13
12/02/2025 12:29:15:191,Moved,598.75,336.25,0.00,1.00,269.13
12/02/2025 12:29:15:191,Moved,598.75,336.25,0.00,1.00,269.75
12/02/2025 12:29:15:207,Moved,598.75,308.75,0.00,1.00,269.75
12/02/2025 12:29:15:207,Moved,598.75,308.75,0.00,1.00,271.09
12/02/2025 12:29:15:221,Moved,598.75,293.75,0.00,1.00,271.09
12/02/2025 12:29:15:221,Moved,598.75,293.75,0.00,1.00,271.70
12/02/2025 12:29:15:240,Moved,597.5,251.25,0.00,1.00,271.70
12/02/2025 12:29:15:240,Moved,597.50,251.25,0.00,1.00,274.15
12/02/2025 12:29:15:254,Moved,596.25,237.5,0.00,1.00,274.15
12/02/2025 12:29:15:254,Moved,596.25,237.50,0.00,1.00,274.73
12/02/2025 12:29:15:292,Moved,592.5,190,0.00,1.00,274.73
12/02/2025 12:29:15:292,Moved,592.50,190.00,0.00,1.00,279.48
12/02/2025 12:29:15:304,Moved,592.5,178.75,0.00,1.00,279.48
12/02/2025 12:29:15:304,Moved,592.50,178.75,0.00,1.00,279.93
12/02/2025 12:29:15:324,Moved,592.5,156.25,0.00,1.00,279.93
12/02/2025 12:29:15:324,Moved,592.50,156.25,0.00,1.00,281.27
12/02/2025 12:29:15:338,Moved,591.25,146.25,0.00,1.00,281.27
12/02/2025 12:29:15:338,Moved,591.25,146.25,0.00,1.00,281.66
12/02/2025 12:29:15:355,Moved,588.75,123.75,0.00,1.00,281.66
12/02/2025 12:29:15:355,Moved,588.75,123.75,0.00,1.00,282.89
12/02/2025 12:29:15:371,Ended,588.75,123.75,0.00,1.00,282.89
12/02/2025 12:29:15:371,Ended,588.75,123.75,0.00,1.00,282.89
12/02/2025 12:29:16:368,Began,422.5,115,0.00,1.00,282.89
12/02/2025 12:29:16:368,Began,422.50,115.00,0.00,1.00,282.89
12/02/2025 12:29:16:931,Began,573.75,237.5,0.00,1.00,282.89
12/02/2025 12:29:16:931,Began,573.75,237.50,0.00,1.00,282.89
12/02/2025 12:29:16:943,Moved,573.75,237.5,0.00,1.00,282.89
12/02/2025 12:29:16:943,Moved,573.75,237.50,0.00,1.00,282.89
12/02/2025 12:29:16:972,Moved,572.5,230,0.00,1.00,282.89
12/02/2025 12:29:16:972,Moved,572.50,230.00,-0.19,1.00,283.49
12/02/2025 12:29:16:979,Moved,573.75,223.75,-0.19,1.00,283.49
12/02/2025 12:29:16:979,Moved,573.75,223.75,-0.23,1.00,283.63
12/02/2025 12:29:17:007,Moved,582.5,197.5,-0.23,1.00,283.63
12/02/2025 12:29:17:007,Moved,582.50,197.50,-0.90,1.00,285.74
12/02/2025 12:29:17:016,Stationary,582.5,197.5,-0.90,1.00,285.74
12/02/2025 12:29:17:048,Moved,598.75,163.75,-0.90,1.00,285.74
12/02/2025 12:29:17:048,Moved,598.75,163.75,-1.89,1.00,288.85
12/02/2025 12:29:17:071,Moved,608.75,146.25,-1.89,1.00,288.85
12/02/2025 12:29:17:071,Moved,608.75,146.25,-2.24,1.00,289.97
12/02/2025 12:29:17:081,Moved,612.5,137.5,-2.24,1.00,289.97
12/02/2025 12:29:17:081,Moved,612.50,137.50,-2.33,1.00,290.23
12/02/2025 12:29:17:096,Moved,617.5,128.75,-2.33,1.00,290.23
12/02/2025 12:29:17:096,Moved,617.50,128.75,-2.45,1.00,290.61
12/02/2025 12:29:17:111,Moved,625,110,-2.45,1.00,290.61
12/02/2025 12:29:17:111,Moved,625.00,110.00,-2.71,1.00,291.43
12/02/2025 12:29:17:134,Moved,632.5,91.24998,-2.71,1.00,291.43
12/02/2025 12:29:17:134,Moved,632.50,91.25,-3.06,1.00,292.55
12/02/2025 12:29:17:173,Moved,647.5001,58.74998,-3.06,1.00,292.55
12/02/2025 12:29:17:173,Moved,647.50,58.75,-4.04,1.00,295.65
12/02/2025 12:29:17:205,Ended,650.0001,51.24998,-4.04,1.00,295.65
12/02/2025 12:29:17:205,Ended,650.00,51.25,-4.04,1.00,295.65
12/02/2025 12:29:25:442,Began,557.5,503.75,-4.04,1.00,295.65
12/02/2025 12:29:25:442,Began,557.50,503.75,-4.04,1.00,295.65
12/02/2025 12:29:25:459,Moved,555,507.5,-4.04,1.00,295.65
12/02/2025 12:29:25:459,Moved,555.00,507.50,-4.04,1.00,295.63
12/02/2025 12:29:25:479,Moved,553.75,508.75,-4.04,1.00,295.63
12/02/2025 12:29:25:479,Moved,553.75,508.75,-4.04,1.00,295.63
12/02/2025 12:29:25:492,Stationary,553.75,508.75,-4.04,1.00,295.63
12/02/2025 12:29:25:539,Moved,550,472.5,-4.04,1.00,295.63
12/02/2025 12:29:25:539,Moved,550.00,472.50,-4.15,1.00,295.97
12/02/2025 12:29:25:574,Moved,548.75,426.25,-4.15,1.00,295.97
12/02/2025 12:29:25:574,Moved,548.75,426.25,-4.28,1.00,296.41
12/02/2025 12:29:25:588,Moved,547.5,408.75,-4.28,1.00,296.41
12/02/2025 12:29:25:588,Moved,547.50,408.75,-4.31,1.00,296.49
12/02/2025 12:29:25:606,Moved,543.75,372.5,-4.31,1.00,296.49
12/02/2025 12:29:25:606,Moved,543.75,372.50,-4.37,1.00,296.67
12/02/2025 12:29:25:623,Moved,541.25,338.75,-4.37,1.00,296.67
12/02/2025 12:29:25:623,Moved,541.25,338.75,-4.42,1.00,296.83
12/02/2025 12:29:25:644,Moved,540,306.25,-4.42,1.00,296.83
12/02/2025 12:29:25:644,Moved,540.00,306.25,-4.48,1.00,297.04
12/02/2025 12:29:25:684,Moved,538.75,248.75,-4.48,1.00,297.04
12/02/2025 12:29:25:684,Moved,538.75,248.75,-4.66,1.00,297.58
12/02/2025 12:29:25:701,Moved,540,222.5,-4.66,1.00,297.58
12/02/2025 12:29:25:701,Moved,540.00,222.50,-4.70,1.00,297.73
12/02/2025 12:29:25:716,Moved,540,211.25,-4.70,1.00,297.73
12/02/2025 12:29:25:716,Moved,540.00,211.25,-4.72,1.00,297.77
12/02/2025 12:29:25:733,Moved,541.25,187.5,-4.72,1.00,297.77
12/02/2025 12:29:25:733,Moved,541.25,187.50,-4.76,1.00,297.90
12/02/2025 12:29:25:753,Moved,541.25,166.25,-4.76,1.00,297.90
12/02/2025 12:29:25:753,Moved,541.25,166.25,-4.79,1.00,298.01
12/02/2025 12:29:25:772,Moved,542.5,146.25,-4.79,1.00,298.01
12/02/2025 12:29:25:772,Moved,542.50,146.25,-4.82,1.00,298.11
12/02/2025 12:29:25:787,Moved,542.5,136.25,-4.82,1.00,298.11
12/02/2025 12:29:25:787,Moved,542.50,136.25,-4.84,1.00,298.16
12/02/2025 12:29:25:804,Moved,543.75,118.75,-4.84,1.00,298.16
12/02/2025 12:29:25:804,Moved,543.75,118.75,-4.86,1.00,298.24
12/02/2025 12:29:25:844,Moved,542.5,79.99998,-4.86,1.00,298.24
12/02/2025 12:29:25:844,Moved,542.50,80.00,-4.98,1.00,298.61
12/02/2025 12:29:25:870,Moved,540,46.24998,-4.98,1.00,298.61
12/02/2025 12:29:25:870,Moved,540.00,46.25,-5.06,1.00,298.86
12/02/2025 12:29:25:885,Moved,540,36.24998,-5.06,1.00,298.86
12/02/2025 12:29:25:885,Moved,540.00,36.25,-5.07,1.00,298.90
12/02/2025 12:29:25:905,Ended,538.75,27.49998,-5.07,1.00,298.90
12/02/2025 12:29:25:905,Ended,538.75,27.50,-5.07,1.00,298.90
12/02/2025 12:29:26:383,Began,543.75,502.5,-5.07,1.00,298.90
12/02/2025 12:29:26:383,Began,543.75,502.50,-5.07,1.00,298.90
12/02/2025 12:29:26:403,Moved,543.75,487.5,-5.07,1.00,298.90
12/02/2025 12:29:26:403,Moved,543.75,487.50,-5.10,1.00,298.99
12/02/2025 12:29:26:434,Moved,541.25,447.5,-5.10,1.00,298.99
12/02/2025 12:29:26:434,Moved,541.25,447.50,-5.22,1.00,299.35
12/02/2025 12:29:26:473,Moved,542.5,391.25,-5.22,1.00,299.35
12/02/2025 12:29:26:473,Moved,542.50,391.25,-5.39,1.00,299.89
12/02/2025 12:29:26:495,Moved,543.75,363.75,-5.39,1.00,299.89
12/02/2025 12:29:26:495,Moved,543.75,363.75,-5.44,1.00,300.07
12/02/2025 12:29:26:511,Moved,545,351.25,-5.44,1.00,300.07
12/02/2025 12:29:26:511,Moved,545.00,351.25,-5.46,1.00,300.12
12/02/2025 12:29:26:532,Moved,546.25,316.25,-5.46,1.00,300.12
12/02/2025 12:29:26:532,Moved,546.25,316.25,-5.53,1.00,300.33
12/02/2025 12:29:26:545,Moved,547.5,306.25,-5.53,1.00,300.33
12/02/2025 12:29:26:545,Moved,547.50,306.25,-5.54,1.00,300.37
12/02/2025 12:29:26:565,Moved,547.5,285,-5.54,1.00,300.37
12/02/2025 12:29:26:565,Moved,547.50,285.00,-5.58,1.00,300.49
12/02/2025 12:29:26:581,Moved,547.5,275,-5.58,1.00,300.49
12/02/2025 12:29:26:581,Moved,547.50,275.00,-5.59,1.00,300.54
12/02/2025 12:29:26:601,Moved,550,246.25,-5.59,1.00,300.54
12/02/2025 12:29:26:601,Moved,550.00,246.25,-5.64,1.00,300.71
12/02/2025 12:29:26:635,Moved,551.25,221.25,-5.64,1.00,300.71
12/02/2025 12:29:26:635,Moved,551.25,221.25,-5.72,1.00,300.95
12/02/2025 12:29:26:651,Moved,551.25,213.75,-5.72,1.00,300.95
12/02/2025 12:29:26:651,Moved,551.25,213.75,-5.73,1.00,300.98
12/02/2025 12:29:26:672,Moved,551.25,191.25,-5.73,1.00,300.98
12/02/2025 12:29:26:672,Moved,551.25,191.25,-5.77,1.00,301.11
12/02/2025 12:29:26:686,Moved,551.25,185,-5.77,1.00,301.11
12/02/2025 12:29:26:686,Moved,551.25,185.00,-5.78,1.00,301.14
12/02/2025 12:29:26:707,Moved,552.5,171.25,-5.78,1.00,301.14
12/02/2025 12:29:26:707,Moved,552.50,171.25,-5.81,1.00,301.22
12/02/2025 12:29:26:724,Moved,552.5,158.75,-5.81,1.00,301.22
12/02/2025 12:29:26:724,Moved,552.50,158.75,-5.83,1.00,301.28
12/02/2025 12:29:26:739,Moved,552.5,152.5,-5.83,1.00,301.28
12/02/2025 12:29:26:739,Moved,552.50,152.50,-5.84,1.00,301.31
12/02/2025 12:29:26:761,Moved,552.5,136.25,-5.84,1.00,301.31
12/02/2025 12:29:26:761,Moved,552.50,136.25,-5.87,1.00,301.41
12/02/2025 12:29:26:800,Moved,555,115,-5.87,1.00,301.41
12/02/2025 12:29:26:800,Moved,555.00,115.00,-5.93,1.00,301.62
12/02/2025 12:29:26:819,Moved,556.25,110,-5.93,1.00,301.62
12/02/2025 12:29:26:819,Moved,556.25,110.00,-5.94,1.00,301.64
12/02/2025 12:29:26:838,Moved,557.5,92.49998,-5.94,1.00,301.64
12/02/2025 12:29:26:838,Moved,557.50,92.50,-5.97,1.00,301.75
12/02/2025 12:29:26:853,Moved,557.5,87.49998,-5.97,1.00,301.75
12/02/2025 12:29:26:853,Moved,557.50,87.50,-5.98,1.00,301.76
12/02/2025 12:29:26:867,Moved,557.5,81.24998,-5.98,1.00,301.76
12/02/2025 12:29:26:867,Moved,557.50,81.25,-5.99,1.00,301.79
12/02/2025 12:29:26:883,Moved,557.5,71.24998,-5.99,1.00,301.79
12/02/2025 12:29:26:883,Moved,557.50,71.25,-6.00,1.00,301.84
12/02/2025 12:29:26:899,Moved,557.5,66.24998,-6.00,1.00,301.84
12/02/2025 12:29:26:899,Moved,557.50,66.25,-6.01,1.00,301.86
12/02/2025 12:29:26:924,Moved,557.5,49.99998,-6.01,1.00,301.86
12/02/2025 12:29:26:924,Moved,557.50,50.00,-6.05,1.00,301.97
12/02/2025 12:29:26:960,Moved,557.5,29.99998,-6.05,1.00,301.97
12/02/2025 12:29:26:960,Moved,557.50,30.00,-6.11,1.00,302.16
12/02/2025 12:29:26:974,Moved,557.5,26.24998,-6.11,1.00,302.16
12/02/2025 12:29:26:974,Moved,557.50,26.25,-6.11,1.00,302.18
12/02/2025 12:29:26:991,Moved,558.75,18.74998,-6.11,1.00,302.18
12/02/2025 12:29:26:991,Moved,558.75,18.75,-6.12,1.00,302.21
12/02/2025 12:29:27:004,Moved,558.75,16.24998,-6.12,1.00,302.21
12/02/2025 12:29:27:004,Moved,558.75,16.25,-6.13,1.00,302.22
12/02/2025 12:29:27:022,Moved,560,9.999986,-6.13,1.00,302.22
12/02/2025 12:29:27:022,Moved,560.00,10.00,-6.14,1.00,302.26
12/02/2025 12:29:27:035,Moved,560,6.249986,-6.14,1.00,302.26
12/02/2025 12:29:27:035,Moved,560.00,6.25,-6.14,1.00,302.27
12/02/2025 12:29:27:053,Moved,561.25,2.499986,-6.14,1.00,302.27
12/02/2025 12:29:27:053,Moved,561.25,2.50,-6.15,1.00,302.29
12/02/2025 12:29:27:068,Moved,561.25,1.249986,-6.15,1.00,302.29
12/02/2025 12:29:27:068,Moved,561.25,1.25,-6.15,1.00,302.29
12/02/2025 12:29:27:083,Ended,561.25,1.249986,-6.15,1.00,302.29
12/02/2025 12:29:27:083,Ended,561.25,1.25,-6.15,1.00,302.29
12/02/2025 12:29:27:463,Began,542.5,528.75,-6.15,1.00,302.29
12/02/2025 12:29:27:463,Began,542.50,528.75,-6.15,1.00,302.29
12/02/2025 12:29:27:476,Moved,542.5,526.25,-6.15,1.00,302.29
12/02/2025 12:29:27:476,Moved,542.50,526.25,-6.15,1.00,302.30
12/02/2025 12:29:27:496,Moved,542.5,516.25,-6.15,1.00,302.30
12/02/2025 12:29:27:496,Moved,542.50,516.25,-6.17,1.00,302.36
12/02/2025 12:29:27:524,Moved,542.5,485,-6.17,1.00,302.36
12/02/2025 12:29:27:524,Moved,542.50,485.00,-6.25,1.00,302.61
12/02/2025 12:29:27:540,Moved,542.5,471.25,-6.25,1.00,302.61
12/02/2025 12:29:27:540,Moved,542.50,471.25,-6.27,1.00,302.67
12/02/2025 12:29:27:564,Moved,543.75,436.25,-6.27,1.00,302.67
12/02/2025 12:29:27:564,Moved,543.75,436.25,-6.35,1.00,302.94
12/02/2025 12:29:27:602,Moved,546.25,401.25,-6.35,1.00,302.94
12/02/2025 12:29:27:602,Moved,546.25,401.25,-6.46,1.00,303.27
12/02/2025 12:29:27:617,Moved,547.5,380,-6.46,1.00,303.27
12/02/2025 12:29:27:617,Moved,547.50,380.00,-6.49,1.00,303.38
12/02/2025 12:29:27:633,Moved,547.5,367.5,-6.49,1.00,303.38
12/02/2025 12:29:27:633,Moved,547.50,367.50,-6.51,1.00,303.43
12/02/2025 12:29:27:653,Moved,546.25,333.75,-6.51,1.00,303.43
12/02/2025 12:29:27:653,Moved,546.25,333.75,-6.57,1.00,303.62
12/02/2025 12:29:27:662,Stationary,546.25,333.75,-6.57,1.00,303.62
12/02/2025 12:29:27:690,Moved,545,300,-6.57,1.00,303.62
12/02/2025 12:29:27:690,Moved,545.00,300.00,-6.65,1.00,303.88
12/02/2025 12:29:27:714,Moved,543.75,267.5,-6.65,1.00,303.88
12/02/2025 12:29:27:714,Moved,543.75,267.50,-6.73,1.00,304.13
12/02/2025 12:29:27:734,Moved,543.75,256.25,-6.73,1.00,304.13
12/02/2025 12:29:27:734,Moved,543.75,256.25,-6.75,1.00,304.19
12/02/2025 12:29:27:775,Moved,545,206.25,-6.75,1.00,304.19
12/02/2025 12:29:27:775,Moved,545.00,206.25,-6.90,1.00,304.66
12/02/2025 12:29:27:805,Moved,546.25,178.75,-6.90,1.00,304.66
12/02/2025 12:29:27:805,Moved,546.25,178.75,-6.97,1.00,304.90
12/02/2025 12:29:27:819,Moved,547.5,171.25,-6.97,1.00,304.90
12/02/2025 12:29:27:819,Moved,547.50,171.25,-6.98,1.00,304.93
12/02/2025 12:29:27:837,Moved,547.5,156.25,-6.98,1.00,304.93
12/02/2025 12:29:27:837,Moved,547.50,156.25,-7.01,1.00,305.01
12/02/2025 12:29:27:851,Moved,548.75,147.5,-7.01,1.00,305.01
12/02/2025 12:29:27:851,Moved,548.75,147.50,-7.02,1.00,305.04
12/02/2025 12:29:27:869,Moved,551.25,133.75,-7.02,1.00,305.04
12/02/2025 12:29:27:869,Moved,551.25,133.75,-7.04,1.00,305.11
12/02/2025 12:29:27:887,Moved,552.5,118.75,-7.04,1.00,305.11
12/02/2025 12:29:27:887,Moved,552.50,118.75,-7.06,1.00,305.19
12/02/2025 12:29:27:925,Moved,552.5,87.49998,-7.06,1.00,305.19
12/02/2025 12:29:27:925,Moved,552.50,87.50,-7.16,1.00,305.49
12/02/2025 12:29:27:940,Moved,552.5,78.74998,-7.16,1.00,305.49
12/02/2025 12:29:27:940,Moved,552.50,78.75,-7.17,1.00,305.53
12/02/2025 12:29:27:959,Moved,552.5,62.49998,-7.17,1.00,305.53
12/02/2025 12:29:27:959,Moved,552.50,62.50,-7.20,1.00,305.61
12/02/2025 12:29:27:977,Moved,552.5,46.24998,-7.20,1.00,305.61
12/02/2025 12:29:27:977,Moved,552.50,46.25,-7.23,1.00,305.70
12/02/2025 12:29:28:004,Moved,552.5,24.99998,-7.23,1.00,305.70
12/02/2025 12:29:28:004,Moved,552.50,25.00,-7.28,1.00,305.86
12/02/2025 12:29:28:019,Moved,553.75,17.49998,-7.28,1.00,305.86
12/02/2025 12:29:28:019,Moved,553.75,17.50,-7.29,1.00,305.89
12/02/2025 12:29:28:037,Moved,555,6.249986,-7.29,1.00,305.89
12/02/2025 12:29:28:037,Moved,555.00,6.25,-7.31,1.00,305.95
12/02/2025 12:29:28:054,Moved,555,-3.750014,-7.31,1.00,305.95
12/02/2025 12:29:28:054,Moved,555.00,-3.75,-7.32,1.00,306.00
12/02/2025 12:29:28:093,Ended,555,-8.750014,-7.32,1.00,306.00
12/02/2025 12:29:28:093,Ended,555.00,-8.75,-7.32,1.00,306.00
12/02/2025 12:29:28:566,Began,513.75,615,-7.32,1.00,306.00
12/02/2025 12:29:28:566,Began,513.75,615.00,-7.32,1.00,306.00
12/02/2025 12:29:28:576,Moved,513.75,615,-7.32,1.00,306.00
12/02/2025 12:29:28:576,Moved,513.75,615.00,-7.32,1.00,306.00
12/02/2025 12:29:28:598,Moved,513.75,607.5,-7.32,1.00,306.00
12/02/2025 12:29:28:598,Moved,513.75,607.50,-7.34,1.00,306.04
12/02/2025 12:29:28:630,Moved,512.5,583.75,-7.34,1.00,306.04
12/02/2025 12:29:28:630,Moved,512.50,583.75,-7.41,1.00,306.26
12/02/2025 12:29:28:662,Moved,512.5,551.25,-7.41,1.00,306.26
12/02/2025 12:29:28:662,Moved,512.50,551.25,-7.50,1.00,306.56
12/02/2025 12:29:28:676,Moved,512.5,540,-7.50,1.00,306.56
12/02/2025 12:29:28:676,Moved,512.50,540.00,-7.51,1.00,306.61
12/02/2025 12:29:28:715,Moved,511.25,473.75,-7.51,1.00,306.61
12/02/2025 12:29:28:715,Moved,511.25,473.75,-7.71,1.00,307.24
12/02/2025 12:29:28:729,Moved,511.25,460,-7.71,1.00,307.24
12/02/2025 12:29:28:729,Moved,511.25,460.00,-7.73,1.00,307.29
12/02/2025 12:29:28:745,Moved,510,446.25,-7.73,1.00,307.29
12/02/2025 12:29:28:745,Moved,510.00,446.25,-7.75,1.00,307.35
12/02/2025 12:29:28:763,Moved,510,417.5,-7.75,1.00,307.35
12/02/2025 12:29:28:763,Moved,510.00,417.50,-7.80,1.00,307.51
12/02/2025 12:29:28:779,Moved,510,390,-7.80,1.00,307.51
12/02/2025 12:29:28:779,Moved,510.00,390.00,-7.84,1.00,307.64
12/02/2025 12:29:28:796,Moved,510,376.25,-7.84,1.00,307.64
12/02/2025 12:29:28:796,Moved,510.00,376.25,-7.86,1.00,307.70
12/02/2025 12:29:28:813,Moved,510,346.25,-7.86,1.00,307.70
12/02/2025 12:29:28:813,Moved,510.00,346.25,-7.91,1.00,307.84
12/02/2025 12:29:28:838,Moved,510,306.25,-7.91,1.00,307.84
12/02/2025 12:29:28:838,Moved,510.00,306.25,-8.00,1.00,308.14
12/02/2025 12:29:28:879,Moved,511.25,253.75,-8.00,1.00,308.14
12/02/2025 12:29:28:879,Moved,511.25,253.75,-8.16,1.00,308.64
12/02/2025 12:29:28:894,Moved,511.25,241.25,-8.16,1.00,308.64
12/02/2025 12:29:28:894,Moved,511.25,241.25,-8.17,1.00,308.69
12/02/2025 12:29:28:911,Moved,510,220,-8.17,1.00,308.69
12/02/2025 12:29:28:911,Moved,510.00,220.00,-8.21,1.00,308.80
12/02/2025 12:29:28:931,Moved,510,197.5,-8.21,1.00,308.80
12/02/2025 12:29:28:931,Moved,510.00,197.50,-8.25,1.00,308.92
12/02/2025 12:29:28:947,Moved,508.75,176.25,-8.25,1.00,308.92
12/02/2025 12:29:28:947,Moved,508.75,176.25,-8.28,1.00,309.03
12/02/2025 12:29:28:964,Moved,508.75,166.25,-8.28,1.00,309.03
12/02/2025 12:29:28:964,Moved,508.75,166.25,-8.30,1.00,309.07
12/02/2025 12:29:28:980,Moved,507.5,146.25,-8.30,1.00,309.07
12/02/2025 12:29:28:980,Moved,507.50,146.25,-8.32,1.00,309.17
12/02/2025 12:29:28:998,Moved,507.5,126.25,-8.32,1.00,309.17
12/02/2025 12:29:28:998,Moved,507.50,126.25,-8.36,1.00,309.27
12/02/2025 12:29:29:034,Moved,506.25,81.24998,-8.36,1.00,309.27
12/02/2025 12:29:29:034,Moved,506.25,81.25,-8.49,1.00,309.70
12/02/2025 12:29:29:060,Moved,506.25,58.74998,-8.49,1.00,309.70
12/02/2025 12:29:29:060,Moved,506.25,58.75,-8.55,1.00,309.87
12/02/2025 12:29:29:075,Moved,507.5,47.49998,-8.55,1.00,309.87
12/02/2025 12:29:29:075,Moved,507.50,47.50,-8.56,1.00,309.91
12/02/2025 12:29:29:095,Moved,507.5,16.24998,-8.56,1.00,309.91
12/02/2025 12:29:29:095,Moved,507.50,16.25,-8.62,1.00,310.10
12/02/2025 12:29:29:111,Moved,508.75,6.249986,-8.62,1.00,310.10
12/02/2025 12:29:29:111,Moved,508.75,6.25,-8.63,1.00,310.14
12/02/2025 12:29:29:128,Moved,508.75,-11.25001,-8.63,1.00,310.14
12/02/2025 12:29:29:128,Moved,508.75,-11.25,-8.66,1.00,310.24
12/02/2025 12:29:29:141,Moved,510,-18.75002,-8.66,1.00,310.24
12/02/2025 12:29:29:141,Moved,510.00,-18.75,-8.67,1.00,310.26
12/02/2025 12:29:29:156,Moved,510,-30.00002,-8.67,1.00,310.26
12/02/2025 12:29:29:156,Moved,510.00,-30.00,-8.69,1.00,310.32
12/02/2025 12:29:29:195,Ended,508.75,-38.75002,-8.69,1.00,310.32
12/02/2025 12:29:29:195,Ended,508.75,-38.75,-8.69,1.00,310.32
12/02/2025 12:29:29:704,Began,511.25,555,-8.69,1.00,310.32
12/02/2025 12:29:29:704,Began,511.25,555.00,-8.69,1.00,310.32
12/02/2025 12:29:29:716,Moved,511.25,542.5,-8.69,1.00,310.32
12/02/2025 12:29:29:716,Moved,511.25,542.50,-8.71,1.00,310.37
12/02/2025 12:29:29:749,Moved,513.75,492.5,-8.71,1.00,310.37
12/02/2025 12:29:29:749,Moved,513.75,492.50,-8.85,1.00,310.84
12/02/2025 12:29:29:780,Moved,517.5,450,-8.85,1.00,310.84
12/02/2025 12:29:29:780,Moved,517.50,450.00,-8.97,1.00,311.21
12/02/2025 12:29:29:798,Moved,517.5,435,-8.97,1.00,311.21
12/02/2025 12:29:29:798,Moved,517.50,435.00,-9.00,1.00,311.28
12/02/2025 12:29:29:836,Moved,521.25,375,-9.00,1.00,311.28
12/02/2025 12:29:29:836,Moved,521.25,375.00,-9.18,1.00,311.86
12/02/2025 12:29:29:863,Moved,521.25,342.5,-9.18,1.00,311.86
12/02/2025 12:29:29:863,Moved,521.25,342.50,-9.26,1.00,312.11
12/02/2025 12:29:29:881,Moved,521.25,295,-9.26,1.00,312.11
12/02/2025 12:29:29:881,Moved,521.25,295.00,-9.34,1.00,312.36
12/02/2025 12:29:29:910,Moved,522.5,246.25,-9.34,1.00,312.36
12/02/2025 12:29:29:910,Moved,522.50,246.25,-9.46,1.00,312.75
12/02/2025 12:29:29:924,Moved,523.75,231.25,-9.46,1.00,312.75
12/02/2025 12:29:29:924,Moved,523.75,231.25,-9.48,1.00,312.82
12/02/2025 12:29:29:943,Moved,526.25,201.25,-9.48,1.00,312.82
12/02/2025 12:29:29:943,Moved,526.25,201.25,-9.53,1.00,312.98
12/02/2025 12:29:29:960,Moved,528.75,173.75,-9.53,1.00,312.98
12/02/2025 12:29:29:960,Moved,528.75,173.75,-9.58,1.00,313.12
12/02/2025 12:29:29:999,Moved,533.75,122.5,-9.58,1.00,313.12
12/02/2025 12:29:29:999,Moved,533.75,122.50,-9.73,1.00,313.61
12/02/2025 12:29:30:014,Moved,535,111.25,-9.73,1.00,313.61
12/02/2025 12:29:30:014,Moved,535.00,111.25,-9.75,1.00,313.66
12/02/2025 12:29:30:033,Moved,537.5,91.24998,-9.75,1.00,313.66
12/02/2025 12:29:30:033,Moved,537.50,91.25,-9.78,1.00,313.76
12/02/2025 12:29:30:049,Moved,537.5,71.24998,-9.78,1.00,313.76
12/02/2025 12:29:30:049,Moved,537.50,71.25,-9.81,1.00,313.86
12/02/2025 12:29:30:064,Moved,537.5,62.49998,-9.81,1.00,313.86
12/02/2025 12:29:30:064,Moved,537.50,62.50,-9.82,1.00,313.89
12/02/2025 12:29:30:081,Moved,537.5,44.99998,-9.82,1.00,313.89
12/02/2025 12:29:30:081,Moved,537.50,45.00,-9.85,1.00,313.98
12/02/2025 12:29:30:100,Moved,536.25,28.74998,-9.85,1.00,313.98
12/02/2025 12:29:30:100,Moved,536.25,28.75,-9.88,1.00,314.07
12/02/2025 12:29:30:124,Moved,535,13.74999,-9.88,1.00,314.07
12/02/2025 12:29:30:124,Moved,535.00,13.75,-9.91,1.00,314.17
12/02/2025 12:29:30:166,Moved,528.75,-15.00001,-9.91,1.00,314.17
12/02/2025 12:29:30:166,Moved,528.75,-15.00,-10.00,1.00,314.44
12/02/2025 12:29:30:180,Moved,527.5,-20.00002,-10.00,1.00,314.44
12/02/2025 12:29:30:180,Moved,527.50,-20.00,-10.00,1.00,314.46
12/02/2025 12:29:30:195,Ended,527.5,-20.00002,-10.00,1.00,314.46
12/02/2025 12:29:30:195,Ended,527.50,-20.00,-10.00,1.00,314.46
12/02/2025 12:29:30:733,Began,515,581.25,-10.00,1.00,314.46
12/02/2025 12:29:30:733,Began,515.00,581.25,-10.00,1.00,314.46
12/02/2025 12:29:30:754,Moved,513.75,563.75,-10.00,1.00,314.46
12/02/2025 12:29:30:754,Moved,513.75,563.75,-10.03,1.00,314.56
12/02/2025 12:29:30:792,Moved,516.25,521.25,-10.03,1.00,314.56
12/02/2025 12:29:30:792,Moved,516.25,521.25,-10.16,1.00,314.96
12/02/2025 12:29:30:824,Moved,518.75,488.75,-10.16,1.00,314.96
12/02/2025 12:29:30:824,Moved,518.75,488.75,-10.25,1.00,315.25
12/02/2025 12:29:30:839,Moved,520,477.5,-10.25,1.00,315.25
12/02/2025 12:29:30:839,Moved,520.00,477.50,-10.27,1.00,315.30
12/02/2025 12:29:30:854,Moved,522.5,456.25,-10.27,1.00,315.30
12/02/2025 12:29:30:854,Moved,522.50,456.25,-10.30,1.00,315.39
12/02/2025 12:29:30:869,Moved,522.5,445,-10.30,1.00,315.39
12/02/2025 12:29:30:869,Moved,522.50,445.00,-10.31,1.00,315.44
12/02/2025 12:29:30:884,Moved,523.75,423.75,-10.31,1.00,315.44
12/02/2025 12:29:30:884,Moved,523.75,423.75,-10.34,1.00,315.53
12/02/2025 12:29:30:899,Moved,525,412.5,-10.34,1.00,315.53
12/02/2025 12:29:30:899,Moved,525.00,412.50,-10.36,1.00,315.58
12/02/2025 12:29:30:915,Moved,525,391.25,-10.36,1.00,315.58
12/02/2025 12:29:30:915,Moved,525.00,391.25,-10.39,1.00,315.68
12/02/2025 12:29:30:953,Moved,527.5,351.25,-10.39,1.00,315.68
12/02/2025 12:29:30:953,Moved,527.50,351.25,-10.51,1.00,316.06
12/02/2025 12:29:30:978,Moved,527.5,330,-10.51,1.00,316.06
12/02/2025 12:29:30:978,Moved,527.50,330.00,-10.55,1.00,316.20
12/02/2025 12:29:30:994,Moved,527.5,308.75,-10.55,1.00,316.20
12/02/2025 12:29:30:994,Moved,527.50,308.75,-10.59,1.00,316.31
12/02/2025 12:29:31:011,Moved,527.5,298.75,-10.59,1.00,316.31
12/02/2025 12:29:31:011,Moved,527.50,298.75,-10.60,1.00,316.35
12/02/2025 12:29:31:031,Moved,528.75,268.75,-10.60,1.00,316.35
12/02/2025 12:29:31:031,Moved,528.75,268.75,-10.66,1.00,316.53
12/02/2025 12:29:31:044,Moved,528.75,260,-10.66,1.00,316.53
12/02/2025 12:29:31:044,Moved,528.75,260.00,-10.67,1.00,316.57
12/02/2025 12:29:31:062,Moved,528.75,241.25,-10.67,1.00,316.57
12/02/2025 12:29:31:062,Moved,528.75,241.25,-10.70,1.00,316.66
12/02/2025 12:29:31:077,Moved,528.75,231.25,-10.70,1.00,316.66
12/02/2025 12:29:31:077,Moved,528.75,231.25,-10.71,1.00,316.70
12/02/2025 12:29:31:115,Moved,527.5,198.75,-10.71,1.00,316.70
12/02/2025 12:29:31:115,Moved,527.50,198.75,-10.81,1.00,317.01
12/02/2025 12:29:31:129,Moved,527.5,191.25,-10.81,1.00,317.01
12/02/2025 12:29:31:129,Moved,527.50,191.25,-10.82,1.00,317.04
12/02/2025 12:29:31:147,Moved,527.5,176.25,-10.82,1.00,317.04
12/02/2025 12:29:31:147,Moved,527.50,176.25,-10.84,1.00,317.12
12/02/2025 12:29:31:164,Moved,527.5,162.5,-10.84,1.00,317.12
12/02/2025 12:29:31:164,Moved,527.50,162.50,-10.87,1.00,317.19
12/02/2025 12:29:31:189,Moved,526.25,142.5,-10.87,1.00,317.19
12/02/2025 12:29:31:189,Moved,526.25,142.50,-10.91,1.00,317.33
12/02/2025 12:29:31:204,Moved,526.25,136.25,-10.91,1.00,317.33
12/02/2025 12:29:31:204,Moved,526.25,136.25,-10.92,1.00,317.36
12/02/2025 12:29:31:222,Moved,526.25,123.75,-10.92,1.00,317.36
12/02/2025 12:29:31:222,Moved,526.25,123.75,-10.94,1.00,317.42
12/02/2025 12:29:31:237,Moved,526.25,117.5,-10.94,1.00,317.42
12/02/2025 12:29:31:237,Moved,526.25,117.50,-10.95,1.00,317.45
12/02/2025 12:29:31:276,Moved,525,94.99998,-10.95,1.00,317.45
12/02/2025 12:29:31:276,Moved,525.00,95.00,-11.02,1.00,317.66
12/02/2025 12:29:31:293,Moved,525,84.99998,-11.02,1.00,317.66
12/02/2025 12:29:31:293,Moved,525.00,85.00,-11.03,1.00,317.71
12/02/2025 12:29:31:307,Moved,525,81.24998,-11.03,1.00,317.71
12/02/2025 12:29:31:307,Moved,525.00,81.25,-11.04,1.00,317.73
12/02/2025 12:29:31:329,Moved,527.5,66.24998,-11.04,1.00,317.73
12/02/2025 12:29:31:329,Moved,527.50,66.25,-11.06,1.00,317.82
12/02/2025 12:29:31:344,Moved,527.5,61.24998,-11.06,1.00,317.82
12/02/2025 12:29:31:344,Moved,527.50,61.25,-11.07,1.00,317.84
12/02/2025 12:29:31:362,Moved,530,53.74998,-11.07,1.00,317.84
12/02/2025 12:29:31:362,Moved,530.00,53.75,-11.08,1.00,317.88
12/02/2025 12:29:31:377,Moved,530,49.99998,-11.08,1.00,317.88
12/02/2025 12:29:31:377,Moved,530.00,50.00,-11.09,1.00,317.89
12/02/2025 12:29:31:404,Ended,530,49.99998,-11.09,1.00,317.89
12/02/2025 12:29:31:404,Ended,530.00,50.00,-11.09,1.00,317.89
12/02/2025 12:29:31:805,Began,362.5,218.75,-11.09,1.00,317.89
12/02/2025 12:29:31:805,Began,362.50,218.75,-11.09,1.00,317.89
12/02/2025 12:29:32:560,Began,520,426.25,-11.09,1.00,317.89
12/02/2025 12:29:32:560,Began,520.00,426.25,-11.09,1.00,317.89
12/02/2025 12:29:32:572,Moved,522.5,423.75,-11.09,1.00,317.89
12/02/2025 12:29:32:572,Moved,522.50,423.75,-11.10,1.00,317.90
12/02/2025 12:29:32:592,Moved,527.5,411.25,-11.10,1.00,317.90
12/02/2025 12:29:32:592,Moved,527.50,411.25,-11.15,1.00,317.96
12/02/2025 12:29:32:619,Moved,537.5,381.25,-11.15,1.00,317.96
12/02/2025 12:29:32:619,Moved,537.50,381.25,-11.31,1.00,318.14
12/02/2025 12:29:32:644,Moved,542.5,361.25,-11.31,1.00,318.14
12/02/2025 12:29:32:644,Moved,542.50,361.25,-11.41,1.00,318.25
12/02/2025 12:29:32:664,Moved,547.5,342.5,-11.41,1.00,318.25
12/02/2025 12:29:32:664,Moved,547.50,342.50,-11.48,1.00,318.34
12/02/2025 12:29:32:701,Moved,557.5,313.75,-11.48,1.00,318.34
12/02/2025 12:29:32:701,Moved,557.50,313.75,-11.67,1.00,318.55
12/02/2025 12:29:32:715,Moved,560,307.5,-11.67,1.00,318.55
12/02/2025 12:29:32:715,Moved,560.00,307.50,-11.69,1.00,318.57
12/02/2025 12:29:32:734,Moved,562.5,296.25,-11.69,1.00,318.57
12/02/2025 12:29:32:734,Moved,562.50,296.25,-11.73,1.00,318.62
12/02/2025 12:29:32:751,Moved,565,281.25,-11.73,1.00,318.62
12/02/2025 12:29:32:751,Moved,565.00,281.25,-11.78,1.00,318.68
12/02/2025 12:29:32:768,Moved,566.25,276.25,-11.78,1.00,318.68
12/02/2025 12:29:32:768,Moved,566.25,276.25,-11.80,1.00,318.70
12/02/2025 12:29:32:785,Moved,568.75,261.25,-11.80,1.00,318.70
12/02/2025 12:29:32:785,Moved,568.75,261.25,-11.85,1.00,318.76
12/02/2025 12:29:32:802,Moved,572.5,246.25,-11.85,1.00,318.76
12/02/2025 12:29:32:802,Moved,572.50,246.25,-11.90,1.00,318.81
12/02/2025 12:29:32:815,Moved,573.75,240,-11.90,1.00,318.81
12/02/2025 12:29:32:815,Moved,573.75,240.00,-11.92,1.00,318.84
12/02/2025 12:29:32:855,Moved,583.75,211.25,-11.92,1.00,318.84
12/02/2025 12:29:32:855,Moved,583.75,211.25,-12.11,1.00,319.05
12/02/2025 12:29:32:877,Moved,592.5,188.75,-12.11,1.00,319.05
12/02/2025 12:29:32:877,Moved,592.50,188.75,-12.22,1.00,319.17
12/02/2025 12:29:32:892,Moved,593.75,181.25,-12.22,1.00,319.17
12/02/2025 12:29:32:892,Moved,593.75,181.25,-12.24,1.00,319.20
12/02/2025 12:29:32:905,Moved,595,173.75,-12.24,1.00,319.20
12/02/2025 12:29:32:905,Moved,595.00,173.75,-12.26,1.00,319.22
12/02/2025 12:29:32:929,Moved,597.5,151.25,-12.26,1.00,319.22
12/02/2025 12:29:32:929,Moved,597.50,151.25,-12.36,1.00,319.33
12/02/2025 12:29:32:944,Moved,598.75,145,-12.36,1.00,319.33
12/02/2025 12:29:32:944,Moved,598.75,145.00,-12.38,1.00,319.35
12/02/2025 12:29:32:961,Moved,598.75,131.25,-12.38,1.00,319.35
12/02/2025 12:29:32:961,Moved,598.75,131.25,-12.43,1.00,319.41
12/02/2025 12:29:32:974,Moved,598.75,126.25,-12.43,1.00,319.41
12/02/2025 12:29:32:974,Moved,598.75,126.25,-12.44,1.00,319.42
12/02/2025 12:29:33:013,Moved,597.5,99.99998,-12.44,1.00,319.42
12/02/2025 12:29:33:013,Moved,597.50,100.00,-12.61,1.00,319.62
12/02/2025 12:29:33:032,Moved,597.5,86.24998,-12.61,1.00,319.62
12/02/2025 12:29:33:032,Moved,597.50,86.25,-12.67,1.00,319.67
12/02/2025 12:29:33:049,Moved,597.5,73.74998,-12.67,1.00,319.67
12/02/2025 12:29:33:049,Moved,597.50,73.75,-12.71,1.00,319.72
12/02/2025 12:29:33:063,Moved,597.5,68.74998,-12.71,1.00,319.72
12/02/2025 12:29:33:063,Moved,597.50,68.75,-12.72,1.00,319.74
12/02/2025 12:29:33:087,Moved,598.75,56.24998,-12.72,1.00,319.74
12/02/2025 12:29:33:087,Moved,598.75,56.25,-12.78,1.00,319.81
12/02/2025 12:29:33:102,Moved,598.75,54.99998,-12.78,1.00,319.81
12/02/2025 12:29:33:102,Moved,598.75,55.00,-12.79,1.00,319.81
12/02/2025 12:29:33:120,Moved,600,51.24998,-12.79,1.00,319.81
12/02/2025 12:29:33:120,Moved,600.00,51.25,-12.80,1.00,319.83
12/02/2025 12:29:33:135,Moved,600,48.74998,-12.80,1.00,319.83
12/02/2025 12:29:33:135,Moved,600.00,48.75,-12.81,1.00,319.84
12/02/2025 12:29:33:176,Moved,601.25,44.99998,-12.81,1.00,319.84
12/02/2025 12:29:33:176,Moved,601.25,45.00,-12.83,1.00,319.86
12/02/2025 12:29:33:185,Stationary,601.25,44.99998,-12.83,1.00,319.86
12/02/2025 12:29:33:200,Stationary,601.25,44.99998,-12.83,1.00,319.86
12/02/2025 12:29:33:222,Ended,601.25,43.74998,-12.83,1.00,319.86
12/02/2025 12:29:33:222,Ended,601.25,43.75,-12.83,1.00,319.86
12/02/2025 12:29:33:657,Began,588.75,182.5,-12.83,1.00,319.86
12/02/2025 12:29:33:657,Began,588.75,182.50,-12.83,1.00,319.86
12/02/2025 12:29:33:673,Moved,588.75,182.5,-12.83,1.00,319.86
12/02/2025 12:29:33:673,Moved,588.75,182.50,-12.83,1.00,319.86
12/02/2025 12:29:33:692,Moved,587.5,181.25,-12.83,1.00,319.86
12/02/2025 12:29:33:692,Moved,587.50,181.25,-12.84,1.00,319.87
12/02/2025 12:29:33:726,Moved,580,166.25,-12.84,1.00,319.87
12/02/2025 12:29:33:726,Moved,580.00,166.25,-12.94,1.00,319.98
12/02/2025 12:29:33:746,Moved,575,151.25,-12.94,1.00,319.98
12/02/2025 12:29:33:746,Moved,575.00,151.25,-13.00,1.00,320.05
12/02/2025 12:29:33:768,Moved,571.25,136.25,-13.00,1.00,320.05
12/02/2025 12:29:33:768,Moved,571.25,136.25,-13.06,1.00,320.12
12/02/2025 12:29:33:806,Moved,566.25,110,-13.06,1.00,320.12
12/02/2025 12:29:33:806,Moved,566.25,110.00,-13.24,1.00,320.32
12/02/2025 12:29:33:820,Moved,565,102.5,-13.24,1.00,320.32
12/02/2025 12:29:33:820,Moved,565.00,102.50,-13.26,1.00,320.34
12/02/2025 12:29:33:837,Moved,562.5,89.99998,-13.26,1.00,320.34
12/02/2025 12:29:33:837,Moved,562.50,90.00,-13.30,1.00,320.39
12/02/2025 12:29:33:857,Moved,558.75,76.24998,-13.30,1.00,320.39
12/02/2025 12:29:33:857,Moved,558.75,76.25,-13.35,1.00,320.45
12/02/2025 12:29:33:870,Moved,557.5,69.99998,-13.35,1.00,320.45
12/02/2025 12:29:33:870,Moved,557.50,70.00,-13.37,1.00,320.47
12/02/2025 12:29:33:892,Moved,556.25,52.49998,-13.37,1.00,320.47
12/02/2025 12:29:33:892,Moved,556.25,52.50,-13.45,1.00,320.56
12/02/2025 12:29:33:910,Moved,556.25,48.74998,-13.45,1.00,320.56
12/02/2025 12:29:33:910,Moved,556.25,48.75,-13.46,1.00,320.57
12/02/2025 12:29:33:943,Moved,556.25,37.49998,-13.46,1.00,320.57
12/02/2025 12:29:33:943,Moved,556.25,37.50,-13.53,1.00,320.65
12/02/2025 12:29:33:982,Moved,555,29.99998,-13.53,1.00,320.65
12/02/2025 12:29:33:982,Moved,555.00,30.00,-13.58,1.00,320.71
12/02/2025 12:29:33:997,Moved,553.75,26.24998,-13.58,1.00,320.71
12/02/2025 12:29:33:997,Moved,553.75,26.25,-13.59,1.00,320.72
12/02/2025 12:29:34:013,Ended,553.75,26.24998,-13.59,1.00,320.72
12/02/2025 12:29:34:013,Ended,553.75,26.25,-13.59,1.00,320.72
12/02/2025 12:29:34:651,Began,568.75,597.5,-13.59,1.00,320.72
12/02/2025 12:29:34:651,Began,568.75,597.50,-13.59,1.00,320.72
12/02/2025 12:29:34:668,Moved,568.75,597.5,-13.59,1.00,320.72
12/02/2025 12:29:34:668,Moved,568.75,597.50,-13.59,1.00,320.72
12/02/2025 12:29:34:692,Stationary,568.75,597.5,-13.59,1.00,320.72
12/02/2025 12:29:34:709,Moved,571.25,592.5,-13.59,1.00,320.72
12/02/2025 12:29:34:709,Moved,571.25,592.50,-13.61,1.00,320.74
12/02/2025 12:29:34:729,Moved,572.5,585,-13.61,1.00,320.74
12/02/2025 12:29:34:729,Moved,572.50,585.00,-13.64,1.00,320.78
12/02/2025 12:29:34:777,Moved,577.5,555,-13.64,1.00,320.78
12/02/2025 12:29:34:777,Moved,577.50,555.00,-13.84,1.00,321.00
12/02/2025 12:29:34:807,Moved,578.75,535,-13.84,1.00,321.00
12/02/2025 12:29:34:807,Moved,578.75,535.00,-13.96,1.00,321.14
12/02/2025 12:29:34:822,Moved,578.75,528.75,-13.96,1.00,321.14
12/02/2025 12:29:34:822,Moved,578.75,528.75,-13.98,1.00,321.16
12/02/2025 12:29:34:840,Moved,580,516.25,-13.98,1.00,321.16
12/02/2025 12:29:34:840,Moved,580.00,516.25,-14.03,1.00,321.21
12/02/2025 12:29:34:859,Moved,581.25,502.5,-14.03,1.00,321.21
12/02/2025 12:29:34:859,Moved,581.25,502.50,-14.08,1.00,321.27
12/02/2025 12:29:34:875,Moved,581.25,491.25,-14.08,1.00,321.27
12/02/2025 12:29:34:875,Moved,581.25,491.25,-14.12,1.00,321.31
12/02/2025 12:29:34:891,Moved,581.25,485,-14.12,1.00,321.31
12/02/2025 12:29:34:891,Moved,581.25,485.00,-14.13,1.00,321.33
12/02/2025 12:29:34:926,Moved,581.25,461.25,-14.13,1.00,321.33
12/02/2025 12:29:34:926,Moved,581.25,461.25,-14.29,1.00,321.51
12/02/2025 12:29:34:941,Moved,581.25,455,-14.29,1.00,321.51
12/02/2025 12:29:34:941,Moved,581.25,455.00,-14.31,1.00,321.53
12/02/2025 12:29:34:959,Moved,581.25,443.75,-14.31,1.00,321.53
12/02/2025 12:29:34:959,Moved,581.25,443.75,-14.35,1.00,321.58
12/02/2025 12:29:34:971,Moved,581.25,437.5,-14.35,1.00,321.58
12/02/2025 12:29:34:971,Moved,581.25,437.50,-14.36,1.00,321.59
12/02/2025 12:29:34:993,Moved,580,421.25,-14.36,1.00,321.59
12/02/2025 12:29:34:993,Moved,580.00,421.25,-14.43,1.00,321.67
12/02/2025 12:29:35:017,Moved,580,410,-14.43,1.00,321.67
12/02/2025 12:29:35:017,Moved,580.00,410.00,-14.49,1.00,321.73
12/02/2025 12:29:35:031,Moved,580,405,-14.49,1.00,321.73
12/02/2025 12:29:35:031,Moved,580.00,405.00,-14.50,1.00,321.75
12/02/2025 12:29:35:048,Moved,581.25,393.75,-14.50,1.00,321.75
12/02/2025 12:29:35:048,Moved,581.25,393.75,-14.54,1.00,321.79
12/02/2025 12:29:35:086,Moved,580,372.5,-14.54,1.00,321.79
12/02/2025 12:29:35:086,Moved,580.00,372.50,-14.68,1.00,321.95
12/02/2025 12:29:35:102,Moved,580,367.5,-14.68,1.00,321.95
12/02/2025 12:29:35:102,Moved,580.00,367.50,-14.69,1.00,321.97
12/02/2025 12:29:35:119,Moved,578.75,357.5,-14.69,1.00,321.97
12/02/2025 12:29:35:119,Moved,578.75,357.50,-14.73,1.00,322.01
12/02/2025 12:29:35:136,Moved,577.5,347.5,-14.73,1.00,322.01
12/02/2025 12:29:35:136,Moved,577.50,347.50,-14.76,1.00,322.04
12/02/2025 12:29:35:149,Moved,577.5,342.5,-14.76,1.00,322.04
12/02/2025 12:29:35:149,Moved,577.50,342.50,-14.78,1.00,322.06
12/02/2025 12:29:35:164,Moved,575,333.75,-14.78,1.00,322.06
12/02/2025 12:29:35:164,Moved,575.00,333.75,-14.80,1.00,322.09
12/02/2025 12:29:35:179,Moved,575,331.25,-14.80,1.00,322.09
12/02/2025 12:29:35:179,Moved,575.00,331.25,-14.81,1.00,322.10
12/02/2025 12:29:35:195,Moved,573.75,322.5,-14.81,1.00,322.10
12/02/2025 12:29:35:195,Moved,573.75,322.50,-14.84,1.00,322.13
12/02/2025 12:29:35:222,Moved,572.5,312.5,-14.84,1.00,322.13
12/02/2025 12:29:35:222,Moved,572.50,312.50,-14.89,1.00,322.19
12/02/2025 12:29:35:263,Moved,573.75,300,-14.89,1.00,322.19
12/02/2025 12:29:35:263,Moved,573.75,300.00,-14.97,1.00,322.28
12/02/2025 12:29:35:277,Moved,573.75,296.25,-14.97,1.00,322.28
12/02/2025 12:29:35:277,Moved,573.75,296.25,-14.98,1.00,322.30
12/02/2025 12:29:35:296,Moved,573.75,290,-14.98,1.00,322.30
12/02/2025 12:29:35:296,Moved,573.75,290.00,-15.01,1.00,322.32
12/02/2025 12:29:35:309,Moved,572.5,286.25,-15.01,1.00,322.32
12/02/2025 12:29:35:309,Moved,572.50,286.25,-15.02,1.00,322.33
12/02/2025 12:29:35:326,Moved,572.5,278.75,-15.02,1.00,322.33
12/02/2025 12:29:35:326,Moved,572.50,278.75,-15.04,1.00,322.36
12/02/2025 12:29:35:338,Moved,572.5,275,-15.04,1.00,322.36
12/02/2025 12:29:35:338,Moved,572.50,275.00,-15.05,1.00,322.37
12/02/2025 12:29:35:356,Moved,572.5,267.5,-15.05,1.00,322.37
12/02/2025 12:29:35:356,Moved,572.50,267.50,-15.08,1.00,322.40
12/02/2025 12:29:35:371,Moved,573.75,260,-15.08,1.00,322.40
12/02/2025 12:29:35:371,Moved,573.75,260.00,-15.10,1.00,322.43
12/02/2025 12:29:35:384,Moved,573.75,256.25,-15.10,1.00,322.43
12/02/2025 12:29:35:384,Moved,573.75,256.25,-15.11,1.00,322.44
12/02/2025 12:29:35:420,Moved,572.5,237.5,-15.11,1.00,322.44
12/02/2025 12:29:35:420,Moved,572.50,237.50,-15.23,1.00,322.58
12/02/2025 12:29:35:445,Moved,572.5,228.75,-15.23,1.00,322.58
12/02/2025 12:29:35:445,Moved,572.50,228.75,-15.28,1.00,322.63
12/02/2025 12:29:35:461,Moved,572.5,218.75,-15.28,1.00,322.63
12/02/2025 12:29:35:461,Moved,572.50,218.75,-15.31,1.00,322.66
12/02/2025 12:29:35:475,Moved,572.5,215,-15.31,1.00,322.66
12/02/2025 12:29:35:475,Moved,572.50,215.00,-15.32,1.00,322.68
12/02/2025 12:29:35:487,Moved,573.75,211.25,-15.32,1.00,322.68
12/02/2025 12:29:35:487,Moved,573.75,211.25,-15.33,1.00,322.69
12/02/2025 12:29:35:505,Moved,573.75,201.25,-15.33,1.00,322.69
12/02/2025 12:29:35:505,Moved,573.75,201.25,-15.36,1.00,322.72
12/02/2025 12:29:35:522,Moved,573.75,195,-15.36,1.00,322.72
12/02/2025 12:29:35:522,Moved,573.75,195.00,-15.38,1.00,322.75
12/02/2025 12:29:35:533,Moved,573.75,191.25,-15.38,1.00,322.75
12/02/2025 12:29:35:533,Moved,573.75,191.25,-15.39,1.00,322.76
12/02/2025 12:29:35:547,Moved,573.75,186.25,-15.39,1.00,322.76
12/02/2025 12:29:35:547,Moved,573.75,186.25,-15.41,1.00,322.77
12/02/2025 12:29:35:583,Moved,575,173.75,-15.41,1.00,322.77
12/02/2025 12:29:35:583,Moved,575.00,173.75,-15.49,1.00,322.87
12/02/2025 12:29:35:595,Moved,575,171.25,-15.49,1.00,322.87
12/02/2025 12:29:35:595,Moved,575.00,171.25,-15.50,1.00,322.88
12/02/2025 12:29:35:612,Moved,576.25,165,-15.50,1.00,322.88
12/02/2025 12:29:35:612,Moved,576.25,165.00,-15.52,1.00,322.90
12/02/2025 12:29:35:625,Moved,576.25,161.25,-15.52,1.00,322.90
12/02/2025 12:29:35:625,Moved,576.25,161.25,-15.53,1.00,322.91
12/02/2025 12:29:35:651,Moved,576.25,152.5,-15.53,1.00,322.91
12/02/2025 12:29:35:651,Moved,576.25,152.50,-15.57,1.00,322.96
12/02/2025 12:29:35:664,Moved,576.25,150,-15.57,1.00,322.96
12/02/2025 12:29:35:664,Moved,576.25,150.00,-15.58,1.00,322.97
12/02/2025 12:29:35:680,Moved,576.25,145,-15.58,1.00,322.97
12/02/2025 12:29:35:680,Moved,576.25,145.00,-15.59,1.00,322.98
12/02/2025 12:29:35:693,Moved,577.5,141.25,-15.59,1.00,322.98
12/02/2025 12:29:35:693,Moved,577.50,141.25,-15.60,1.00,323.00
12/02/2025 12:29:35:711,Moved,577.5,136.25,-15.60,1.00,323.00
12/02/2025 12:29:35:711,Moved,577.50,136.25,-15.62,1.00,323.01
12/02/2025 12:29:35:748,Moved,577.5,125,-15.62,1.00,323.01
12/02/2025 12:29:35:748,Moved,577.50,125.00,-15.70,1.00,323.10
12/02/2025 12:29:35:762,Moved,577.5,121.25,-15.70,1.00,323.10
12/02/2025 12:29:35:762,Moved,577.50,121.25,-15.71,1.00,323.11
12/02/2025 12:29:35:776,Moved,577.5,118.75,-15.71,1.00,323.11
12/02/2025 12:29:35:776,Moved,577.50,118.75,-15.71,1.00,323.12
12/02/2025 12:29:35:792,Moved,577.5,112.5,-15.71,1.00,323.12
12/02/2025 12:29:35:792,Moved,577.50,112.50,-15.73,1.00,323.14
12/02/2025 12:29:35:804,Moved,578.75,110,-15.73,1.00,323.14
12/02/2025 12:29:35:804,Moved,578.75,110.00,-15.74,1.00,323.15
12/02/2025 12:29:35:821,Moved,578.75,102.5,-15.74,1.00,323.15
12/02/2025 12:29:35:821,Moved,578.75,102.50,-15.76,1.00,323.17
12/02/2025 12:29:35:833,Moved,578.75,99.99998,-15.76,1.00,323.17
12/02/2025 12:29:35:833,Moved,578.75,100.00,-15.77,1.00,323.18
12/02/2025 12:29:35:859,Moved,580,89.99998,-15.77,1.00,323.18
12/02/2025 12:29:35:859,Moved,580.00,90.00,-15.82,1.00,323.24
12/02/2025 12:29:35:872,Moved,580,86.24998,-15.82,1.00,323.24
12/02/2025 12:29:35:872,Moved,580.00,86.25,-15.83,1.00,323.25
12/02/2025 12:29:35:907,Moved,581.25,76.24998,-15.83,1.00,323.25
12/02/2025 12:29:35:907,Moved,581.25,76.25,-15.89,1.00,323.32
12/02/2025 12:29:35:922,Moved,581.25,72.49998,-15.89,1.00,323.32
12/02/2025 12:29:35:922,Moved,581.25,72.50,-15.90,1.00,323.33
12/02/2025 12:29:35:934,Moved,581.25,69.99998,-15.90,1.00,323.33
12/02/2025 12:29:35:934,Moved,581.25,70.00,-15.91,1.00,323.34
12/02/2025 12:29:35:952,Moved,581.25,64.99998,-15.91,1.00,323.34
12/02/2025 12:29:35:952,Moved,581.25,65.00,-15.93,1.00,323.36
12/02/2025 12:29:35:968,Moved,581.25,57.49998,-15.93,1.00,323.36
12/02/2025 12:29:35:968,Moved,581.25,57.50,-15.95,1.00,323.39
12/02/2025 12:29:35:980,Moved,581.25,54.99998,-15.95,1.00,323.39
12/02/2025 12:29:35:980,Moved,581.25,55.00,-15.96,1.00,323.39
12/02/2025 12:29:35:994,Moved,581.25,51.24998,-15.96,1.00,323.39
12/02/2025 12:29:35:994,Moved,581.25,51.25,-15.97,1.00,323.41
12/02/2025 12:29:36:011,Moved,581.25,43.74998,-15.97,1.00,323.41
12/02/2025 12:29:36:011,Moved,581.25,43.75,-15.99,1.00,323.43
12/02/2025 12:29:36:027,Moved,581.25,34.99998,-15.99,1.00,323.43
12/02/2025 12:29:36:027,Moved,581.25,35.00,-16.02,1.00,323.47
12/02/2025 12:29:36:064,Ended,582.5,24.99998,-16.02,1.00,323.47
12/02/2025 12:29:36:064,Ended,582.50,25.00,-16.02,1.00,323.47
12/02/2025 12:29:41:472,Began,565,486.25,-16.02,1.00,323.47
12/02/2025 12:29:41:472,Began,565.00,486.25,-16.02,1.00,323.47
12/02/2025 12:29:41:488,Moved,565,486.25,-16.02,1.00,323.47
12/02/2025 12:29:41:488,Moved,565.00,486.25,-16.02,1.00,323.47
12/02/2025 12:29:41:509,Stationary,565,486.25,-16.02,1.00,323.47
12/02/2025 12:29:41:539,Moved,566.25,477.5,-16.02,1.00,323.47
12/02/2025 12:29:41:539,Moved,566.25,477.50,-16.13,1.00,323.59
12/02/2025 12:29:41:563,Moved,567.5,460,-16.13,1.00,323.59
12/02/2025 12:29:41:563,Moved,567.50,460.00,-16.29,1.00,323.77
12/02/2025 12:29:41:571,Moved,567.5,448.75,-16.29,1.00,323.77
12/02/2025 12:29:41:571,Moved,567.50,448.75,-16.33,1.00,323.81
12/02/2025 12:29:41:592,Moved,567.5,423.75,-16.33,1.00,323.81
12/02/2025 12:29:41:592,Moved,567.50,423.75,-16.53,1.00,324.05
12/02/2025 12:29:41:600,Moved,567.5,411.25,-16.53,1.00,324.05
12/02/2025 12:29:41:600,Moved,567.50,411.25,-16.57,1.00,324.09
12/02/2025 12:29:41:614,Moved,567.5,397.5,-16.57,1.00,324.09
12/02/2025 12:29:41:614,Moved,567.50,397.50,-16.64,1.00,324.17
12/02/2025 12:29:41:624,Moved,567.5,385,-16.64,1.00,324.17
12/02/2025 12:29:41:624,Moved,567.50,385.00,-16.70,1.00,324.23
12/02/2025 12:29:41:634,Moved,567.5,372.5,-16.70,1.00,324.23
12/02/2025 12:29:41:634,Moved,567.50,372.50,-16.75,1.00,324.29
12/02/2025 12:29:41:648,Moved,568.75,348.75,-16.75,1.00,324.29
12/02/2025 12:29:41:648,Moved,568.75,348.75,-16.88,1.00,324.44
12/02/2025 12:29:41:660,Moved,568.75,336.25,-16.88,1.00,324.44
12/02/2025 12:29:41:660,Moved,568.75,336.25,-16.94,1.00,324.51
12/02/2025 12:29:41:684,Moved,571.25,306.25,-16.94,1.00,324.51
12/02/2025 12:29:41:684,Moved,571.25,306.25,-17.23,1.00,324.83
12/02/2025 12:29:41:689,Stationary,571.25,306.25,-17.23,1.00,324.83
12/02/2025 12:29:41:708,Moved,571.25,286.25,-17.23,1.00,324.83
12/02/2025 12:29:41:708,Moved,571.25,286.25,-17.36,1.00,324.98
12/02/2025 12:29:41:719,Moved,571.25,277.5,-17.36,1.00,324.98
12/02/2025 12:29:41:719,Moved,571.25,277.50,-17.40,1.00,325.03
12/02/2025 12:29:41:740,Moved,571.25,261.25,-17.40,1.00,325.03
12/02/2025 12:29:41:740,Moved,571.25,261.25,-17.54,1.00,325.19
12/02/2025 12:29:41:754,Moved,571.25,253.75,-17.54,1.00,325.19
12/02/2025 12:29:41:754,Moved,571.25,253.75,-17.59,1.00,325.23
12/02/2025 12:29:41:768,Moved,570,238.75,-17.59,1.00,325.23
12/02/2025 12:29:41:768,Moved,570.00,238.75,-17.67,1.00,325.33
12/02/2025 12:29:41:777,Moved,570,231.25,-17.67,1.00,325.33
12/02/2025 12:29:41:777,Moved,570.00,231.25,-17.69,1.00,325.36
12/02/2025 12:29:41:791,Moved,568.75,225,-17.69,1.00,325.36
12/02/2025 12:29:41:791,Moved,568.75,225.00,-17.73,1.00,325.39
12/02/2025 12:29:41:804,Moved,568.75,217.5,-17.73,1.00,325.39
12/02/2025 12:29:41:804,Moved,568.75,217.50,-17.77,1.00,325.44
12/02/2025 12:29:41:819,Moved,568.75,206.25,-17.77,1.00,325.44
12/02/2025 12:29:41:819,Moved,568.75,206.25,-17.83,1.00,325.51
12/02/2025 12:29:41:845,Moved,570,186.25,-17.83,1.00,325.51
12/02/2025 12:29:41:845,Moved,570.00,186.25,-18.05,1.00,325.75
12/02/2025 12:29:41:851,Stationary,570,186.25,-18.05,1.00,325.75
12/02/2025 12:29:41:868,Moved,571.25,175,-18.05,1.00,325.75
12/02/2025 12:29:41:868,Moved,571.25,175.00,-18.12,1.00,325.84
12/02/2025 12:29:41:887,Moved,572.5,163.75,-18.12,1.00,325.84
12/02/2025 12:29:41:887,Moved,572.50,163.75,-18.20,1.00,325.93
12/02/2025 12:29:41:891,Stationary,572.5,163.75,-18.20,1.00,325.93
12/02/2025 12:29:41:911,Moved,572.5,152.5,-18.20,1.00,325.93
12/02/2025 12:29:41:911,Moved,572.50,152.50,-18.28,1.00,326.02
12/02/2025 12:29:41:927,Moved,572.5,142.5,-18.28,1.00,326.02
12/02/2025 12:29:41:927,Moved,572.50,142.50,-18.35,1.00,326.10
12/02/2025 12:29:41:945,Moved,572.5,131.25,-18.35,1.00,326.10
12/02/2025 12:29:41:945,Moved,572.50,131.25,-18.44,1.00,326.20
12/02/2025 12:29:41:952,Stationary,572.5,131.25,-18.44,1.00,326.20
12/02/2025 12:29:41:968,Moved,572.5,121.25,-18.44,1.00,326.20
12/02/2025 12:29:41:968,Moved,572.50,121.25,-18.50,1.00,326.27
12/02/2025 12:29:41:985,Moved,572.5,111.25,-18.50,1.00,326.27
12/02/2025 12:29:41:985,Moved,572.50,111.25,-18.58,1.00,326.35
12/02/2025 12:29:42:014,Moved,573.75,96.24998,-18.58,1.00,326.35
12/02/2025 12:29:42:014,Moved,573.75,96.25,-18.74,1.00,326.54
12/02/2025 12:29:42:025,Moved,575,92.49998,-18.74,1.00,326.54
12/02/2025 12:29:42:025,Moved,575.00,92.50,-18.76,1.00,326.56
12/02/2025 12:29:42:037,Moved,576.25,87.49998,-18.76,1.00,326.56
12/02/2025 12:29:42:037,Moved,576.25,87.50,-18.78,1.00,326.59
12/02/2025 12:29:42:050,Moved,577.5,83.74998,-18.78,1.00,326.59
12/02/2025 12:29:42:050,Moved,577.50,83.75,-18.80,1.00,326.61
12/02/2025 12:29:42:063,Moved,577.5,79.99998,-18.80,1.00,326.61
12/02/2025 12:29:42:063,Moved,577.50,80.00,-18.82,1.00,326.63
12/02/2025 12:29:42:078,Moved,577.5,71.24998,-18.82,1.00,326.63
12/02/2025 12:29:42:078,Moved,577.50,71.25,-18.87,1.00,326.69
12/02/2025 12:29:42:091,Moved,578.75,67.49998,-18.87,1.00,326.69
12/02/2025 12:29:42:091,Moved,578.75,67.50,-18.89,1.00,326.71
12/02/2025 12:29:42:108,Moved,580,59.99998,-18.89,1.00,326.71
12/02/2025 12:29:42:108,Moved,580.00,60.00,-18.94,1.00,326.77
12/02/2025 12:29:42:122,Moved,581.25,56.24998,-18.94,1.00,326.77
12/02/2025 12:29:42:122,Moved,581.25,56.25,-18.96,1.00,326.79
12/02/2025 12:29:42:138,Moved,582.5,49.99998,-18.96,1.00,326.79
12/02/2025 12:29:42:138,Moved,582.50,50.00,-19.00,1.00,326.84
12/02/2025 12:29:42:187,Moved,585,36.24998,-19.00,1.00,326.84
12/02/2025 12:29:42:187,Moved,585.00,36.25,-19.19,1.00,327.04
12/02/2025 12:29:42:200,Moved,585,32.49998,-19.19,1.00,327.04
12/02/2025 12:29:42:200,Moved,585.00,32.50,-19.21,1.00,327.07
12/02/2025 12:29:42:214,Moved,586.25,31.24998,-19.21,1.00,327.07
12/02/2025 12:29:42:214,Moved,586.25,31.25,-19.21,1.00,327.07
12/02/2025 12:29:42:231,Moved,587.5,26.24998,-19.21,1.00,327.07
12/02/2025 12:29:42:231,Moved,587.50,26.25,-19.25,1.00,327.12
12/02/2025 12:29:42:240,Stationary,587.5,26.24998,-19.25,1.00,327.12
12/02/2025 12:29:42:265,Moved,590,21.24998,-19.25,1.00,327.12
12/02/2025 12:29:42:265,Moved,590.00,21.25,-19.30,1.00,327.18
12/02/2025 12:29:42:285,Moved,590,18.74998,-19.30,1.00,327.18
12/02/2025 12:29:42:285,Moved,590.00,18.75,-19.32,1.00,327.20
12/02/2025 12:29:42:300,Moved,591.25,17.49998,-19.32,1.00,327.20
12/02/2025 12:29:42:300,Moved,591.25,17.50,-19.33,1.00,327.21
12/02/2025 12:29:42:334,Moved,592.5,16.24998,-19.33,1.00,327.21
12/02/2025 12:29:42:334,Moved,592.50,16.25,-19.35,1.00,327.22
12/02/2025 12:29:42:347,Ended,592.5,16.24998,-19.35,1.00,327.22
12/02/2025 12:29:42:347,Ended,592.50,16.25,-19.35,1.00,327.22
12/02/2025 12:29:42:889,Began,502.5,388.75,-19.35,1.00,327.22
12/02/2025 12:29:42:889,Began,502.50,388.75,-19.35,1.00,327.22
12/02/2025 12:29:44:090,Began,543.75,201.25,-19.35,1.00,327.22
12/02/2025 12:29:44:090,Began,543.75,201.25,-19.35,1.00,327.22
12/02/2025 12:29:44:103,Moved,543.75,201.25,-19.35,1.00,327.22
12/02/2025 12:29:44:103,Moved,543.75,201.25,-19.35,1.00,327.22
12/02/2025 12:29:44:118,Moved,546.25,195,-19.35,1.00,327.22
12/02/2025 12:29:44:118,Moved,546.25,195.00,-19.34,1.00,327.28
12/02/2025 12:29:44:150,Moved,548.75,176.25,-19.34,1.00,327.28
12/02/2025 12:29:44:150,Moved,548.75,176.25,-19.31,1.00,327.65
12/02/2025 12:29:44:165,Moved,550,166.25,-19.31,1.00,327.65
12/02/2025 12:29:44:165,Moved,550.00,166.25,-19.30,1.00,327.73
12/02/2025 12:29:44:191,Moved,551.25,140,-19.30,1.00,327.73
12/02/2025 12:29:44:191,Moved,551.25,140.00,-19.26,1.00,328.14
12/02/2025 12:29:44:226,Moved,552.5,111.25,-19.26,1.00,328.14
12/02/2025 12:29:44:226,Moved,552.50,111.25,-19.20,1.00,328.71
12/02/2025 12:29:44:259,Moved,552.5,79.99998,-19.20,1.00,328.71
12/02/2025 12:29:44:259,Moved,552.50,80.00,-19.14,1.00,329.33
12/02/2025 12:29:44:274,Moved,552.5,72.49998,-19.14,1.00,329.33
12/02/2025 12:29:44:274,Moved,552.50,72.50,-19.14,1.00,329.40
12/02/2025 12:29:44:293,Moved,552.5,59.99998,-19.14,1.00,329.40
12/02/2025 12:29:44:293,Moved,552.50,60.00,-19.12,1.00,329.53
12/02/2025 12:29:44:310,Ended,552.5,59.99998,-19.12,1.00,329.53
12/02/2025 12:29:44:310,Ended,552.50,60.00,-19.12,1.00,329.53
12/02/2025 12:29:45:321,Began,530,607.5,-19.12,1.00,329.53
12/02/2025 12:29:45:321,Began,530.00,607.50,-19.12,1.00,329.53
12/02/2025 12:29:45:342,Moved,531.25,606.25,-19.12,1.00,329.53
12/02/2025 12:29:45:342,Moved,531.25,606.25,-19.12,1.00,329.55
12/02/2025 12:29:45:353,Moved,531.25,603.75,-19.12,1.00,329.55
12/02/2025 12:29:45:353,Moved,531.25,603.75,-19.12,1.00,329.56
12/02/2025 12:29:45:367,Moved,532.5,598.75,-19.12,1.00,329.56
12/02/2025 12:29:45:367,Moved,532.50,598.75,-19.12,1.00,329.60
12/02/2025 12:29:45:396,Moved,535,578.75,-19.12,1.00,329.60
12/02/2025 12:29:45:396,Moved,535.00,578.75,-19.08,1.00,329.97
12/02/2025 12:29:45:410,Moved,536.25,571.25,-19.08,1.00,329.97
12/02/2025 12:29:45:410,Moved,536.25,571.25,-19.08,1.00,330.03
12/02/2025 12:29:45:432,Moved,537.5,546.25,-19.08,1.00,330.03
12/02/2025 12:29:45:432,Moved,537.50,546.25,-19.04,1.00,330.38
12/02/2025 12:29:45:447,Moved,537.5,537.5,-19.04,1.00,330.38
12/02/2025 12:29:45:447,Moved,537.50,537.50,-19.03,1.00,330.46
12/02/2025 12:29:45:481,Moved,540,498.75,-19.03,1.00,330.46
12/02/2025 12:29:45:481,Moved,540.00,498.75,-18.96,1.00,331.23
12/02/2025 12:29:45:510,Moved,541.25,467.5,-18.96,1.00,331.23
12/02/2025 12:29:45:510,Moved,541.25,467.50,-18.91,1.00,331.75
12/02/2025 12:29:45:523,Moved,541.25,456.25,-18.91,1.00,331.75
12/02/2025 12:29:45:523,Moved,541.25,456.25,-18.90,1.00,331.85
12/02/2025 12:29:45:537,Moved,541.25,446.25,-18.90,1.00,331.85
12/02/2025 12:29:45:537,Moved,541.25,446.25,-18.89,1.00,331.93
12/02/2025 12:29:45:558,Moved,542.5,411.25,-18.89,1.00,331.93
12/02/2025 12:29:45:558,Moved,542.50,411.25,-18.85,1.00,332.36
12/02/2025 12:29:45:574,Moved,543.75,400,-18.85,1.00,332.36
12/02/2025 12:29:45:574,Moved,543.75,400.00,-18.84,1.00,332.47
12/02/2025 12:29:45:591,Moved,543.75,376.25,-18.84,1.00,332.47
12/02/2025 12:29:45:591,Moved,543.75,376.25,-18.82,1.00,332.72
12/02/2025 12:29:45:604,Moved,543.75,365,-18.82,1.00,332.72
12/02/2025 12:29:45:604,Moved,543.75,365.00,-18.81,1.00,332.81
12/02/2025 12:29:45:639,Moved,542.5,317.5,-18.81,1.00,332.81
12/02/2025 12:29:45:639,Moved,542.50,317.50,-18.72,1.00,333.75
12/02/2025 12:29:45:655,Moved,542.5,306.25,-18.72,1.00,333.75
12/02/2025 12:29:45:655,Moved,542.50,306.25,-18.71,1.00,333.86
12/02/2025 12:29:45:671,Moved,542.5,286.25,-18.71,1.00,333.86
12/02/2025 12:29:45:671,Moved,542.50,286.25,-18.69,1.00,334.05
12/02/2025 12:29:45:690,Moved,542.5,266.25,-18.69,1.00,334.05
12/02/2025 12:29:45:690,Moved,542.50,266.25,-18.66,1.00,334.28
12/02/2025 12:29:45:719,Moved,541.25,236.25,-18.66,1.00,334.28
12/02/2025 12:29:45:719,Moved,541.25,236.25,-18.62,1.00,334.79
12/02/2025 12:29:45:734,Moved,540,226.25,-18.62,1.00,334.79
12/02/2025 12:29:45:734,Moved,540.00,226.25,-18.61,1.00,334.89
12/02/2025 12:29:45:753,Moved,538.75,207.5,-18.61,1.00,334.89
12/02/2025 12:29:45:753,Moved,538.75,207.50,-18.59,1.00,335.09
12/02/2025 12:29:45:772,Moved,537.5,191.25,-18.59,1.00,335.09
12/02/2025 12:29:45:772,Moved,537.50,191.25,-18.57,1.00,335.28
12/02/2025 12:29:45:811,Moved,536.25,162.5,-18.57,1.00,335.28
12/02/2025 12:29:45:811,Moved,536.25,162.50,-18.51,1.00,335.85
12/02/2025 12:29:45:826,Moved,535,156.25,-18.51,1.00,335.85
12/02/2025 12:29:45:826,Moved,535.00,156.25,-18.51,1.00,335.91
12/02/2025 12:29:45:844,Moved,535,143.75,-18.51,1.00,335.91
12/02/2025 12:29:45:844,Moved,535.00,143.75,-18.49,1.00,336.04
12/02/2025 12:29:45:861,Moved,535,132.5,-18.49,1.00,336.04
12/02/2025 12:29:45:861,Moved,535.00,132.50,-18.48,1.00,336.16
12/02/2025 12:29:45:877,Moved,535,127.5,-18.48,1.00,336.16
12/02/2025 12:29:45:877,Moved,535.00,127.50,-18.48,1.00,336.21
12/02/2025 12:29:45:893,Moved,535,117.5,-18.48,1.00,336.21
12/02/2025 12:29:45:893,Moved,535.00,117.50,-18.47,1.00,336.31
12/02/2025 12:29:45:921,Moved,535,102.5,-18.47,1.00,336.31
12/02/2025 12:29:45:921,Moved,535.00,102.50,-18.44,1.00,336.56
12/02/2025 12:29:45:934,Moved,535,97.49998,-18.44,1.00,336.56
12/02/2025 12:29:45:934,Moved,535.00,97.50,-18.44,1.00,336.60
12/02/2025 12:29:45:971,Moved,532.5,76.24998,-18.44,1.00,336.60
12/02/2025 12:29:45:971,Moved,532.50,76.25,-18.40,1.00,337.02
12/02/2025 12:29:45:986,Moved,532.5,72.49998,-18.40,1.00,337.02
12/02/2025 12:29:45:986,Moved,532.50,72.50,-18.40,1.00,337.05
12/02/2025 12:29:46:002,Moved,532.5,63.74998,-18.40,1.00,337.05
12/02/2025 12:29:46:002,Moved,532.50,63.75,-18.39,1.00,337.14
12/02/2025 12:29:46:019,Moved,531.25,54.99998,-18.39,1.00,337.14
12/02/2025 12:29:46:019,Moved,531.25,55.00,-18.38,1.00,337.23
12/02/2025 12:29:46:033,Moved,531.25,49.99998,-18.38,1.00,337.23
12/02/2025 12:29:46:033,Moved,531.25,50.00,-18.38,1.00,337.27
12/02/2025 12:29:46:049,Moved,530,41.24998,-18.38,1.00,337.27
12/02/2025 12:29:46:049,Moved,530.00,41.25,-18.37,1.00,337.35
12/02/2025 12:29:46:063,Moved,530,38.74998,-18.37,1.00,337.35
12/02/2025 12:29:46:063,Moved,530.00,38.75,-18.37,1.00,337.37
12/02/2025 12:29:46:079,Moved,528.75,31.24998,-18.37,1.00,337.37
12/02/2025 12:29:46:079,Moved,528.75,31.25,-18.36,1.00,337.44
12/02/2025 12:29:46:093,Moved,528.75,28.74998,-18.36,1.00,337.44
12/02/2025 12:29:46:093,Moved,528.75,28.75,-18.36,1.00,337.46
12/02/2025 12:29:46:131,Moved,527.5,18.74998,-18.36,1.00,337.46
12/02/2025 12:29:46:131,Moved,527.50,18.75,-18.34,1.00,337.66
12/02/2025 12:29:46:160,Ended,527.5,16.24998,-18.34,1.00,337.66
12/02/2025 12:29:46:160,Ended,527.50,16.25,-18.34,1.00,337.66
12/02/2025 12:29:46:967,Began,565,231.25,-18.34,1.00,337.66
12/02/2025 12:29:46:967,Began,565.00,231.25,-18.34,1.00,337.66
12/02/2025 12:29:46:983,Moved,565,231.25,-18.34,1.00,337.66
12/02/2025 12:29:46:983,Moved,565.00,231.25,-18.34,1.00,337.66
12/02/2025 12:29:47:003,Moved,565,230,-18.34,1.00,337.66
12/02/2025 12:29:47:003,Moved,565.00,230.00,-18.34,1.00,337.68
12/02/2025 12:29:47:014,Moved,565,226.25,-18.34,1.00,337.68
12/02/2025 12:29:47:014,Moved,565.00,226.25,-18.33,1.00,337.70
12/02/2025 12:29:47:026,Moved,565,223.75,-18.33,1.00,337.70
12/02/2025 12:29:47:026,Moved,565.00,223.75,-18.33,1.00,337.72
12/02/2025 12:29:47:071,Moved,563.75,181.25,-18.33,1.00,337.72
12/02/2025 12:29:47:071,Moved,563.75,181.25,-18.25,1.00,338.56
12/02/2025 12:29:47:085,Moved,562.5,170,-18.25,1.00,338.56
12/02/2025 12:29:47:085,Moved,562.50,170.00,-18.24,1.00,338.66
12/02/2025 12:29:47:101,Moved,560,147.5,-18.24,1.00,338.66
12/02/2025 12:29:47:101,Moved,560.00,147.50,-18.22,1.00,338.88
12/02/2025 12:29:47:114,Moved,557.5,136.25,-18.22,1.00,338.88
12/02/2025 12:29:47:114,Moved,557.50,136.25,-18.21,1.00,338.96
12/02/2025 12:29:47:131,Moved,553.75,117.5,-18.21,1.00,338.96
12/02/2025 12:29:47:131,Moved,553.75,117.50,-18.19,1.00,339.16
12/02/2025 12:29:47:145,Ended,553.75,117.5,-18.19,1.00,339.16
12/02/2025 12:29:47:145,Ended,553.75,117.50,-18.19,1.00,339.16
12/02/2025 12:29:47:983,Began,552.5,627.5,-18.19,1.00,339.16
12/02/2025 12:29:47:983,Began,552.50,627.50,-18.19,1.00,339.16
12/02/2025 12:29:48:001,Moved,552.5,627.5,-18.19,1.00,339.16
12/02/2025 12:29:48:001,Moved,552.50,627.50,-18.19,1.00,339.16
12/02/2025 12:29:48:018,Moved,552.5,625,-18.19,1.00,339.16
12/02/2025 12:29:48:018,Moved,552.50,625.00,-18.19,1.00,339.18
12/02/2025 12:29:48:028,Moved,552.5,618.75,-18.19,1.00,339.18
12/02/2025 12:29:48:028,Moved,552.50,618.75,-18.19,1.00,339.22
12/02/2025 12:29:48:043,Moved,552.5,613.75,-18.19,1.00,339.22
12/02/2025 12:29:48:043,Moved,552.50,613.75,-18.18,1.00,339.26
12/02/2025 12:29:48:064,Moved,552.5,601.25,-18.18,1.00,339.26
12/02/2025 12:29:48:064,Moved,552.50,601.25,-18.17,1.00,339.43
12/02/2025 12:29:48:080,Moved,552.5,592.5,-18.17,1.00,339.43
12/02/2025 12:29:48:080,Moved,552.50,592.50,-18.16,1.00,339.52
12/02/2025 12:29:48:105,Moved,552.5,566.25,-18.16,1.00,339.52
12/02/2025 12:29:48:105,Moved,552.50,566.25,-18.12,1.00,339.89
12/02/2025 12:29:48:140,Moved,552.5,525,-18.12,1.00,339.89
12/02/2025 12:29:48:140,Moved,552.50,525.00,-18.04,1.00,340.72
12/02/2025 12:29:48:154,Moved,552.5,513.75,-18.04,1.00,340.72
12/02/2025 12:29:48:154,Moved,552.50,513.75,-18.03,1.00,340.81
12/02/2025 12:29:48:168,Moved,552.5,502.5,-18.03,1.00,340.81
12/02/2025 12:29:48:168,Moved,552.50,502.50,-18.02,1.00,340.91
12/02/2025 12:29:48:200,Moved,552.5,455,-18.02,1.00,340.91
12/02/2025 12:29:48:200,Moved,552.50,455.00,-17.94,1.00,341.81
12/02/2025 12:29:48:214,Moved,552.5,441.25,-17.94,1.00,341.81
12/02/2025 12:29:48:214,Moved,552.50,441.25,-17.93,1.00,341.92
12/02/2025 12:29:48:229,Moved,552.5,426.25,-17.93,1.00,341.92
12/02/2025 12:29:48:229,Moved,552.50,426.25,-17.91,1.00,342.06
12/02/2025 12:29:48:247,Moved,552.5,397.5,-17.91,1.00,342.06
12/02/2025 12:29:48:247,Moved,552.50,397.50,-17.88,1.00,342.35
12/02/2025 12:29:48:263,Moved,552.5,367.5,-17.88,1.00,342.35
12/02/2025 12:29:48:263,Moved,552.50,367.50,-17.85,1.00,342.66
12/02/2025 12:29:48:297,Moved,552.5,323.75,-17.85,1.00,342.66
12/02/2025 12:29:48:297,Moved,552.50,323.75,-17.77,1.00,343.52
12/02/2025 12:29:48:314,Moved,553.75,296.25,-17.77,1.00,343.52
12/02/2025 12:29:48:314,Moved,553.75,296.25,-17.74,1.00,343.81
12/02/2025 12:29:48:328,Moved,555,282.5,-17.74,1.00,343.81
12/02/2025 12:29:48:328,Moved,555.00,282.50,-17.73,1.00,343.93
12/02/2025 12:29:48:344,Moved,556.25,258.75,-17.73,1.00,343.93
12/02/2025 12:29:48:344,Moved,556.25,258.75,-17.71,1.00,344.15
12/02/2025 12:29:48:358,Moved,556.25,246.25,-17.71,1.00,344.15
12/02/2025 12:29:48:358,Moved,556.25,246.25,-17.70,1.00,344.26
12/02/2025 12:29:48:374,Moved,557.5,225,-17.70,1.00,344.26
12/02/2025 12:29:48:374,Moved,557.50,225.00,-17.68,1.00,344.46
12/02/2025 12:29:48:400,Moved,558.75,195,-17.68,1.00,344.46
12/02/2025 12:29:48:400,Moved,558.75,195.00,-17.63,1.00,344.93
12/02/2025 12:29:48:413,Moved,558.75,186.25,-17.63,1.00,344.93
12/02/2025 12:29:48:413,Moved,558.75,186.25,-17.63,1.00,344.99
12/02/2025 12:29:48:428,Moved,560,176.25,-17.63,1.00,344.99
12/02/2025 12:29:48:428,Moved,560.00,176.25,-17.62,1.00,345.08
12/02/2025 12:29:48:465,Moved,563.75,142.5,-17.62,1.00,345.08
12/02/2025 12:29:48:465,Moved,563.75,142.50,-17.55,1.00,345.76
12/02/2025 12:29:48:481,Moved,565,125,-17.55,1.00,345.76
12/02/2025 12:29:48:481,Moved,565.00,125.00,-17.54,1.00,345.93
12/02/2025 12:29:48:495,Moved,565,116.25,-17.54,1.00,345.93
12/02/2025 12:29:48:495,Moved,565.00,116.25,-17.53,1.00,346.01
12/02/2025 12:29:48:511,Moved,566.25,99.99998,-17.53,1.00,346.01
12/02/2025 12:29:48:511,Moved,566.25,100.00,-17.51,1.00,346.17
12/02/2025 12:29:48:524,Moved,566.25,91.24998,-17.51,1.00,346.17
12/02/2025 12:29:48:524,Moved,566.25,91.25,-17.51,1.00,346.23
12/02/2025 12:29:48:542,Moved,566.25,76.24998,-17.51,1.00,346.23
12/02/2025 12:29:48:542,Moved,566.25,76.25,-17.49,1.00,346.39
12/02/2025 12:29:48:554,Moved,566.25,68.74998,-17.49,1.00,346.39
12/02/2025 12:29:48:554,Moved,566.25,68.75,-17.49,1.00,346.45
12/02/2025 12:29:48:572,Moved,566.25,56.24998,-17.49,1.00,346.45
12/02/2025 12:29:48:572,Moved,566.25,56.25,-17.48,1.00,346.58
12/02/2025 12:29:48:590,Moved,567.5,43.74998,-17.48,1.00,346.58
12/02/2025 12:29:48:590,Moved,567.50,43.75,-17.46,1.00,346.71
12/02/2025 12:29:48:642,Moved,567.5,21.24998,-17.46,1.00,346.71
12/02/2025 12:29:48:642,Moved,567.50,21.25,-17.42,1.00,347.16
12/02/2025 12:29:48:655,Moved,568.75,18.74998,-17.42,1.00,347.16
12/02/2025 12:29:48:655,Moved,568.75,18.75,-17.42,1.00,347.18
12/02/2025 12:29:48:673,Moved,568.75,14.99999,-17.42,1.00,347.18
12/02/2025 12:29:48:673,Moved,568.75,15.00,-17.41,1.00,347.22
12/02/2025 12:29:48:692,Moved,568.75,11.24999,-17.41,1.00,347.22
12/02/2025 12:29:48:692,Moved,568.75,11.25,-17.41,1.00,347.26
12/02/2025 12:29:48:706,Moved,567.5,11.24999,-17.41,1.00,347.26
12/02/2025 12:29:48:706,Moved,567.50,11.25,-17.41,1.00,347.26
12/02/2025 12:29:48:719,Ended,567.5,11.24999,-17.41,1.00,347.26
12/02/2025 12:29:48:719,Ended,567.50,11.25,-17.41,1.00,347.26
12/02/2025 12:29:49:416,Began,572.5,610,-17.41,1.00,347.26
12/02/2025 12:29:49:416,Began,572.50,610.00,-17.41,1.00,347.26
12/02/2025 12:29:49:433,Moved,572.5,610,-17.41,1.00,347.26
12/02/2025 12:29:49:433,Moved,572.50,610.00,-17.41,1.00,347.26
12/02/2025 12:29:49:446,Stationary,572.5,610,-17.41,1.00,347.26
12/02/2025 12:29:49:463,Stationary,572.5,610,-17.41,1.00,347.26
12/02/2025 12:29:49:472,Stationary,572.5,610,-17.41,1.00,347.26
12/02/2025 12:29:49:484,Stationary,572.5,610,-17.41,1.00,347.26
12/02/2025 12:29:49:494,Stationary,572.5,610,-17.41,1.00,347.26
12/02/2025 12:29:49:504,Stationary,572.5,610,-17.41,1.00,347.26
12/02/2025 12:29:49:516,Moved,572.5,606.25,-17.41,1.00,347.26
12/02/2025 12:29:49:516,Moved,572.50,606.25,-17.41,1.00,347.29
12/02/2025 12:29:49:538,Moved,572.5,601.25,-17.41,1.00,347.29
12/02/2025 12:29:49:538,Moved,572.50,601.25,-17.40,1.00,347.34
12/02/2025 12:29:49:575,Moved,572.5,581.25,-17.40,1.00,347.34
12/02/2025 12:29:49:575,Moved,572.50,581.25,-17.36,1.00,347.74
12/02/2025 12:29:49:588,Moved,573.75,576.25,-17.36,1.00,347.74
12/02/2025 12:29:49:588,Moved,573.75,576.25,-17.36,1.00,347.78
12/02/2025 12:29:49:611,Moved,572.5,556.25,-17.36,1.00,347.78
12/02/2025 12:29:49:611,Moved,572.50,556.25,-17.33,1.00,348.06
12/02/2025 12:29:49:640,Moved,572.5,535,-17.33,1.00,348.06
12/02/2025 12:29:49:640,Moved,572.50,535.00,-17.30,1.00,348.43
12/02/2025 12:29:49:654,Moved,572.5,526.25,-17.30,1.00,348.43
12/02/2025 12:29:49:654,Moved,572.50,526.25,-17.29,1.00,348.50
12/02/2025 12:29:49:668,Moved,572.5,518.75,-17.29,1.00,348.50
12/02/2025 12:29:49:668,Moved,572.50,518.75,-17.28,1.00,348.56
12/02/2025 12:29:49:684,Moved,571.25,501.25,-17.28,1.00,348.56
12/02/2025 12:29:49:684,Moved,571.25,501.25,-17.27,1.00,348.73
12/02/2025 12:29:49:698,Moved,571.25,491.25,-17.27,1.00,348.73
12/02/2025 12:29:49:698,Moved,571.25,491.25,-17.26,1.00,348.81
12/02/2025 12:29:49:729,Moved,571.25,451.25,-17.26,1.00,348.81
12/02/2025 12:29:49:729,Moved,571.25,451.25,-17.19,1.00,349.57
12/02/2025 12:29:49:744,Moved,571.25,441.25,-17.19,1.00,349.57
12/02/2025 12:29:49:744,Moved,571.25,441.25,-17.18,1.00,349.65
12/02/2025 12:29:49:758,Moved,571.25,431.25,-17.18,1.00,349.65
12/02/2025 12:29:49:758,Moved,571.25,431.25,-17.17,1.00,349.74
12/02/2025 12:29:49:774,Moved,571.25,411.25,-17.17,1.00,349.74
12/02/2025 12:29:49:774,Moved,571.25,411.25,-17.15,1.00,349.91
12/02/2025 12:29:49:787,Moved,571.25,401.25,-17.15,1.00,349.91
12/02/2025 12:29:49:787,Moved,571.25,401.25,-17.14,1.00,350.00
12/02/2025 12:29:49:804,Moved,572.5,381.25,-17.14,1.00,350.00
12/02/2025 12:29:49:804,Moved,572.50,381.25,-17.13,1.00,350.20
12/02/2025 12:29:49:817,Moved,572.5,371.25,-17.13,1.00,350.20
12/02/2025 12:29:49:817,Moved,572.50,371.25,-17.12,1.00,350.28
12/02/2025 12:29:49:851,Moved,571.25,333.75,-17.12,1.00,350.28
12/02/2025 12:29:49:851,Moved,571.25,333.75,-17.05,1.00,351.02
12/02/2025 12:29:49:892,Moved,568.75,300,-17.05,1.00,351.02
12/02/2025 12:29:49:892,Moved,568.75,300.00,-16.98,1.00,351.69
12/02/2025 12:29:49:905,Moved,568.75,291.25,-16.98,1.00,351.69
12/02/2025 12:29:49:905,Moved,568.75,291.25,-16.97,1.00,351.76
12/02/2025 12:29:49:917,Moved,568.75,285,-16.97,1.00,351.76
12/02/2025 12:29:49:917,Moved,568.75,285.00,-16.97,1.00,351.81
12/02/2025 12:29:49:934,Moved,568.75,270,-16.97,1.00,351.81
12/02/2025 12:29:49:934,Moved,568.75,270.00,-16.96,1.00,351.96
12/02/2025 12:29:49:951,Moved,568.75,256.25,-16.96,1.00,351.96
12/02/2025 12:29:49:951,Moved,568.75,256.25,-16.94,1.00,352.10
12/02/2025 12:29:49:965,Moved,568.75,248.75,-16.94,1.00,352.10
12/02/2025 12:29:49:965,Moved,568.75,248.75,-16.94,1.00,352.15
12/02/2025 12:29:49:979,Moved,568.75,236.25,-16.94,1.00,352.15
12/02/2025 12:29:49:979,Moved,568.75,236.25,-16.93,1.00,352.27
12/02/2025 12:29:49:993,Moved,568.75,228.75,-16.93,1.00,352.27
12/02/2025 12:29:49:993,Moved,568.75,228.75,-16.92,1.00,352.33
12/02/2025 12:29:50:006,Moved,568.75,221.25,-16.92,1.00,352.33
12/02/2025 12:29:50:006,Moved,568.75,221.25,-16.91,1.00,352.39
12/02/2025 12:29:50:047,Moved,570,191.25,-16.91,1.00,352.39
12/02/2025 12:29:50:047,Moved,570.00,191.25,-16.86,1.00,352.99
12/02/2025 12:29:50:077,Moved,571.25,173.75,-16.86,1.00,352.99
12/02/2025 12:29:50:077,Moved,571.25,173.75,-16.83,1.00,353.30
12/02/2025 12:29:50:090,Moved,571.25,167.5,-16.83,1.00,353.30
12/02/2025 12:29:50:090,Moved,571.25,167.50,-16.82,1.00,353.35
12/02/2025 12:29:50:105,Moved,571.25,161.25,-16.82,1.00,353.35
12/02/2025 12:29:50:105,Moved,571.25,161.25,-16.82,1.00,353.40
12/02/2025 12:29:50:121,Moved,571.25,151.25,-16.82,1.00,353.40
12/02/2025 12:29:50:121,Moved,571.25,151.25,-16.81,1.00,353.50
12/02/2025 12:29:50:136,Moved,571.25,146.25,-16.81,1.00,353.50
12/02/2025 12:29:50:136,Moved,571.25,146.25,-16.80,1.00,353.55
12/02/2025 12:29:50:156,Moved,570,131.25,-16.80,1.00,353.55
12/02/2025 12:29:50:156,Moved,570.00,131.25,-16.78,1.00,353.73
12/02/2025 12:29:50:192,Moved,571.25,116.25,-16.78,1.00,353.73
12/02/2025 12:29:50:192,Moved,571.25,116.25,-16.75,1.00,354.03
12/02/2025 12:29:50:204,Moved,571.25,111.25,-16.75,1.00,354.03
12/02/2025 12:29:50:204,Moved,571.25,111.25,-16.75,1.00,354.07
12/02/2025 12:29:50:221,Moved,571.25,102.5,-16.75,1.00,354.07
12/02/2025 12:29:50:221,Moved,571.25,102.50,-16.74,1.00,354.16
12/02/2025 12:29:50:235,Moved,571.25,98.74998,-16.74,1.00,354.16
12/02/2025 12:29:50:235,Moved,571.25,98.75,-16.74,1.00,354.19
12/02/2025 12:29:50:252,Moved,571.25,91.24998,-16.74,1.00,354.19
12/02/2025 12:29:50:252,Moved,571.25,91.25,-16.73,1.00,354.27
12/02/2025 12:29:50:282,Moved,570,81.24998,-16.73,1.00,354.27
12/02/2025 12:29:50:282,Moved,570.00,81.25,-16.71,1.00,354.44
12/02/2025 12:29:50:294,Moved,568.75,77.49998,-16.71,1.00,354.44
12/02/2025 12:29:50:294,Moved,568.75,77.50,-16.71,1.00,354.47
12/02/2025 12:29:50:312,Moved,568.75,71.24998,-16.71,1.00,354.47
12/02/2025 12:29:50:312,Moved,568.75,71.25,-16.71,1.00,354.54
12/02/2025 12:29:50:350,Moved,568.75,58.74998,-16.71,1.00,354.54
12/02/2025 12:29:50:350,Moved,568.75,58.75,-16.68,1.00,354.79
12/02/2025 12:29:50:363,Moved,568.75,56.24998,-16.68,1.00,354.79
12/02/2025 12:29:50:363,Moved,568.75,56.25,-16.68,1.00,354.81
12/02/2025 12:29:50:381,Moved,568.75,49.99998,-16.68,1.00,354.81
12/02/2025 12:29:50:381,Moved,568.75,50.00,-16.67,1.00,354.87
12/02/2025 12:29:50:397,Moved,568.75,43.74998,-16.67,1.00,354.87
12/02/2025 12:29:50:397,Moved,568.75,43.75,-16.67,1.00,354.93
12/02/2025 12:29:50:411,Moved,568.75,39.99998,-16.67,1.00,354.93
12/02/2025 12:29:50:411,Moved,568.75,40.00,-16.66,1.00,354.96
12/02/2025 12:29:50:426,Moved,568.75,33.74998,-16.66,1.00,354.96
12/02/2025 12:29:50:426,Moved,568.75,33.75,-16.66,1.00,355.03
12/02/2025 12:29:50:440,Moved,567.5,31.24998,-16.66,1.00,355.03
12/02/2025 12:29:50:440,Moved,567.50,31.25,-16.66,1.00,355.05
12/02/2025 12:29:50:456,Moved,567.5,26.24998,-16.66,1.00,355.05
12/02/2025 12:29:50:456,Moved,567.50,26.25,-16.65,1.00,355.10
12/02/2025 12:29:50:485,Moved,567.5,18.74998,-16.65,1.00,355.10
12/02/2025 12:29:50:485,Moved,567.50,18.75,-16.64,1.00,355.23
12/02/2025 12:29:50:521,Moved,567.5,12.49999,-16.64,1.00,355.23
12/02/2025 12:29:50:521,Moved,567.50,12.50,-16.63,1.00,355.35
12/02/2025 12:29:50:537,Moved,567.5,9.999986,-16.63,1.00,355.35
12/02/2025 12:29:50:537,Moved,567.50,10.00,-16.62,1.00,355.38
12/02/2025 12:29:50:550,Moved,567.5,7.499986,-16.62,1.00,355.38
12/02/2025 12:29:50:550,Moved,567.50,7.50,-16.62,1.00,355.39
12/02/2025 12:29:50:566,Moved,567.5,4.999986,-16.62,1.00,355.39
12/02/2025 12:29:50:566,Moved,567.50,5.00,-16.62,1.00,355.42
12/02/2025 12:29:50:580,Moved,567.5,2.499986,-16.62,1.00,355.42
12/02/2025 12:29:50:580,Moved,567.50,2.50,-16.62,1.00,355.44
12/02/2025 12:29:50:595,Ended,567.5,2.499986,-16.62,1.00,355.44
12/02/2025 12:29:50:595,Ended,567.50,2.50,-16.62,1.00,355.44
12/02/2025 12:29:51:125,Began,558.75,625,-16.62,1.00,355.44
12/02/2025 12:29:51:125,Began,558.75,625.00,-16.62,1.00,355.44
12/02/2025 12:29:51:147,Moved,558.75,622.5,-16.62,1.00,355.44
12/02/2025 12:29:51:147,Moved,558.75,622.50,-16.62,1.00,355.47
12/02/2025 12:29:51:168,Moved,558.75,616.25,-16.62,1.00,355.47
12/02/2025 12:29:51:168,Moved,558.75,616.25,-16.61,1.00,355.54
12/02/2025 12:29:51:190,Moved,558.75,592.5,-16.61,1.00,355.54
12/02/2025 12:29:51:190,Moved,558.75,592.50,-16.57,1.00,355.90
12/02/2025 12:29:51:204,Moved,558.75,583.75,-16.57,1.00,355.90
12/02/2025 12:29:51:204,Moved,558.75,583.75,-16.57,1.00,355.97
12/02/2025 12:29:51:229,Moved,557.5,557.5,-16.57,1.00,355.97
12/02/2025 12:29:51:229,Moved,557.50,557.50,-16.53,1.00,356.35
12/02/2025 12:29:51:242,Moved,557.5,548.75,-16.53,1.00,356.35
12/02/2025 12:29:51:242,Moved,557.50,548.75,-16.52,1.00,356.42
12/02/2025 12:29:51:255,Moved,557.5,540,-16.52,1.00,356.42
12/02/2025 12:29:51:255,Moved,557.50,540.00,-16.52,1.00,356.49
12/02/2025 12:29:51:268,Moved,557.5,531.25,-16.52,1.00,356.49
12/02/2025 12:29:51:268,Moved,557.50,531.25,-16.51,1.00,356.56
12/02/2025 12:29:51:304,Moved,553.75,495,-16.51,1.00,356.56
12/02/2025 12:29:51:304,Moved,553.75,495.00,-16.44,1.00,357.28
12/02/2025 12:29:51:330,Moved,553.75,465,-16.44,1.00,357.28
12/02/2025 12:29:51:330,Moved,553.75,465.00,-16.39,1.00,357.77
12/02/2025 12:29:51:343,Moved,553.75,453.75,-16.39,1.00,357.77
12/02/2025 12:29:51:343,Moved,553.75,453.75,-16.38,1.00,357.86
12/02/2025 12:29:51:357,Moved,552.5,442.5,-16.38,1.00,357.86
12/02/2025 12:29:51:357,Moved,552.50,442.50,-16.38,1.00,357.95
12/02/2025 12:29:51:375,Moved,552.5,418.75,-16.38,1.00,357.95
12/02/2025 12:29:51:375,Moved,552.50,418.75,-16.35,1.00,358.19
12/02/2025 12:29:51:392,Moved,552.5,393.75,-16.35,1.00,358.19
12/02/2025 12:29:51:392,Moved,552.50,393.75,-16.33,1.00,358.46
12/02/2025 12:29:51:408,Moved,552.5,367.5,-16.33,1.00,358.46
12/02/2025 12:29:51:408,Moved,552.50,367.50,-16.30,1.00,358.73
12/02/2025 12:29:51:423,Moved,552.5,355,-16.30,1.00,358.73
12/02/2025 12:29:51:423,Moved,552.50,355.00,-16.29,1.00,358.83
12/02/2025 12:29:51:460,Moved,552.5,298.75,-16.29,1.00,358.83
12/02/2025 12:29:51:460,Moved,552.50,298.75,-16.18,1.00,359.95
12/02/2025 12:29:51:474,Moved,552.5,285,-16.18,1.00,359.95
12/02/2025 12:29:51:474,Moved,552.50,285.00,-16.17,1.00,360.07
12/02/2025 12:29:51:494,Moved,552.5,257.5,-16.17,1.00,360.07
12/02/2025 12:29:51:494,Moved,552.50,257.50,-16.14,1.00,360.37
12/02/2025 12:29:51:514,Moved,553.75,231.25,-16.14,1.00,360.37
12/02/2025 12:29:51:514,Moved,553.75,231.25,-16.11,1.00,360.67
12/02/2025 12:29:51:548,Moved,560,187.5,-16.11,1.00,360.67
12/02/2025 12:29:51:548,Moved,560.00,187.50,-16.03,1.00,361.54
12/02/2025 12:29:51:560,Moved,561.25,177.5,-16.03,1.00,361.54
12/02/2025 12:29:51:560,Moved,561.25,177.50,-16.02,1.00,361.62
12/02/2025 12:29:51:580,Moved,565,161.25,-16.02,1.00,361.62
12/02/2025 12:29:51:580,Moved,565.00,161.25,-16.00,1.00,361.82
12/02/2025 12:29:51:616,Moved,572.5,132.5,-16.00,1.00,361.82
12/02/2025 12:29:51:616,Moved,572.50,132.50,-15.95,1.00,362.39
12/02/2025 12:29:51:632,Moved,573.75,126.25,-15.95,1.00,362.39
12/02/2025 12:29:51:632,Moved,573.75,126.25,-15.94,1.00,362.44
12/02/2025 12:29:51:644,Moved,575,121.25,-15.94,1.00,362.44
12/02/2025 12:29:51:644,Moved,575.00,121.25,-15.94,1.00,362.48
12/02/2025 12:29:51:663,Moved,577.5,111.25,-15.94,1.00,362.48
12/02/2025 12:29:51:663,Moved,577.50,111.25,-15.93,1.00,362.59
12/02/2025 12:29:51:678,Moved,577.5,101.25,-15.93,1.00,362.59
12/02/2025 12:29:51:678,Moved,577.50,101.25,-15.92,1.00,362.69
12/02/2025 12:29:51:691,Moved,578.75,96.24998,-15.92,1.00,362.69
12/02/2025 12:29:51:691,Moved,578.75,96.25,-15.91,1.00,362.72
12/02/2025 12:29:51:705,Moved,580,91.24998,-15.91,1.00,362.72
12/02/2025 12:29:51:705,Moved,580.00,91.25,-15.91,1.00,362.77
12/02/2025 12:29:51:722,Moved,582.5,79.99998,-15.91,1.00,362.77
12/02/2025 12:29:51:722,Moved,582.50,80.00,-15.90,1.00,362.88
12/02/2025 12:29:51:752,Moved,583.75,61.24998,-15.90,1.00,362.88
12/02/2025 12:29:51:752,Moved,583.75,61.25,-15.87,1.00,363.21
12/02/2025 12:29:51:784,Moved,585,39.99998,-15.87,1.00,363.21
12/02/2025 12:29:51:784,Moved,585.00,40.00,-15.83,1.00,363.63
12/02/2025 12:29:51:799,Moved,585,33.74998,-15.83,1.00,363.63
12/02/2025 12:29:51:799,Moved,585.00,33.75,-15.82,1.00,363.69
12/02/2025 12:29:51:813,Moved,585,29.99998,-15.82,1.00,363.69
12/02/2025 12:29:51:813,Moved,585.00,30.00,-15.82,1.00,363.71
12/02/2025 12:29:51:829,Moved,583.75,19.99998,-15.82,1.00,363.71
12/02/2025 12:29:51:829,Moved,583.75,20.00,-15.81,1.00,363.82
12/02/2025 12:29:51:843,Moved,583.75,16.24998,-15.81,1.00,363.82
12/02/2025 12:29:51:843,Moved,583.75,16.25,-15.80,1.00,363.85
12/02/2025 12:29:51:860,Moved,583.75,7.499986,-15.80,1.00,363.85
12/02/2025 12:29:51:860,Moved,583.75,7.50,-15.80,1.00,363.94
12/02/2025 12:29:51:875,Moved,583.75,4.999986,-15.80,1.00,363.94
12/02/2025 12:29:51:875,Moved,583.75,5.00,-15.79,1.00,363.96
12/02/2025 12:29:51:893,Moved,583.75,-3.750014,-15.79,1.00,363.96
12/02/2025 12:29:51:893,Moved,583.75,-3.75,-15.78,1.00,364.06
12/02/2025 12:29:51:908,Moved,583.75,-7.500014,-15.78,1.00,364.06
12/02/2025 12:29:51:908,Moved,583.75,-7.50,-15.78,1.00,364.09
12/02/2025 12:29:51:941,Moved,582.5,-13.75001,-15.78,1.00,364.09
12/02/2025 12:29:51:941,Moved,582.50,-13.75,-15.77,1.00,364.21
12/02/2025 12:29:51:973,Moved,582.5,-20.00002,-15.77,1.00,364.21
12/02/2025 12:29:51:973,Moved,582.50,-20.00,-15.76,1.00,364.33
12/02/2025 12:29:51:987,Ended,582.5,-20.00002,-15.76,1.00,364.33
12/02/2025 12:29:51:987,Ended,582.50,-20.00,-15.76,1.00,364.33
12/02/2025 12:29:52:546,Began,583.75,625,-15.76,1.00,364.33
12/02/2025 12:29:52:546,Began,583.75,625.00,-15.76,1.00,364.33
12/02/2025 12:29:52:557,Moved,583.75,625,-15.76,1.00,364.33
12/02/2025 12:29:52:557,Moved,583.75,625.00,-15.76,1.00,364.33
12/02/2025 12:29:52:592,Moved,585,615,-15.76,1.00,364.33
12/02/2025 12:29:52:592,Moved,585.00,615.00,-15.74,1.00,364.53
12/02/2025 12:29:52:600,Moved,585,607.5,-15.74,1.00,364.53
12/02/2025 12:29:52:600,Moved,585.00,607.50,-15.74,1.00,364.57
12/02/2025 12:29:52:628,Moved,586.25,583.75,-15.74,1.00,364.57
12/02/2025 12:29:52:628,Moved,586.25,583.75,-15.70,1.00,364.96
12/02/2025 12:29:52:659,Moved,586.25,557.5,-15.70,1.00,364.96
12/02/2025 12:29:52:659,Moved,586.25,557.50,-15.65,1.00,365.44
12/02/2025 12:29:52:673,Moved,586.25,548.75,-15.65,1.00,365.44
12/02/2025 12:29:52:673,Moved,586.25,548.75,-15.64,1.00,365.52
12/02/2025 12:29:52:712,Moved,583.75,506.25,-15.64,1.00,365.52
12/02/2025 12:29:52:712,Moved,583.75,506.25,-15.56,1.00,366.37
12/02/2025 12:29:52:725,Moved,582.5,496.25,-15.56,1.00,366.37
12/02/2025 12:29:52:725,Moved,582.50,496.25,-15.55,1.00,366.45
12/02/2025 12:29:52:742,Moved,581.25,475,-15.55,1.00,366.45
12/02/2025 12:29:52:742,Moved,581.25,475.00,-15.53,1.00,366.66
12/02/2025 12:29:52:755,Moved,580,463.75,-15.53,1.00,366.66
12/02/2025 12:29:52:755,Moved,580.00,463.75,-15.52,1.00,366.76
12/02/2025 12:29:52:772,Moved,578.75,441.25,-15.52,1.00,366.76
12/02/2025 12:29:52:772,Moved,578.75,441.25,-15.50,1.00,366.97
12/02/2025 12:29:52:799,Moved,577.5,408.75,-15.50,1.00,366.97
12/02/2025 12:29:52:799,Moved,577.50,408.75,-15.45,1.00,367.50
12/02/2025 12:29:52:813,Moved,577.5,397.5,-15.45,1.00,367.50
12/02/2025 12:29:52:813,Moved,577.50,397.50,-15.44,1.00,367.60
12/02/2025 12:29:52:830,Moved,577.5,376.25,-15.44,1.00,367.60
12/02/2025 12:29:52:830,Moved,577.50,376.25,-15.42,1.00,367.81
12/02/2025 12:29:52:867,Moved,577.5,335,-15.42,1.00,367.81
12/02/2025 12:29:52:867,Moved,577.50,335.00,-15.34,1.00,368.63
12/02/2025 12:29:52:882,Moved,577.5,325,-15.34,1.00,368.63
12/02/2025 12:29:52:882,Moved,577.50,325.00,-15.33,1.00,368.72
12/02/2025 12:29:52:897,Moved,577.5,315,-15.33,1.00,368.72
12/02/2025 12:29:52:897,Moved,577.50,315.00,-15.33,1.00,368.80
12/02/2025 12:29:52:914,Moved,576.25,295,-15.33,1.00,368.80
12/02/2025 12:29:52:914,Moved,576.25,295.00,-15.31,1.00,369.01
12/02/2025 12:29:52:931,Moved,576.25,275,-15.31,1.00,369.01
12/02/2025 12:29:52:931,Moved,576.25,275.00,-15.29,1.00,369.21
12/02/2025 12:29:52:949,Moved,576.25,253.75,-15.29,1.00,369.21
12/02/2025 12:29:52:949,Moved,576.25,253.75,-15.26,1.00,369.44
12/02/2025 12:29:52:961,Moved,576.25,242.5,-15.26,1.00,369.44
12/02/2025 12:29:52:961,Moved,576.25,242.50,-15.26,1.00,369.53
12/02/2025 12:29:52:975,Moved,575,231.25,-15.26,1.00,369.53
12/02/2025 12:29:52:975,Moved,575.00,231.25,-15.25,1.00,369.62
12/02/2025 12:29:53:011,Moved,575,187.5,-15.25,1.00,369.62
12/02/2025 12:29:53:011,Moved,575.00,187.50,-15.16,1.00,370.49
12/02/2025 12:29:53:052,Moved,577.5,146.25,-15.16,1.00,370.49
12/02/2025 12:29:53:052,Moved,577.50,146.25,-15.08,1.00,371.31
12/02/2025 12:29:53:074,Moved,577.5,127.5,-15.08,1.00,371.31
12/02/2025 12:29:53:074,Moved,577.50,127.50,-15.06,1.00,371.55
12/02/2025 12:29:53:093,Moved,577.5,111.25,-15.06,1.00,371.55
12/02/2025 12:29:53:093,Moved,577.50,111.25,-15.04,1.00,371.74
12/02/2025 12:29:53:112,Moved,577.5,96.24998,-15.04,1.00,371.74
12/02/2025 12:29:53:112,Moved,577.50,96.25,-15.02,1.00,371.92
12/02/2025 12:29:53:133,Moved,576.25,81.24998,-15.02,1.00,371.92
12/02/2025 12:29:53:133,Moved,576.25,81.25,-15.01,1.00,372.10
12/02/2025 12:29:53:158,Moved,575,68.74998,-15.01,1.00,372.10
12/02/2025 12:29:53:158,Moved,575.00,68.75,-14.99,1.00,372.29
12/02/2025 12:29:53:174,Moved,573.75,56.24998,-14.99,1.00,372.29
12/02/2025 12:29:53:174,Moved,573.75,56.25,-14.98,1.00,372.41
12/02/2025 12:29:53:211,Moved,572.5,36.24998,-14.98,1.00,372.41
12/02/2025 12:29:53:211,Moved,572.50,36.25,-14.94,1.00,372.80
12/02/2025 12:29:53:241,Moved,572.5,21.24998,-14.94,1.00,372.80
12/02/2025 12:29:53:241,Moved,572.50,21.25,-14.91,1.00,373.07
12/02/2025 12:29:53:257,Moved,572.5,12.49999,-14.91,1.00,373.07
12/02/2025 12:29:53:257,Moved,572.50,12.50,-14.90,1.00,373.16
12/02/2025 12:29:53:272,Moved,572.5,8.749986,-14.90,1.00,373.16
12/02/2025 12:29:53:272,Moved,572.50,8.75,-14.90,1.00,373.19
12/02/2025 12:29:53:290,Moved,572.5,1.249986,-14.90,1.00,373.19
12/02/2025 12:29:53:290,Moved,572.50,1.25,-14.89,1.00,373.27
12/02/2025 12:29:53:303,Moved,572.5,-3.750014,-14.89,1.00,373.27
12/02/2025 12:29:53:303,Moved,572.50,-3.75,-14.89,1.00,373.31
12/02/2025 12:29:53:317,Moved,571.25,-11.25001,-14.89,1.00,373.31
12/02/2025 12:29:53:317,Moved,571.25,-11.25,-14.88,1.00,373.37
12/02/2025 12:29:53:333,Moved,570,-15.00001,-14.88,1.00,373.37
12/02/2025 12:29:53:333,Moved,570.00,-15.00,-14.88,1.00,373.41
12/02/2025 12:29:53:372,Ended,567.5,-22.50002,-14.88,1.00,373.41
12/02/2025 12:29:53:372,Ended,567.50,-22.50,-14.88,1.00,373.41
12/02/2025 12:29:53:843,Began,557.5,631.25,-14.88,1.00,373.41
12/02/2025 12:29:53:843,Began,557.50,631.25,-14.88,1.00,373.41
12/02/2025 12:29:53:855,Moved,557.5,631.25,-14.88,1.00,373.41
12/02/2025 12:29:53:855,Moved,557.50,631.25,-14.88,1.00,373.41
12/02/2025 12:29:53:873,Stationary,557.5,631.25,-14.88,1.00,373.41
12/02/2025 12:29:53:892,Stationary,557.5,631.25,-14.88,1.00,373.41
12/02/2025 12:29:53:899,Moved,557.5,626.25,-14.88,1.00,373.41
12/02/2025 12:29:53:899,Moved,557.50,626.25,-14.88,1.00,373.44
12/02/2025 12:29:53:936,Moved,558.75,602.5,-14.88,1.00,373.44
12/02/2025 12:29:53:936,Moved,558.75,602.50,-14.83,1.00,373.91
12/02/2025 12:29:53:970,Moved,561.25,561.25,-14.83,1.00,373.91
12/02/2025 12:29:53:970,Moved,561.25,561.25,-14.75,1.00,374.73
12/02/2025 12:29:54:003,Moved,560,528.75,-14.75,1.00,374.73
12/02/2025 12:29:54:003,Moved,560.00,528.75,-14.69,1.00,375.37
12/02/2025 12:29:54:016,Moved,560,517.5,-14.69,1.00,375.37
12/02/2025 12:29:54:016,Moved,560.00,517.50,-14.68,1.00,375.48
12/02/2025 12:29:54:033,Moved,557.5,495,-14.68,1.00,375.48
12/02/2025 12:29:54:033,Moved,557.50,495.00,-14.66,1.00,375.69
12/02/2025 12:29:54:062,Moved,556.25,461.25,-14.66,1.00,375.69
12/02/2025 12:29:54:062,Moved,556.25,461.25,-14.60,1.00,376.27
12/02/2025 12:29:54:077,Moved,555,451.25,-14.60,1.00,376.27
12/02/2025 12:29:54:077,Moved,555.00,451.25,-14.59,1.00,376.37
12/02/2025 12:29:54:095,Moved,553.75,427.5,-14.59,1.00,376.37
12/02/2025 12:29:54:095,Moved,553.75,427.50,-14.57,1.00,376.60
12/02/2025 12:29:54:112,Moved,552.5,405,-14.57,1.00,376.60
12/02/2025 12:29:54:112,Moved,552.50,405.00,-14.55,1.00,376.83
12/02/2025 12:29:54:127,Moved,552.5,392.5,-14.55,1.00,376.83
12/02/2025 12:29:54:127,Moved,552.50,392.50,-14.54,1.00,376.94
12/02/2025 12:29:54:162,Moved,551.25,343.75,-14.54,1.00,376.94
12/02/2025 12:29:54:162,Moved,551.25,343.75,-14.44,1.00,377.91
12/02/2025 12:29:54:176,Moved,551.25,331.25,-14.44,1.00,377.91
12/02/2025 12:29:54:176,Moved,551.25,331.25,-14.43,1.00,378.01
12/02/2025 12:29:54:192,Moved,550,307.5,-14.43,1.00,378.01
12/02/2025 12:29:54:192,Moved,550.00,307.50,-14.41,1.00,378.24
12/02/2025 12:29:54:204,Moved,550,296.25,-14.41,1.00,378.24
12/02/2025 12:29:54:204,Moved,550.00,296.25,-14.40,1.00,378.33
12/02/2025 12:29:54:221,Moved,548.75,272.5,-14.40,1.00,378.33
12/02/2025 12:29:54:221,Moved,548.75,272.50,-14.38,1.00,378.57
12/02/2025 12:29:54:235,Moved,547.5,261.25,-14.38,1.00,378.57
12/02/2025 12:29:54:235,Moved,547.50,261.25,-14.37,1.00,378.66
12/02/2025 12:29:54:264,Moved,547.5,230,-14.37,1.00,378.66
12/02/2025 12:29:54:264,Moved,547.50,230.00,-14.32,1.00,379.20
12/02/2025 12:29:54:281,Moved,547.5,208.75,-14.32,1.00,379.20
12/02/2025 12:29:54:281,Moved,547.50,208.75,-14.30,1.00,379.41
12/02/2025 12:29:54:318,Moved,546.25,168.75,-14.30,1.00,379.41
12/02/2025 12:29:54:318,Moved,546.25,168.75,-14.22,1.00,380.21
12/02/2025 12:29:54:334,Moved,546.25,160,-14.22,1.00,380.21
12/02/2025 12:29:54:334,Moved,546.25,160.00,-14.21,1.00,380.29
12/02/2025 12:29:54:349,Moved,547.5,141.25,-14.21,1.00,380.29
12/02/2025 12:29:54:349,Moved,547.50,141.25,-14.20,1.00,380.48
12/02/2025 12:29:54:363,Moved,547.5,131.25,-14.20,1.00,380.48
12/02/2025 12:29:54:363,Moved,547.50,131.25,-14.19,1.00,380.55
12/02/2025 12:29:54:376,Moved,547.5,122.5,-14.19,1.00,380.55
12/02/2025 12:29:54:376,Moved,547.50,122.50,-14.18,1.00,380.62
12/02/2025 12:29:54:394,Moved,548.75,106.25,-14.18,1.00,380.62
12/02/2025 12:29:54:394,Moved,548.75,106.25,-14.17,1.00,380.80
12/02/2025 12:29:54:409,Moved,550,91.24998,-14.17,1.00,380.80
12/02/2025 12:29:54:409,Moved,550.00,91.25,-14.15,1.00,380.94
12/02/2025 12:29:54:423,Moved,550,82.49998,-14.15,1.00,380.94
12/02/2025 12:29:54:423,Moved,550.00,82.50,-14.15,1.00,381.00
12/02/2025 12:29:54:439,Moved,551.25,68.74998,-14.15,1.00,381.00
12/02/2025 12:29:54:439,Moved,551.25,68.75,-14.13,1.00,381.15
12/02/2025 12:29:54:490,Moved,552.5,37.49998,-14.13,1.00,381.15
12/02/2025 12:29:54:490,Moved,552.50,37.50,-14.07,1.00,381.77
12/02/2025 12:29:54:503,Moved,552.5,32.49998,-14.07,1.00,381.77
12/02/2025 12:29:54:503,Moved,552.50,32.50,-14.07,1.00,381.82
12/02/2025 12:29:54:519,Moved,555,21.24998,-14.07,1.00,381.82
12/02/2025 12:29:54:519,Moved,555.00,21.25,-14.06,1.00,381.92
12/02/2025 12:29:54:532,Moved,556.25,17.49998,-14.06,1.00,381.92
12/02/2025 12:29:54:532,Moved,556.25,17.50,-14.05,1.00,381.95
12/02/2025 12:29:54:549,Moved,557.5,7.499986,-14.05,1.00,381.95
12/02/2025 12:29:54:549,Moved,557.50,7.50,-14.04,1.00,382.05
12/02/2025 12:29:54:563,Moved,560,3.749986,-14.04,1.00,382.05
12/02/2025 12:29:54:563,Moved,560.00,3.75,-14.04,1.00,382.08
12/02/2025 12:29:54:579,Moved,561.25,-3.750014,-14.04,1.00,382.08
12/02/2025 12:29:54:579,Moved,561.25,-3.75,-14.03,1.00,382.15
12/02/2025 12:29:54:597,Moved,562.5,-13.75001,-14.03,1.00,382.15
12/02/2025 12:29:54:597,Moved,562.50,-13.75,-14.02,1.00,382.26
12/02/2025 12:29:54:634,Ended,562.5,-13.75001,-14.02,1.00,382.26
12/02/2025 12:29:54:634,Ended,562.50,-13.75,-14.02,1.00,382.26
12/02/2025 12:29:55:035,Began,390,172.5,-14.02,1.00,382.26
12/02/2025 12:29:55:035,Began,390.00,172.50,-14.02,1.00,382.26
12/02/2025 12:29:55:872,Began,530,626.25,-14.02,1.00,382.26
12/02/2025 12:29:55:872,Began,530.00,626.25,-14.02,1.00,382.26
12/02/2025 12:29:55:881,Moved,530,626.25,-14.02,1.00,382.26
12/02/2025 12:29:55:881,Moved,530.00,626.25,-14.02,1.00,382.26
12/02/2025 12:29:55:929,Moved,530,596.25,-14.02,1.00,382.26
12/02/2025 12:29:55:929,Moved,530.00,596.25,-14.10,1.00,382.86
12/02/2025 12:29:55:943,Moved,530,585,-14.10,1.00,382.86
12/02/2025 12:29:55:943,Moved,530.00,585.00,-14.11,1.00,382.95
12/02/2025 12:29:55:967,Moved,530,550,-14.11,1.00,382.95
12/02/2025 12:29:55:967,Moved,530.00,550.00,-14.17,1.00,383.45
12/02/2025 12:29:55:981,Moved,530,537.5,-14.17,1.00,383.45
12/02/2025 12:29:55:981,Moved,530.00,537.50,-14.18,1.00,383.56
12/02/2025 12:29:55:994,Moved,530,525,-14.18,1.00,383.56
12/02/2025 12:29:55:994,Moved,530.00,525.00,-14.19,1.00,383.66
12/02/2025 12:29:56:011,Moved,530,500,-14.19,1.00,383.66
12/02/2025 12:29:56:011,Moved,530.00,500.00,-14.22,1.00,383.90
12/02/2025 12:29:56:046,Moved,527.5,450,-14.22,1.00,383.90
12/02/2025 12:29:56:046,Moved,527.50,450.00,-14.34,1.00,384.90
12/02/2025 12:29:56:058,Moved,528.75,437.5,-14.34,1.00,384.90
12/02/2025 12:29:56:058,Moved,528.75,437.50,-14.35,1.00,384.98
12/02/2025 12:29:56:073,Moved,528.75,425,-14.35,1.00,384.98
12/02/2025 12:29:56:073,Moved,528.75,425.00,-14.36,1.00,385.08
12/02/2025 12:29:56:089,Moved,530,400,-14.36,1.00,385.08
12/02/2025 12:29:56:089,Moved,530.00,400.00,-14.40,1.00,385.35
12/02/2025 12:29:56:131,Moved,532.5,346.25,-14.40,1.00,385.35
12/02/2025 12:29:56:131,Moved,532.50,346.25,-14.52,1.00,386.42
12/02/2025 12:29:56:153,Moved,535,320,-14.52,1.00,386.42
12/02/2025 12:29:56:153,Moved,535.00,320.00,-14.57,1.00,386.78
12/02/2025 12:29:56:178,Moved,536.25,292.5,-14.57,1.00,386.78
12/02/2025 12:29:56:178,Moved,536.25,292.50,-14.62,1.00,387.17
12/02/2025 12:29:56:215,Moved,537.5,232.5,-14.62,1.00,387.17
12/02/2025 12:29:56:215,Moved,537.50,232.50,-14.76,1.00,388.37
12/02/2025 12:29:56:229,Moved,537.5,222.5,-14.76,1.00,388.37
12/02/2025 12:29:56:229,Moved,537.50,222.50,-14.77,1.00,388.44
12/02/2025 12:29:56:241,Moved,537.5,212.5,-14.77,1.00,388.44
12/02/2025 12:29:56:241,Moved,537.50,212.50,-14.78,1.00,388.52
12/02/2025 12:29:56:258,Moved,538.75,193.75,-14.78,1.00,388.52
12/02/2025 12:29:56:258,Moved,538.75,193.75,-14.80,1.00,388.72
12/02/2025 12:29:56:272,Moved,538.75,185,-14.80,1.00,388.72
12/02/2025 12:29:56:272,Moved,538.75,185.00,-14.81,1.00,388.79
12/02/2025 12:29:56:289,Moved,538.75,168.75,-14.81,1.00,388.79
12/02/2025 12:29:56:289,Moved,538.75,168.75,-14.83,1.00,388.95
12/02/2025 12:29:56:306,Moved,538.75,152.5,-14.83,1.00,388.95
12/02/2025 12:29:56:306,Moved,538.75,152.50,-14.85,1.00,389.12
12/02/2025 12:29:56:335,Moved,537.5,130,-14.85,1.00,389.12
12/02/2025 12:29:56:335,Moved,537.50,130.00,-14.90,1.00,389.52
12/02/2025 12:29:56:374,Moved,536.25,101.25,-14.90,1.00,389.52
12/02/2025 12:29:56:374,Moved,536.25,101.25,-14.97,1.00,390.09
12/02/2025 12:29:56:387,Moved,536.25,93.74998,-14.97,1.00,390.09
12/02/2025 12:29:56:387,Moved,536.25,93.75,-14.97,1.00,390.15
12/02/2025 12:29:56:401,Moved,535,87.49998,-14.97,1.00,390.15
12/02/2025 12:29:56:401,Moved,535.00,87.50,-14.98,1.00,390.20
12/02/2025 12:29:56:417,Moved,535,76.24998,-14.98,1.00,390.20
12/02/2025 12:29:56:417,Moved,535.00,76.25,-14.99,1.00,390.31
12/02/2025 12:29:56:430,Moved,535,71.24998,-14.99,1.00,390.31
12/02/2025 12:29:56:430,Moved,535.00,71.25,-15.00,1.00,390.35
12/02/2025 12:29:56:446,Moved,535,61.24998,-15.00,1.00,390.35
12/02/2025 12:29:56:446,Moved,535.00,61.25,-15.01,1.00,390.45
12/02/2025 12:29:56:461,Moved,535,57.49998,-15.01,1.00,390.45
12/02/2025 12:29:56:461,Moved,535.00,57.50,-15.01,1.00,390.48
12/02/2025 12:29:56:476,Moved,536.25,48.74998,-15.01,1.00,390.48
12/02/2025 12:29:56:476,Moved,536.25,48.75,-15.02,1.00,390.56
12/02/2025 12:29:56:487,Moved,537.5,43.74998,-15.02,1.00,390.56
12/02/2025 12:29:56:487,Moved,537.50,43.75,-15.03,1.00,390.59
12/02/2025 12:29:56:523,Moved,538.75,29.99998,-15.03,1.00,390.59
12/02/2025 12:29:56:523,Moved,538.75,30.00,-15.06,1.00,390.87
12/02/2025 12:29:56:555,Moved,540,22.49998,-15.06,1.00,390.87
12/02/2025 12:29:56:555,Moved,540.00,22.50,-15.08,1.00,391.01
12/02/2025 12:29:56:568,Moved,540,21.24998,-15.08,1.00,391.01
12/02/2025 12:29:56:568,Moved,540.00,21.25,-15.08,1.00,391.02
12/02/2025 12:29:56:586,Moved,541.25,17.49998,-15.08,1.00,391.02
12/02/2025 12:29:56:586,Moved,541.25,17.50,-15.08,1.00,391.06
12/02/2025 12:29:56:595,Stationary,541.25,17.49998,-15.08,1.00,391.06
12/02/2025 12:29:56:619,Ended,541.25,17.49998,-15.08,1.00,391.06
12/02/2025 12:29:56:619,Ended,541.25,17.50,-15.08,1.00,391.06
12/02/2025 12:29:57:086,Began,527.5,608.75,-15.08,1.00,391.06
12/02/2025 12:29:57:086,Began,527.50,608.75,-15.08,1.00,391.06
12/02/2025 12:29:57:108,Moved,527.5,608.75,-15.08,1.00,391.06
12/02/2025 12:29:57:108,Moved,527.50,608.75,-15.08,1.00,391.06
12/02/2025 12:29:57:118,Moved,527.5,606.25,-15.08,1.00,391.06
12/02/2025 12:29:57:118,Moved,527.50,606.25,-15.09,1.00,391.08
12/02/2025 12:29:57:133,Moved,527.5,601.25,-15.09,1.00,391.08
12/02/2025 12:29:57:133,Moved,527.50,601.25,-15.09,1.00,391.12
12/02/2025 12:29:57:144,Moved,528.75,596.25,-15.09,1.00,391.12
12/02/2025 12:29:57:144,Moved,528.75,596.25,-15.10,1.00,391.16
12/02/2025 12:29:57:179,Moved,535,558.75,-15.10,1.00,391.16
12/02/2025 12:29:57:179,Moved,535.00,558.75,-15.19,1.00,391.90
12/02/2025 12:29:57:192,Moved,536.25,547.5,-15.19,1.00,391.90
12/02/2025 12:29:57:192,Moved,536.25,547.50,-15.20,1.00,392.00
12/02/2025 12:29:57:213,Moved,537.5,536.25,-15.20,1.00,392.00
12/02/2025 12:29:57:213,Moved,537.50,536.25,-15.21,1.00,392.13
12/02/2025 12:29:57:229,Moved,538.75,497.5,-15.21,1.00,392.13
12/02/2025 12:29:57:229,Moved,538.75,497.50,-15.26,1.00,392.51
12/02/2025 12:29:57:243,Moved,538.75,483.75,-15.26,1.00,392.51
12/02/2025 12:29:57:243,Moved,538.75,483.75,-15.27,1.00,392.62
12/02/2025 12:29:57:256,Moved,538.75,471.25,-15.27,1.00,392.62
12/02/2025 12:29:57:256,Moved,538.75,471.25,-15.28,1.00,392.72
12/02/2025 12:29:57:273,Moved,540,442.5,-15.28,1.00,392.72
12/02/2025 12:29:57:273,Moved,540.00,442.50,-15.32,1.00,393.01
12/02/2025 12:29:57:309,Moved,540,388.75,-15.32,1.00,393.01
12/02/2025 12:29:57:309,Moved,540.00,388.75,-15.45,1.00,394.07
12/02/2025 12:29:57:322,Moved,540,376.25,-15.45,1.00,394.07
12/02/2025 12:29:57:322,Moved,540.00,376.25,-15.46,1.00,394.17
12/02/2025 12:29:57:337,Moved,540,361.25,-15.46,1.00,394.17
12/02/2025 12:29:57:337,Moved,540.00,361.25,-15.47,1.00,394.30
12/02/2025 12:29:57:353,Moved,540,335,-15.47,1.00,394.30
12/02/2025 12:29:57:353,Moved,540.00,335.00,-15.51,1.00,394.56
12/02/2025 12:29:57:386,Moved,542.5,280,-15.51,1.00,394.56
12/02/2025 12:29:57:386,Moved,542.50,280.00,-15.64,1.00,395.65
12/02/2025 12:29:57:402,Moved,542.5,266.25,-15.64,1.00,395.65
12/02/2025 12:29:57:402,Moved,542.50,266.25,-15.65,1.00,395.77
12/02/2025 12:29:57:415,Moved,542.5,253.75,-15.65,1.00,395.77
12/02/2025 12:29:57:415,Moved,542.50,253.75,-15.66,1.00,395.87
12/02/2025 12:29:57:431,Moved,543.75,226.25,-15.66,1.00,395.87
12/02/2025 12:29:57:431,Moved,543.75,226.25,-15.70,1.00,396.14
12/02/2025 12:29:57:468,Moved,546.25,173.75,-15.70,1.00,396.14
12/02/2025 12:29:57:468,Moved,546.25,173.75,-15.82,1.00,397.18
12/02/2025 12:29:57:482,Moved,547.5,161.25,-15.82,1.00,397.18
12/02/2025 12:29:57:482,Moved,547.50,161.25,-15.83,1.00,397.28
12/02/2025 12:29:57:497,Moved,547.5,136.25,-15.83,1.00,397.28
12/02/2025 12:29:57:497,Moved,547.50,136.25,-15.86,1.00,397.52
12/02/2025 12:29:57:512,Moved,547.5,125,-15.86,1.00,397.52
12/02/2025 12:29:57:512,Moved,547.50,125.00,-15.87,1.00,397.61
12/02/2025 12:29:57:528,Moved,546.25,101.25,-15.87,1.00,397.61
12/02/2025 12:29:57:528,Moved,546.25,101.25,-15.90,1.00,397.84
12/02/2025 12:29:57:542,Moved,545,88.74998,-15.90,1.00,397.84
12/02/2025 12:29:57:542,Moved,545.00,88.75,-15.91,1.00,397.93
12/02/2025 12:29:57:558,Moved,542.5,66.24998,-15.91,1.00,397.93
12/02/2025 12:29:57:558,Moved,542.50,66.25,-15.94,1.00,398.18
12/02/2025 12:29:57:589,Moved,538.75,37.49998,-15.94,1.00,398.18
12/02/2025 12:29:57:589,Moved,538.75,37.50,-16.01,1.00,398.70
12/02/2025 12:29:57:680,Moved,531.25,-37.50002,-16.01,1.00,398.70
12/02/2025 12:29:57:680,Moved,531.25,-37.50,-16.12,1.00,399.31
12/02/2025 12:29:57:699,Ended,531.25,-37.50002,-16.12,1.00,399.31
12/02/2025 12:29:57:699,Ended,531.25,-37.50,-16.12,1.00,399.31
12/02/2025 12:29:58:190,Began,397.5,182.5,-16.12,1.00,399.31
12/02/2025 12:29:58:190,Began,397.50,182.50,-16.12,1.00,399.31
12/02/2025 12:29:58:932,Began,593.75,185,-16.12,1.00,399.31
12/02/2025 12:29:58:932,Began,593.75,185.00,-16.12,1.00,399.31
12/02/2025 12:29:58:943,Moved,593.75,185,-16.12,1.00,399.31
12/02/2025 12:29:58:943,Moved,593.75,185.00,-16.12,1.00,399.31
12/02/2025 12:29:58:962,Stationary,593.75,185,-16.12,1.00,399.31
12/02/2025 12:29:58:977,Stationary,593.75,185,-16.12,1.00,399.31
12/02/2025 12:29:58:988,Moved,593.75,182.5,-16.12,1.00,399.31
12/02/2025 12:29:58:988,Moved,593.75,182.50,-16.13,1.00,399.32
12/02/2025 12:29:59:007,Moved,593.75,173.75,-16.13,1.00,399.32
12/02/2025 12:29:59:007,Moved,593.75,173.75,-16.17,1.00,399.43
12/02/2025 12:29:59:034,Moved,593.75,151.25,-16.17,1.00,399.43
12/02/2025 12:29:59:034,Moved,593.75,151.25,-16.31,1.00,399.74
12/02/2025 12:29:59:066,Moved,592.5,128.75,-16.31,1.00,399.74
12/02/2025 12:29:59:066,Moved,592.50,128.75,-16.50,1.00,400.15
12/02/2025 12:29:59:079,Moved,592.5,121.25,-16.50,1.00,400.15
12/02/2025 12:29:59:079,Moved,592.50,121.25,-16.52,1.00,400.20
12/02/2025 12:29:59:094,Moved,592.5,110,-16.52,1.00,400.20
12/02/2025 12:29:59:094,Moved,592.50,110.00,-16.57,1.00,400.29
12/02/2025 12:29:59:111,Ended,592.5,110,-16.57,1.00,400.29
12/02/2025 12:29:59:111,Ended,592.50,110.00,-16.57,1.00,400.29
12/02/2025 12:29:59:354,Began,592.5,171.25,-16.57,1.00,400.29
12/02/2025 12:29:59:354,Began,592.50,171.25,-16.57,1.00,400.29
12/02/2025 12:29:59:379,Moved,592.5,168.75,-16.57,1.00,400.29
12/02/2025 12:29:59:379,Moved,592.50,168.75,-16.58,1.00,400.33
12/02/2025 12:29:59:402,Moved,592.5,158.75,-16.58,1.00,400.33
12/02/2025 12:29:59:402,Moved,592.50,158.75,-16.64,1.00,400.45
12/02/2025 12:29:59:434,Moved,591.25,136.25,-16.64,1.00,400.45
12/02/2025 12:29:59:434,Moved,591.25,136.25,-16.82,1.00,400.84
12/02/2025 12:29:59:462,Ended,592.5,125,-16.82,1.00,400.84
12/02/2025 12:29:59:462,Ended,592.50,125.00,-16.82,1.00,400.84
12/02/2025 12:29:59:641,Began,598.75,161.25,-16.82,1.00,400.84
12/02/2025 12:29:59:641,Began,598.75,161.25,-16.82,1.00,400.84
12/02/2025 12:29:59:657,Moved,598.75,158.75,-16.82,1.00,400.84
12/02/2025 12:29:59:657,Moved,598.75,158.75,-16.83,1.00,400.87
12/02/2025 12:29:59:670,Moved,598.75,156.25,-16.83,1.00,400.87
12/02/2025 12:29:59:670,Moved,598.75,156.25,-16.84,1.00,400.88
12/02/2025 12:29:59:705,Moved,597.5,136.25,-16.84,1.00,400.88
12/02/2025 12:29:59:705,Moved,597.50,136.25,-17.00,1.00,401.25
12/02/2025 12:29:59:747,Ended,597.5,123.75,-17.00,1.00,401.25
12/02/2025 12:29:59:747,Ended,597.50,123.75,-17.00,1.00,401.25
12/02/2025 12:29:59:928,Began,608.75,161.25,-17.00,1.00,401.25
12/02/2025 12:29:59:928,Began,608.75,161.25,-17.00,1.00,401.25
12/02/2025 12:29:59:944,Moved,608.75,161.25,-17.00,1.00,401.25
12/02/2025 12:29:59:944,Moved,608.75,161.25,-17.00,1.00,401.25
12/02/2025 12:29:59:955,Moved,607.5,155,-17.00,1.00,401.25
12/02/2025 12:29:59:955,Moved,607.50,155.00,-17.02,1.00,401.28
12/02/2025 12:29:59:970,Moved,607.5,150,-17.02,1.00,401.28
12/02/2025 12:29:59:970,Moved,607.50,150.00,-17.04,1.00,401.32
12/02/2025 12:29:59:982,Moved,607.5,145,-17.04,1.00,401.32
12/02/2025 12:29:59:982,Moved,607.50,145.00,-17.05,1.00,401.36
12/02/2025 12:30:00:015,Moved,607.5,131.25,-17.05,1.00,401.36
12/02/2025 12:30:00:015,Moved,607.50,131.25,-17.16,1.00,401.59
12/02/2025 12:30:00:036,Ended,607.5,130,-17.16,1.00,401.59
12/02/2025 12:30:00:036,Ended,607.50,130.00,-17.16,1.00,401.59
12/02/2025 12:30:00:225,Began,613.75,168.75,-17.16,1.00,401.59
12/02/2025 12:30:00:225,Began,613.75,168.75,-17.16,1.00,401.59
12/02/2025 12:30:00:244,Moved,615,163.75,-17.16,1.00,401.59
12/02/2025 12:30:00:244,Moved,615.00,163.75,-17.18,1.00,401.64
12/02/2025 12:30:00:265,Moved,615,153.75,-17.18,1.00,401.64
12/02/2025 12:30:00:265,Moved,615.00,153.75,-17.24,1.00,401.76
12/02/2025 12:30:00:309,Moved,612.5,131.25,-17.24,1.00,401.76
12/02/2025 12:30:00:309,Moved,612.50,131.25,-17.42,1.00,402.17
12/02/2025 12:30:00:344,Ended,612.5,131.25,-17.42,1.00,402.17
12/02/2025 12:30:00:344,Ended,612.50,131.25,-17.42,1.00,402.17
12/02/2025 12:30:00:504,Began,612.5,145,-17.42,1.00,402.17
12/02/2025 12:30:00:504,Began,612.50,145.00,-17.42,1.00,402.17
12/02/2025 12:30:00:522,Moved,615,137.5,-17.42,1.00,402.17
12/02/2025 12:30:00:522,Moved,615.00,137.50,-17.46,1.00,402.24
12/02/2025 12:30:00:567,Ended,616.25,123.75,-17.46,1.00,402.24
12/02/2025 12:30:00:567,Ended,616.25,123.75,-17.46,1.00,402.24
12/02/2025 12:30:00:757,Began,607.5,137.5,-17.46,1.00,402.24
12/02/2025 12:30:00:757,Began,607.50,137.50,-17.46,1.00,402.24
12/02/2025 12:30:00:767,Moved,608.75,135,-17.46,1.00,402.24
12/02/2025 12:30:00:767,Moved,608.75,135.00,-17.46,1.00,402.25
12/02/2025 12:30:00:788,Moved,610,128.75,-17.46,1.00,402.25
12/02/2025 12:30:00:788,Moved,610.00,128.75,-17.49,1.00,402.32
12/02/2025 12:30:00:798,Moved,610,125,-17.49,1.00,402.32
12/02/2025 12:30:00:798,Moved,610.00,125.00,-17.50,1.00,402.35
12/02/2025 12:30:00:823,Moved,608.75,116.25,-17.50,1.00,402.35
12/02/2025 12:30:00:823,Moved,608.75,116.25,-17.56,1.00,402.47
12/02/2025 12:30:00:839,Ended,608.75,116.25,-17.56,1.00,402.47
12/02/2025 12:30:00:839,Ended,608.75,116.25,-17.56,1.00,402.47
12/02/2025 12:30:01:033,Began,607.5,161.25,-17.56,1.00,402.47
12/02/2025 12:30:01:033,Began,607.50,161.25,-17.56,1.00,402.47
12/02/2025 12:30:01:053,Moved,607.5,157.5,-17.56,1.00,402.47
12/02/2025 12:30:01:053,Moved,607.50,157.50,-17.58,1.00,402.51
12/02/2025 12:30:01:066,Moved,607.5,155,-17.58,1.00,402.51
12/02/2025 12:30:01:066,Moved,607.50,155.00,-17.59,1.00,402.53
12/02/2025 12:30:01:080,Moved,606.25,146.25,-17.59,1.00,402.53
12/02/2025 12:30:01:080,Moved,606.25,146.25,-17.61,1.00,402.59
12/02/2025 12:30:01:121,Ended,602.5,133.75,-17.61,1.00,402.59
12/02/2025 12:30:01:121,Ended,602.50,133.75,-17.61,1.00,402.59
12/02/2025 12:30:01:538,Began,597.5,413.75,-17.61,1.00,402.59
12/02/2025 12:30:01:538,Began,597.50,413.75,-17.61,1.00,402.59
12/02/2025 12:30:01:550,Moved,597.5,411.25,-17.61,1.00,402.59
12/02/2025 12:30:01:550,Moved,597.50,411.25,-17.62,1.00,402.61
12/02/2025 12:30:01:569,Moved,597.5,403.75,-17.62,1.00,402.61
12/02/2025 12:30:01:569,Moved,597.50,403.75,-17.66,1.00,402.69
12/02/2025 12:30:01:609,Moved,600,366.25,-17.66,1.00,402.69
12/02/2025 12:30:01:609,Moved,600.00,366.25,-17.97,1.00,403.37
12/02/2025 12:30:01:624,Moved,601.25,356.25,-17.97,1.00,403.37
12/02/2025 12:30:01:624,Moved,601.25,356.25,-18.00,1.00,403.44
12/02/2025 12:30:01:634,Moved,601.25,345,-18.00,1.00,403.44
12/02/2025 12:30:01:634,Moved,601.25,345.00,-18.04,1.00,403.52
12/02/2025 12:30:01:655,Moved,602.5,310,-18.04,1.00,403.52
12/02/2025 12:30:01:655,Moved,602.50,310.00,-18.21,1.00,403.90
12/02/2025 12:30:01:663,Stationary,602.5,310,-18.21,1.00,403.90
12/02/2025 12:30:01:685,Moved,602.5,286.25,-18.21,1.00,403.90
12/02/2025 12:30:01:685,Moved,602.50,286.25,-18.34,1.00,404.18
12/02/2025 12:30:01:713,Moved,602.5,250,-18.34,1.00,404.18
12/02/2025 12:30:01:713,Moved,602.50,250.00,-18.59,1.00,404.73
12/02/2025 12:30:01:749,Moved,602.5,206.25,-18.59,1.00,404.73
12/02/2025 12:30:01:749,Moved,602.50,206.25,-18.95,1.00,405.52
12/02/2025 12:30:01:762,Moved,603.75,196.25,-18.95,1.00,405.52
12/02/2025 12:30:01:762,Moved,603.75,196.25,-18.98,1.00,405.59
12/02/2025 12:30:01:777,Moved,605,176.25,-18.98,1.00,405.59
12/02/2025 12:30:01:777,Moved,605.00,176.25,-19.06,1.00,405.76
12/02/2025 12:30:01:809,Moved,607.5,150,-19.06,1.00,405.76
12/02/2025 12:30:01:809,Moved,607.50,150.00,-19.26,1.00,406.21
12/02/2025 12:30:01:826,Moved,607.5,133.75,-19.26,1.00,406.21
12/02/2025 12:30:01:826,Moved,607.50,133.75,-19.34,1.00,406.37
12/02/2025 12:30:01:841,Moved,607.5,126.25,-19.34,1.00,406.37
12/02/2025 12:30:01:841,Moved,607.50,126.25,-19.36,1.00,406.42
12/02/2025 12:30:01:857,Moved,608.75,113.75,-19.36,1.00,406.42
12/02/2025 12:30:01:857,Moved,608.75,113.75,-19.41,1.00,406.53
12/02/2025 12:30:01:870,Moved,608.75,106.25,-19.41,1.00,406.53
12/02/2025 12:30:01:870,Moved,608.75,106.25,-19.43,1.00,406.58
12/02/2025 12:30:01:906,Moved,610,83.74998,-19.43,1.00,406.58
12/02/2025 12:30:01:906,Moved,610.00,83.75,-19.62,1.00,406.99
12/02/2025 12:30:01:918,Moved,608.75,79.99998,-19.62,1.00,406.99
12/02/2025 12:30:01:918,Moved,608.75,80.00,-19.63,1.00,407.01
12/02/2025 12:30:01:935,Ended,608.75,79.99998,-19.63,1.00,407.01
12/02/2025 12:30:01:935,Ended,608.75,80.00,-19.63,1.00,407.01
12/02/2025 12:30:02:573,Began,577.5,603.75,-19.63,1.00,407.01
12/02/2025 12:30:02:573,Began,577.50,603.75,-19.63,1.00,407.01
12/02/2025 12:30:02:595,Moved,577.5,603.75,-19.63,1.00,407.01
12/02/2025 12:30:02:595,Moved,577.50,603.75,-19.63,1.00,407.01
12/02/2025 12:30:02:627,Moved,580,595,-19.63,1.00,407.01
12/02/2025 12:30:02:627,Moved,580.00,595.00,-19.70,1.00,407.17
12/02/2025 12:30:02:646,Moved,581.25,588.75,-19.70,1.00,407.17
12/02/2025 12:30:02:646,Moved,581.25,588.75,-19.73,1.00,407.23
12/02/2025 12:30:02:692,Moved,586.25,551.25,-19.73,1.00,407.23
12/02/2025 12:30:02:692,Moved,586.25,551.25,-20.04,1.00,407.91
12/02/2025 12:30:02:706,Moved,586.25,541.25,-20.04,1.00,407.91
12/02/2025 12:30:02:706,Moved,586.25,541.25,-20.07,1.00,407.98
12/02/2025 12:30:02:731,Moved,588.75,508.75,-20.07,1.00,407.98
12/02/2025 12:30:02:731,Moved,588.75,508.75,-20.29,1.00,408.45
12/02/2025 12:30:02:743,Moved,588.75,496.25,-20.29,1.00,408.45
12/02/2025 12:30:02:743,Moved,588.75,496.25,-20.33,1.00,408.54
12/02/2025 12:30:02:757,Moved,590,482.5,-20.33,1.00,408.54
12/02/2025 12:30:02:757,Moved,590.00,482.50,-20.37,1.00,408.64
12/02/2025 12:30:02:773,Moved,590,453.75,-20.37,1.00,408.64
12/02/2025 12:30:02:773,Moved,590.00,453.75,-20.48,1.00,408.88
12/02/2025 12:30:02:787,Moved,590,438.75,-20.48,1.00,408.88
12/02/2025 12:30:02:787,Moved,590.00,438.75,-20.54,1.00,409.00
12/02/2025 12:30:02:808,Moved,592.5,391.25,-20.54,1.00,409.00
12/02/2025 12:30:02:808,Moved,592.50,391.25,-20.77,1.00,409.52
12/02/2025 12:30:02:865,Moved,597.5,315,-20.77,1.00,409.52
12/02/2025 12:30:02:865,Moved,597.50,315.00,-21.40,1.00,410.90
12/02/2025 12:30:02:886,Moved,598.75,286.25,-21.40,1.00,410.90
12/02/2025 12:30:02:886,Moved,598.75,286.25,-21.55,1.00,411.23
12/02/2025 12:30:02:908,Moved,600,261.25,-21.55,1.00,411.23
12/02/2025 12:30:02:908,Moved,600.00,261.25,-21.69,1.00,411.53
12/02/2025 12:30:02:923,Moved,602.5,236.25,-21.69,1.00,411.53
12/02/2025 12:30:02:923,Moved,602.50,236.25,-21.78,1.00,411.73
12/02/2025 12:30:02:935,Moved,602.5,226.25,-21.78,1.00,411.73
12/02/2025 12:30:02:935,Moved,602.50,226.25,-21.81,1.00,411.80
12/02/2025 12:30:02:954,Moved,605,206.25,-21.81,1.00,411.80
12/02/2025 12:30:02:954,Moved,605.00,206.25,-21.91,1.00,412.01
12/02/2025 12:30:02:971,Moved,607.5,187.5,-21.91,1.00,412.01
12/02/2025 12:30:02:971,Moved,607.50,187.50,-21.98,1.00,412.17
12/02/2025 12:30:03:008,Moved,611.25,155,-21.98,1.00,412.17
12/02/2025 12:30:03:008,Moved,611.25,155.00,-22.25,1.00,412.77
12/02/2025 12:30:03:040,Moved,612.5,132.5,-22.25,1.00,412.77
12/02/2025 12:30:03:040,Moved,612.50,132.50,-22.43,1.00,413.16
12/02/2025 12:30:03:053,Moved,613.75,126.25,-22.43,1.00,413.16
12/02/2025 12:30:03:053,Moved,613.75,126.25,-22.46,1.00,413.21
12/02/2025 12:30:03:071,Moved,615,111.25,-22.46,1.00,413.21
12/02/2025 12:30:03:071,Moved,615.00,111.25,-22.52,1.00,413.35
12/02/2025 12:30:03:085,Moved,615,105,-22.52,1.00,413.35
12/02/2025 12:30:03:085,Moved,615.00,105.00,-22.54,1.00,413.40
12/02/2025 12:30:03:101,Moved,616.25,91.24998,-22.54,1.00,413.40
12/02/2025 12:30:03:101,Moved,616.25,91.25,-22.60,1.00,413.52
12/02/2025 12:30:03:114,Moved,616.25,84.99998,-22.60,1.00,413.52
12/02/2025 12:30:03:114,Moved,616.25,85.00,-22.62,1.00,413.57
12/02/2025 12:30:03:129,Moved,617.5,72.49998,-22.62,1.00,413.57
12/02/2025 12:30:03:129,Moved,617.50,72.50,-22.66,1.00,413.66
12/02/2025 12:30:03:166,Moved,617.5,51.24998,-22.66,1.00,413.66
12/02/2025 12:30:03:166,Moved,617.50,51.25,-22.84,1.00,414.05
12/02/2025 12:30:03:179,Moved,617.5,44.99998,-22.84,1.00,414.05
12/02/2025 12:30:03:179,Moved,617.50,45.00,-22.86,1.00,414.09
12/02/2025 12:30:03:192,Moved,617.5,39.99998,-22.86,1.00,414.09
12/02/2025 12:30:03:192,Moved,617.50,40.00,-22.88,1.00,414.13
12/02/2025 12:30:03:209,Moved,617.5,29.99998,-22.88,1.00,414.13
12/02/2025 12:30:03:209,Moved,617.50,30.00,-22.91,1.00,414.22
12/02/2025 12:30:03:245,Moved,617.5,17.49998,-22.91,1.00,414.22
12/02/2025 12:30:03:245,Moved,617.50,17.50,-23.02,1.00,414.44
12/02/2025 12:30:03:259,Moved,617.5,14.99999,-23.02,1.00,414.44
12/02/2025 12:30:03:259,Moved,617.50,15.00,-23.03,1.00,414.46
12/02/2025 12:30:03:272,Moved,617.5,11.24999,-23.03,1.00,414.46
12/02/2025 12:30:03:272,Moved,617.50,11.25,-23.04,1.00,414.49
12/02/2025 12:30:03:288,Moved,616.25,6.249986,-23.04,1.00,414.49
12/02/2025 12:30:03:288,Moved,616.25,6.25,-23.06,1.00,414.53
12/02/2025 12:30:03:325,Moved,615,-1.250014,-23.06,1.00,414.53
12/02/2025 12:30:03:325,Moved,615.00,-1.25,-23.12,1.00,414.67
12/02/2025 12:30:03:338,Moved,615,-3.750014,-23.12,1.00,414.67
12/02/2025 12:30:03:338,Moved,615.00,-3.75,-23.13,1.00,414.69
12/02/2025 12:30:03:350,Moved,615,-5.000014,-23.13,1.00,414.69
12/02/2025 12:30:03:350,Moved,615.00,-5.00,-23.13,1.00,414.70
12/02/2025 12:30:03:368,Moved,616.25,-10.00001,-23.13,1.00,414.70
12/02/2025 12:30:03:368,Moved,616.25,-10.00,-23.15,1.00,414.74
12/02/2025 12:30:03:384,Moved,616.25,-12.50001,-23.15,1.00,414.74
12/02/2025 12:30:03:384,Moved,616.25,-12.50,-23.16,1.00,414.77
12/02/2025 12:30:03:400,Ended,616.25,-13.75001,-23.16,1.00,414.77
12/02/2025 12:30:03:400,Ended,616.25,-13.75,-23.16,1.00,414.77
12/02/2025 12:40:12:743,Began,527.5,426.25,0.00,1.00,0.00
12/02/2025 12:40:12:743,Began,527.50,426.25,0.00,1.00,0.00
12/02/2025 12:40:12:823,Moved,532.5,366.25,0.00,1.00,0.00
12/02/2025 12:40:12:823,Moved,532.50,366.25,0.00,1.00,60.00
12/02/2025 12:40:12:848,Moved,532.5,348.75,0.00,1.00,60.00
12/02/2025 12:40:12:848,Moved,532.50,348.75,0.00,1.00,73.31
12/02/2025 12:40:12:868,Moved,531.25,331.25,0.00,1.00,73.31
12/02/2025 12:40:12:868,Moved,531.25,331.25,0.00,1.00,83.58
12/02/2025 12:40:12:893,Moved,530,312.5,0.00,1.00,83.58
12/02/2025 12:40:12:893,Moved,530.00,312.50,0.00,1.00,97.14
12/02/2025 12:40:12:980,Moved,526.25,226.25,0.00,1.00,97.14
12/02/2025 12:40:12:980,Moved,526.25,226.25,0.00,1.00,183.39
12/02/2025 12:40:13:007,Moved,527.5,196.25,0.00,1.00,183.39
12/02/2025 12:40:13:007,Moved,527.50,196.25,0.00,1.00,209.26
12/02/2025 12:40:13:027,Moved,530,176.25,0.00,1.00,209.26
12/02/2025 12:40:13:027,Moved,530.00,176.25,0.00,1.00,221.42
12/02/2025 12:40:13:048,Moved,532.5,158.75,0.00,1.00,221.42
12/02/2025 12:40:13:048,Moved,532.50,158.75,0.00,1.00,230.91
12/02/2025 12:40:13:127,Ended,533.75,150,0.00,1.00,230.91
12/02/2025 12:40:13:127,Ended,533.75,150.00,0.00,1.00,230.91
12/02/2025 12:40:21:960,Began,491.25,487.5,0.00,1.08,424.72
12/02/2025 12:40:21:960,Began,491.25,487.50,0.00,1.08,424.72
12/02/2025 12:40:21:973,Moved,495,501.25,0.00,1.08,424.72
12/02/2025 12:40:21:973,Moved,495.00,501.25,0.00,1.08,423.84
12/02/2025 12:40:22:010,Moved,500,512.5,0.00,1.08,423.84
12/02/2025 12:40:22:010,Moved,500.00,512.50,0.00,1.08,422.71
12/02/2025 12:40:22:020,Stationary,500,512.5,0.00,1.08,422.71
12/02/2025 12:40:22:057,Moved,501.25,506.25,0.00,1.08,422.71
12/02/2025 12:40:22:057,Moved,501.25,506.25,0.00,1.08,423.34
12/02/2025 12:40:22:082,Moved,503.75,473.75,0.00,1.08,423.34
12/02/2025 12:40:22:082,Moved,503.75,473.75,0.00,1.08,425.74
12/02/2025 12:40:22:132,Moved,512.5,385,0.00,1.08,425.74
12/02/2025 12:40:22:132,Moved,512.50,385.00,0.00,1.08,434.61
12/02/2025 12:40:22:157,Moved,513.75,328.75,0.00,1.08,434.61
12/02/2025 12:40:22:157,Moved,513.75,328.75,0.00,1.08,439.02
12/02/2025 12:40:22:182,Moved,513.75,292.5,0.00,1.08,439.02
12/02/2025 12:40:22:182,Moved,513.75,292.50,0.00,1.08,441.80
12/02/2025 12:40:22:213,Moved,516.25,243.75,0.00,1.08,441.80
12/02/2025 12:40:22:213,Moved,516.25,243.75,0.00,1.08,446.07
12/02/2025 12:40:22:227,Moved,517.5,227.5,0.00,1.08,446.07
12/02/2025 12:40:22:227,Moved,517.50,227.50,0.00,1.08,446.74
12/02/2025 12:40:22:249,Moved,520,186.25,0.00,1.08,446.74
12/02/2025 12:40:22:249,Moved,520.00,186.25,0.00,1.08,449.65
12/02/2025 12:40:22:298,Moved,517.5,121.25,0.00,1.08,449.65
12/02/2025 12:40:22:298,Moved,517.50,121.25,0.00,1.08,456.15
12/02/2025 12:40:22:316,Moved,517.5,106.25,0.00,1.08,456.15
12/02/2025 12:40:22:316,Moved,517.50,106.25,0.00,1.08,456.93
12/02/2025 12:40:22:336,Moved,517.5,73.74998,0.00,1.08,456.93
12/02/2025 12:40:22:336,Moved,517.50,73.75,0.00,1.08,458.90
12/02/2025 12:40:22:361,Moved,517.5,26.24998,0.00,1.08,458.90
12/02/2025 12:40:22:361,Moved,517.50,26.25,0.00,1.08,462.41
12/02/2025 12:40:22:378,Ended,517.5,26.24998,0.00,1.08,462.41
12/02/2025 12:40:22:378,Ended,517.50,26.25,0.00,1.08,462.41
12/02/2025 12:40:39:080,Began,546.25,385,0.00,1.00,0.00
12/02/2025 12:40:39:080,Began,546.25,385.00,0.00,1.00,0.00
12/02/2025 12:40:39:148,Moved,545,296.25,0.00,1.00,0.00
12/02/2025 12:40:39:148,Moved,545.00,296.25,0.00,1.00,1.78
12/02/2025 12:40:39:162,Moved,545,283.75,0.00,1.00,1.78
12/02/2025 12:40:39:162,Moved,545.00,283.75,0.00,1.00,1.89
12/02/2025 12:40:39:199,Moved,543.75,227.5,0.00,1.00,1.89
12/02/2025 12:40:39:199,Moved,543.75,227.50,0.00,1.00,3.01
12/02/2025 12:40:39:222,Moved,542.5,198.75,0.00,1.00,3.01
12/02/2025 12:40:39:222,Moved,542.50,198.75,0.00,1.00,3.41
12/02/2025 12:40:39:239,Moved,542.5,170,0.00,1.00,3.41
12/02/2025 12:40:39:239,Moved,542.50,170.00,0.00,1.00,3.70
12/02/2025 12:40:39:251,Moved,541.25,156.25,0.00,1.00,3.70
12/02/2025 12:40:39:251,Moved,541.25,156.25,0.00,1.00,3.80
12/02/2025 12:40:39:270,Moved,540,127.5,0.00,1.00,3.80
12/02/2025 12:40:39:270,Moved,540.00,127.50,0.00,1.00,4.13
12/02/2025 12:40:39:299,Ended,540,127.5,0.00,1.00,4.13
12/02/2025 12:40:39:299,Ended,540.00,127.50,0.00,1.00,4.13
12/02/2025 12:40:40:438,Began,532.5,485,0.00,1.09,8.45
12/02/2025 12:40:40:438,Began,532.50,485.00,0.00,1.09,8.45
12/02/2025 12:40:40:450,Moved,533.75,468.75,0.00,1.09,8.45
12/02/2025 12:40:40:450,Moved,533.75,468.75,0.00,1.09,8.59
12/02/2025 12:40:40:488,Moved,537.5,437.5,0.00,1.09,8.59
12/02/2025 12:40:40:488,Moved,537.50,437.50,0.00,1.09,9.21
12/02/2025 12:40:40:503,Moved,538.75,428.75,0.00,1.09,9.21
12/02/2025 12:40:40:503,Moved,538.75,428.75,0.00,1.09,9.30
12/02/2025 12:40:40:529,Moved,541.25,410,0.00,1.09,9.30
12/02/2025 12:40:40:529,Moved,541.25,410.00,0.00,1.09,9.56
12/02/2025 12:40:40:550,Moved,542.5,378.75,0.00,1.09,9.56
12/02/2025 12:40:40:550,Moved,542.50,378.75,0.00,1.09,9.98
12/02/2025 12:40:40:566,Moved,542.5,366.25,0.00,1.09,9.98
12/02/2025 12:40:40:566,Moved,542.50,366.25,0.00,1.09,10.10
12/02/2025 12:40:40:612,Moved,547.5,301.25,0.00,1.09,10.10
12/02/2025 12:40:40:612,Moved,547.50,301.25,0.00,1.09,11.40
12/02/2025 12:40:40:632,Moved,551.25,276.25,0.00,1.09,11.40
12/02/2025 12:40:40:632,Moved,551.25,276.25,0.00,1.09,11.72
12/02/2025 12:40:40:644,Moved,552.5,265,0.00,1.09,11.72
12/02/2025 12:40:40:644,Moved,552.50,265.00,0.00,1.09,11.80
12/02/2025 12:40:40:660,Moved,557.5,241.25,0.00,1.09,11.80
12/02/2025 12:40:40:660,Moved,557.50,241.25,0.00,1.09,12.04
12/02/2025 12:40:40:682,Moved,561.25,221.25,0.00,1.09,12.04
12/02/2025 12:40:40:682,Moved,561.25,221.25,0.00,1.09,12.30
12/02/2025 12:40:40:700,Moved,563.75,202.5,0.00,1.09,12.30
12/02/2025 12:40:40:700,Moved,563.75,202.50,0.00,1.09,12.51
12/02/2025 12:40:40:720,Moved,567.5,183.75,0.00,1.09,12.51
12/02/2025 12:40:40:720,Moved,567.50,183.75,0.00,1.09,12.73
12/02/2025 12:40:40:768,Ended,575,136.25,0.00,1.09,12.73
12/02/2025 12:40:40:768,Ended,575.00,136.25,0.00,1.09,12.73
12/02/2025 12:40:42:024,Began,517.5,486.25,0.00,1.16,18.90
12/02/2025 12:40:42:024,Began,517.50,486.25,0.00,1.16,18.90
12/02/2025 12:40:42:035,Moved,520,477.5,0.00,1.16,18.90
12/02/2025 12:40:42:035,Moved,520.00,477.50,0.00,1.16,18.97
12/02/2025 12:40:42:067,Moved,523.75,450,0.00,1.16,18.97
12/02/2025 12:40:42:067,Moved,523.75,450.00,0.00,1.16,19.50
12/02/2025 12:40:42:098,Moved,527.5,413.75,0.00,1.16,19.50
12/02/2025 12:40:42:098,Moved,527.50,413.75,0.00,1.16,20.15
12/02/2025 12:40:42:153,Moved,533.75,341.25,0.00,1.16,20.15
12/02/2025 12:40:42:153,Moved,533.75,341.25,0.00,1.16,21.60
12/02/2025 12:40:42:170,Moved,536.25,310,0.00,1.16,21.60
12/02/2025 12:40:42:170,Moved,536.25,310.00,0.00,1.16,21.92
12/02/2025 12:40:42:185,Moved,537.5,293.75,0.00,1.16,21.92
12/02/2025 12:40:42:185,Moved,537.50,293.75,0.00,1.16,22.07
12/02/2025 12:40:42:201,Moved,537.5,261.25,0.00,1.16,22.07
12/02/2025 12:40:42:201,Moved,537.50,261.25,0.00,1.16,22.39
12/02/2025 12:40:42:218,Moved,541.25,228.75,0.00,1.16,22.39
12/02/2025 12:40:42:218,Moved,541.25,228.75,0.00,1.16,22.74
12/02/2025 12:40:42:234,Moved,542.5,212.5,0.00,1.16,22.74
12/02/2025 12:40:42:234,Moved,542.50,212.50,0.00,1.16,22.90
12/02/2025 12:40:42:251,Moved,545,181.25,0.00,1.16,22.90
12/02/2025 12:40:42:251,Moved,545.00,181.25,0.00,1.16,23.22
12/02/2025 12:40:42:269,Moved,547.5,151.25,0.00,1.16,23.22
12/02/2025 12:40:42:269,Moved,547.50,151.25,0.00,1.16,23.52
12/02/2025 12:40:42:326,Moved,551.25,76.24998,0.00,1.16,23.52
12/02/2025 12:40:42:326,Moved,551.25,76.25,0.00,1.16,25.02
12/02/2025 12:40:42:339,Moved,551.25,64.99998,0.00,1.16,25.02
12/02/2025 12:40:42:339,Moved,551.25,65.00,0.00,1.16,25.12
12/02/2025 12:40:42:362,Ended,550,51.24998,0.00,1.16,25.12
12/02/2025 12:40:42:362,Ended,550.00,51.25,0.00,1.16,25.12
12/02/2025 12:40:43:759,Began,540,447.5,0.00,1.21,33.63
12/02/2025 12:40:43:759,Began,540.00,447.50,0.00,1.21,33.63
12/02/2025 12:40:43:799,Moved,543.75,418.75,0.00,1.21,33.63
12/02/2025 12:40:43:799,Moved,543.75,418.75,0.00,1.21,34.20
12/02/2025 12:40:43:836,Moved,547.5,376.25,0.00,1.21,34.20
12/02/2025 12:40:43:836,Moved,547.50,376.25,0.00,1.21,35.05
12/02/2025 12:40:43:879,Moved,547.5,326.25,0.00,1.21,35.05
12/02/2025 12:40:43:879,Moved,547.50,326.25,0.00,1.21,36.05
12/02/2025 12:40:43:906,Moved,546.25,281.25,0.00,1.21,36.05
12/02/2025 12:40:43:906,Moved,546.25,281.25,0.00,1.21,36.73
12/02/2025 12:40:43:926,Moved,546.25,250,0.00,1.21,36.73
12/02/2025 12:40:43:926,Moved,546.25,250.00,0.00,1.21,37.14
12/02/2025 12:40:43:950,Moved,545,217.5,0.00,1.21,37.14
12/02/2025 12:40:43:950,Moved,545.00,217.50,0.00,1.21,37.60
12/02/2025 12:40:43:968,Moved,545,186.25,0.00,1.21,37.60
12/02/2025 12:40:43:968,Moved,545.00,186.25,0.00,1.21,37.91
12/02/2025 12:40:43:986,Moved,546.25,153.75,0.00,1.21,37.91
12/02/2025 12:40:43:986,Moved,546.25,153.75,0.00,1.21,38.29
12/02/2025 12:40:44:030,Moved,546.25,91.24998,0.00,1.21,38.29
12/02/2025 12:40:44:030,Moved,546.25,91.25,0.00,1.21,39.54
12/02/2025 12:40:44:046,Ended,546.25,91.24998,0.00,1.21,39.54
12/02/2025 12:40:44:046,Ended,546.25,91.25,0.00,1.21,39.54
12/02/2025 12:40:46:255,Began,538.75,596.25,0.00,1.24,50.81
12/02/2025 12:40:46:255,Began,538.75,596.25,0.00,1.24,50.81
12/02/2025 12:40:46:269,Moved,538.75,596.25,0.00,1.24,50.81
12/02/2025 12:40:46:269,Moved,538.75,596.25,0.00,1.24,50.81
12/02/2025 12:40:46:297,Moved,537.5,593.75,0.00,1.24,50.81
12/02/2025 12:40:46:297,Moved,537.50,593.75,0.00,1.24,50.85
12/02/2025 12:40:46:348,Moved,533.75,556.25,0.00,1.24,50.85
12/02/2025 12:40:46:348,Moved,533.75,556.25,0.00,1.24,51.60
12/02/2025 12:40:46:364,Moved,532.5,545,0.00,1.24,51.60
12/02/2025 12:40:46:364,Moved,532.50,545.00,0.00,1.24,51.71
12/02/2025 12:40:46:384,Moved,532.5,517.5,0.00,1.24,51.71
12/02/2025 12:40:46:384,Moved,532.50,517.50,0.00,1.24,52.06
12/02/2025 12:40:46:400,Moved,532.5,487.5,0.00,1.24,52.06
12/02/2025 12:40:46:400,Moved,532.50,487.50,0.00,1.24,52.35
12/02/2025 12:40:46:425,Moved,530,436.25,0.00,1.24,52.35
12/02/2025 12:40:46:425,Moved,530.00,436.25,0.00,1.24,53.11
12/02/2025 12:40:46:434,Stationary,530,436.25,0.00,1.24,53.11
12/02/2025 12:40:46:462,Moved,527.5,381.25,0.00,1.24,53.11
12/02/2025 12:40:46:462,Moved,527.50,381.25,0.00,1.24,54.02
12/02/2025 12:40:46:505,Moved,526.25,287.5,0.00,1.24,54.02
12/02/2025 12:40:46:505,Moved,526.25,287.50,0.00,1.24,55.90
12/02/2025 12:40:46:518,Moved,526.25,268.75,0.00,1.24,55.90
12/02/2025 12:40:46:518,Moved,526.25,268.75,0.00,1.24,56.02
12/02/2025 12:40:46:537,Moved,527.5,231.25,0.00,1.24,56.02
12/02/2025 12:40:46:537,Moved,527.50,231.25,0.00,1.24,56.48
12/02/2025 12:40:46:559,Moved,530,195,0.00,1.24,56.48
12/02/2025 12:40:46:559,Moved,530.00,195.00,0.00,1.24,56.94
12/02/2025 12:40:46:585,Ended,530,195,0.00,1.24,56.94
12/02/2025 12:40:46:585,Ended,530.00,195.00,0.00,1.24,56.94
12/02/2025 12:40:47:489,Began,515,331.25,0.00,1.27,68.16
12/02/2025 12:40:47:489,Began,515.00,331.25,0.00,1.27,68.16
12/02/2025 12:40:47:506,Moved,515,331.25,0.00,1.27,68.16
12/02/2025 12:40:47:506,Moved,515.00,331.25,0.00,1.27,68.16
12/02/2025 12:40:47:524,Stationary,515,331.25,0.00,1.27,68.16
12/02/2025 12:40:47:543,Stationary,515,331.25,0.00,1.27,68.16
12/02/2025 12:40:47:579,Stationary,515,331.25,0.00,1.27,68.16
12/02/2025 12:40:47:595,Stationary,515,331.25,0.00,1.27,68.16
12/02/2025 12:40:47:615,Stationary,515,331.25,0.00,1.27,68.16
12/02/2025 12:40:47:631,Moved,516.25,333.75,0.00,1.27,68.16
12/02/2025 12:40:47:631,Moved,516.25,333.75,0.00,1.27,68.14
12/02/2025 12:40:47:649,Stationary,516.25,333.75,0.00,1.27,68.14
12/02/2025 12:40:47:679,Moved,517.5,333.75,0.00,1.27,68.14
12/02/2025 12:40:47:679,Moved,517.50,333.75,0.00,1.27,68.14
12/02/2025 12:40:47:703,Stationary,517.5,333.75,0.00,1.27,68.14
12/02/2025 12:40:47:747,Stationary,517.5,333.75,0.00,1.27,68.14
12/02/2025 12:40:47:768,Stationary,517.5,333.75,0.00,1.27,68.14
12/02/2025 12:40:47:777,Stationary,517.5,333.75,0.00,1.27,68.14
12/02/2025 12:40:47:802,Stationary,517.5,333.75,0.00,1.27,68.14
12/02/2025 12:40:47:813,Stationary,517.5,333.75,0.00,1.27,68.14
12/02/2025 12:40:47:826,Stationary,517.5,333.75,0.00,1.27,68.14
12/02/2025 12:40:47:852,Stationary,517.5,333.75,0.00,1.27,68.14
12/02/2025 12:40:47:871,Stationary,517.5,333.75,0.00,1.27,68.14
12/02/2025 12:40:47:886,Stationary,517.5,333.75,0.00,1.27,68.14
12/02/2025 12:40:47:898,Stationary,517.5,333.75,0.00,1.27,68.14
12/02/2025 12:40:47:925,Stationary,517.5,333.75,0.00,1.27,68.14
12/02/2025 12:40:47:933,Stationary,517.5,333.75,0.00,1.27,68.14
12/02/2025 12:40:47:950,Stationary,517.5,333.75,0.00,1.27,68.14
12/02/2025 12:40:47:965,Stationary,517.5,333.75,0.00,1.27,68.14
12/02/2025 12:40:47:979,Stationary,517.5,333.75,0.00,1.27,68.14
12/02/2025 12:40:48:005,Stationary,517.5,333.75,0.00,1.27,68.14
12/02/2025 12:40:48:015,Stationary,517.5,333.75,0.00,1.27,68.14
12/02/2025 12:40:48:028,Stationary,517.5,333.75,0.00,1.27,68.14
12/02/2025 12:40:48:051,Stationary,517.5,333.75,0.00,1.27,68.14
12/02/2025 12:40:48:076,Moved,517.5,331.25,0.00,1.27,68.14
12/02/2025 12:40:48:076,Moved,517.50,331.25,0.00,1.27,68.18
12/02/2025 12:40:48:094,Moved,517.5,328.75,0.00,1.27,68.18
12/02/2025 12:40:48:094,Moved,517.50,328.75,0.00,1.27,68.21
12/02/2025 12:40:48:106,Moved,517.5,326.25,0.00,1.27,68.21
12/02/2025 12:40:48:106,Moved,517.50,326.25,0.00,1.27,68.23
12/02/2025 12:40:48:118,Moved,517.5,325,0.00,1.27,68.23
12/02/2025 12:40:48:118,Moved,517.50,325.00,0.00,1.27,68.24
12/02/2025 12:40:48:134,Moved,517.5,320,0.00,1.27,68.24
12/02/2025 12:40:48:134,Moved,517.50,320.00,0.00,1.27,68.28
12/02/2025 12:40:48:150,Moved,517.5,316.25,0.00,1.27,68.28
12/02/2025 12:40:48:150,Moved,517.50,316.25,0.00,1.27,68.32
12/02/2025 12:40:48:177,Moved,516.25,301.25,0.00,1.27,68.32
12/02/2025 12:40:48:177,Moved,516.25,301.25,0.00,1.27,68.56
12/02/2025 12:40:48:191,Moved,516.25,296.25,0.00,1.27,68.56
12/02/2025 12:40:48:191,Moved,516.25,296.25,0.00,1.27,68.61
12/02/2025 12:40:48:238,Moved,517.5,257.5,0.00,1.27,68.61
12/02/2025 12:40:48:238,Moved,517.50,257.50,0.00,1.27,69.38
12/02/2025 12:40:48:252,Moved,517.5,250,0.00,1.27,69.38
12/02/2025 12:40:48:252,Moved,517.50,250.00,0.00,1.27,69.44
12/02/2025 12:40:48:272,Moved,517.5,233.75,0.00,1.27,69.44
12/02/2025 12:40:48:272,Moved,517.50,233.75,0.00,1.27,69.65
12/02/2025 12:40:48:297,Moved,518.75,211.25,0.00,1.27,69.65
12/02/2025 12:40:48:297,Moved,518.75,211.25,0.00,1.27,69.98
12/02/2025 12:40:48:310,Moved,520,205,0.00,1.27,69.98
12/02/2025 12:40:48:310,Moved,520.00,205.00,0.00,1.27,70.03
12/02/2025 12:40:48:332,Moved,521.25,192.5,0.00,1.27,70.03
12/02/2025 12:40:48:332,Moved,521.25,192.50,0.00,1.27,70.19
12/02/2025 12:40:48:351,Moved,521.25,182.5,0.00,1.27,70.19
12/02/2025 12:40:48:351,Moved,521.25,182.50,0.00,1.27,70.30
12/02/2025 12:40:48:387,Moved,522.5,166.25,0.00,1.27,70.30
12/02/2025 12:40:48:387,Moved,522.50,166.25,0.00,1.27,70.63
12/02/2025 12:40:48:408,Moved,522.5,156.25,0.00,1.27,70.63
12/02/2025 12:40:48:408,Moved,522.50,156.25,0.00,1.27,70.75
12/02/2025 12:40:48:419,Moved,522.5,151.25,0.00,1.27,70.75
12/02/2025 12:40:48:419,Moved,522.50,151.25,0.00,1.27,70.79
12/02/2025 12:40:48:437,Moved,521.25,136.25,0.00,1.27,70.79
12/02/2025 12:40:48:437,Moved,521.25,136.25,0.00,1.27,70.95
12/02/2025 12:40:48:449,Moved,521.25,127.5,0.00,1.27,70.95
12/02/2025 12:40:48:449,Moved,521.25,127.50,0.00,1.27,71.01
12/02/2025 12:40:48:474,Moved,522.5,98.74998,0.00,1.27,71.01
12/02/2025 12:40:48:474,Moved,522.50,98.75,0.00,1.27,71.45
12/02/2025 12:40:48:498,Ended,522.5,98.74998,0.00,1.27,71.45
12/02/2025 12:40:48:498,Ended,522.50,98.75,0.00,1.27,71.45
12/02/2025 12:40:48:866,Began,520,327.5,0.00,1.27,73.62
12/02/2025 12:40:48:866,Began,520.00,327.50,0.00,1.27,73.62
12/02/2025 12:40:48:885,Moved,520,327.5,0.00,1.27,73.62
12/02/2025 12:40:48:885,Moved,520.00,327.50,0.00,1.27,73.62
12/02/2025 12:40:48:902,Moved,521.25,325,0.00,1.27,73.62
12/02/2025 12:40:48:902,Moved,521.25,325.00,0.00,1.27,73.64
12/02/2025 12:40:48:920,Moved,521.25,321.25,0.00,1.27,73.64
12/02/2025 12:40:48:920,Moved,521.25,321.25,0.00,1.27,73.68
12/02/2025 12:40:48:939,Moved,522.5,316.25,0.00,1.27,73.68
12/02/2025 12:40:48:939,Moved,522.50,316.25,0.00,1.27,73.74
12/02/2025 12:40:48:958,Moved,522.5,311.25,0.00,1.27,73.74
12/02/2025 12:40:48:958,Moved,522.50,311.25,0.00,1.27,73.80
12/02/2025 12:40:49:014,Moved,523.75,305,0.00,1.27,73.80
12/02/2025 12:40:49:014,Moved,523.75,305.00,0.00,1.27,73.92
12/02/2025 12:40:49:024,Stationary,523.75,305,0.00,1.27,73.92
12/02/2025 12:40:49:046,Moved,523.75,303.75,0.00,1.27,73.92
12/02/2025 12:40:49:046,Moved,523.75,303.75,0.00,1.27,73.94
12/02/2025 12:40:49:063,Moved,523.75,302.5,0.00,1.27,73.94
12/02/2025 12:40:49:063,Moved,523.75,302.50,0.00,1.27,73.95
12/02/2025 12:40:49:071,Stationary,523.75,302.5,0.00,1.27,73.95
12/02/2025 12:40:49:094,Moved,523.75,301.25,0.00,1.27,73.95
12/02/2025 12:40:49:094,Moved,523.75,301.25,0.00,1.27,73.97
12/02/2025 12:40:49:105,Stationary,523.75,301.25,0.00,1.27,73.97
12/02/2025 12:40:49:125,Stationary,523.75,301.25,0.00,1.27,73.97
12/02/2025 12:40:49:143,Stationary,523.75,301.25,0.00,1.27,73.97
12/02/2025 12:40:49:177,Stationary,523.75,301.25,0.00,1.27,73.97
12/02/2025 12:40:49:190,Stationary,523.75,301.25,0.00,1.27,73.97
12/02/2025 12:40:49:208,Stationary,523.75,301.25,0.00,1.27,73.97
12/02/2025 12:40:49:223,Stationary,523.75,301.25,0.00,1.27,73.97
12/02/2025 12:40:49:250,Stationary,523.75,301.25,0.00,1.27,73.97
12/02/2025 12:40:49:259,Stationary,523.75,301.25,0.00,1.27,73.97
12/02/2025 12:40:49:269,Stationary,523.75,301.25,0.00,1.27,73.97
12/02/2025 12:40:49:293,Stationary,523.75,301.25,0.00,1.27,73.97
12/02/2025 12:40:49:307,Stationary,523.75,301.25,0.00,1.27,73.97
12/02/2025 12:40:49:328,Stationary,523.75,301.25,0.00,1.27,73.97
12/02/2025 12:40:49:344,Stationary,523.75,301.25,0.00,1.27,73.97
12/02/2025 12:40:49:359,Stationary,523.75,301.25,0.00,1.27,73.97
12/02/2025 12:40:49:374,Stationary,523.75,301.25,0.00,1.27,73.97
12/02/2025 12:40:49:394,Stationary,523.75,301.25,0.00,1.27,73.97
12/02/2025 12:40:49:404,Stationary,523.75,301.25,0.00,1.27,73.97
12/02/2025 12:40:49:425,Stationary,523.75,301.25,0.00,1.27,73.97
12/02/2025 12:40:49:441,Stationary,523.75,301.25,0.00,1.27,73.97
12/02/2025 12:40:49:459,Moved,525,301.25,0.00,1.27,73.97
12/02/2025 12:40:49:459,Moved,525.00,301.25,0.00,1.27,73.97
12/02/2025 12:40:49:477,Stationary,525,301.25,0.00,1.27,73.97
12/02/2025 12:40:49:489,Stationary,525,301.25,0.00,1.27,73.97
12/02/2025 12:40:49:509,Stationary,525,301.25,0.00,1.27,73.97
12/02/2025 12:40:49:531,Stationary,525,301.25,0.00,1.27,73.97
12/02/2025 12:40:49:546,Stationary,525,301.25,0.00,1.27,73.97
12/02/2025 12:40:49:566,Stationary,525,301.25,0.00,1.27,73.97
12/02/2025 12:40:49:587,Stationary,525,301.25,0.00,1.27,73.97
12/02/2025 12:40:49:594,Stationary,525,301.25,0.00,1.27,73.97
12/02/2025 12:40:49:619,Stationary,525,301.25,0.00,1.27,73.97
12/02/2025 12:40:49:628,Stationary,525,301.25,0.00,1.27,73.97
12/02/2025 12:40:49:652,Stationary,525,301.25,0.00,1.27,73.97
12/02/2025 12:40:49:660,Stationary,525,301.25,0.00,1.27,73.97
12/02/2025 12:40:49:685,Stationary,525,301.25,0.00,1.27,73.97
12/02/2025 12:40:49:694,Stationary,525,301.25,0.00,1.27,73.97
12/02/2025 12:40:49:712,Stationary,525,301.25,0.00,1.27,73.97
12/02/2025 12:40:49:733,Ended,525,301.25,0.00,1.27,73.97
12/02/2025 12:40:49:733,Ended,525.00,301.25,0.00,1.27,73.97
12/02/2025 12:40:50:170,Began,537.5,565,0.00,1.27,74.44
12/02/2025 12:40:50:170,Began,537.50,565.00,0.00,1.27,74.44
12/02/2025 12:40:50:181,Moved,537.5,562.5,0.00,1.27,74.44
12/02/2025 12:40:50:181,Moved,537.50,562.50,0.00,1.27,74.46
12/02/2025 12:40:50:201,Moved,538.75,556.25,0.00,1.27,74.46
12/02/2025 12:40:50:201,Moved,538.75,556.25,0.00,1.27,74.54
12/02/2025 12:40:50:230,Moved,542.5,530,0.00,1.27,74.54
12/02/2025 12:40:50:230,Moved,542.50,530.00,0.00,1.27,75.00
12/02/2025 12:40:50:270,Moved,545,478.75,0.00,1.27,75.00
12/02/2025 12:40:50:270,Moved,545.00,478.75,0.00,1.27,76.02
12/02/2025 12:40:50:290,Moved,546.25,446.25,0.00,1.27,76.02
12/02/2025 12:40:50:290,Moved,546.25,446.25,0.00,1.27,76.43
12/02/2025 12:40:50:303,Moved,546.25,431.25,0.00,1.27,76.43
12/02/2025 12:40:50:303,Moved,546.25,431.25,0.00,1.27,76.53
12/02/2025 12:40:50:328,Moved,547.5,376.25,0.00,1.27,76.53
12/02/2025 12:40:50:328,Moved,547.50,376.25,0.00,1.27,77.40
12/02/2025 12:40:50:340,Moved,548.75,357.5,0.00,1.27,77.40
12/02/2025 12:40:50:340,Moved,548.75,357.50,0.00,1.27,77.53
12/02/2025 12:40:50:356,Moved,548.75,338.75,0.00,1.27,77.53
12/02/2025 12:40:50:356,Moved,548.75,338.75,0.00,1.27,77.69
12/02/2025 12:40:50:377,Moved,551.25,281.25,0.00,1.27,77.69
12/02/2025 12:40:50:377,Moved,551.25,281.25,0.00,1.27,78.49
12/02/2025 12:40:50:420,Moved,555,208.75,0.00,1.27,78.49
12/02/2025 12:40:50:420,Moved,555.00,208.75,0.00,1.27,79.94
12/02/2025 12:40:50:430,Moved,556.25,191.25,0.00,1.27,79.94
12/02/2025 12:40:50:430,Moved,556.25,191.25,0.00,1.27,80.05
12/02/2025 12:40:50:445,Moved,557.5,176.25,0.00,1.27,80.05
12/02/2025 12:40:50:445,Moved,557.50,176.25,0.00,1.27,80.18
12/02/2025 12:40:50:464,Ended,557.5,162.5,0.00,1.27,80.18
12/02/2025 12:40:50:464,Ended,557.50,162.50,0.00,1.27,80.18
12/02/2025 12:40:50:755,Began,526.25,332.5,0.00,1.27,82.77
12/02/2025 12:40:50:755,Began,526.25,332.50,0.00,1.27,82.77
12/02/2025 12:40:50:771,Moved,526.25,332.5,0.00,1.27,82.77
12/02/2025 12:40:50:771,Moved,526.25,332.50,0.00,1.27,82.77
12/02/2025 12:40:50:789,Stationary,526.25,332.5,0.00,1.27,82.77
12/02/2025 12:40:50:818,Stationary,526.25,332.5,0.00,1.27,82.77
12/02/2025 12:40:50:839,Stationary,526.25,332.5,0.00,1.27,82.77
12/02/2025 12:40:50:848,Moved,526.25,331.25,0.00,1.27,82.77
12/02/2025 12:40:50:848,Moved,526.25,331.25,0.00,1.27,82.78
12/02/2025 12:40:50:868,Stationary,526.25,331.25,0.00,1.27,82.78
12/02/2025 12:40:50:908,Moved,526.25,330,0.00,1.27,82.78
12/02/2025 12:40:50:908,Moved,526.25,330.00,0.00,1.27,82.80
12/02/2025 12:40:50:926,Moved,526.25,328.75,0.00,1.27,82.80
12/02/2025 12:40:50:926,Moved,526.25,328.75,0.00,1.27,82.82
12/02/2025 12:40:50:949,Moved,526.25,327.5,0.00,1.27,82.82
12/02/2025 12:40:50:949,Moved,526.25,327.50,0.00,1.27,82.83
12/02/2025 12:40:50:968,Stationary,526.25,327.5,0.00,1.27,82.83
12/02/2025 12:40:50:985,Stationary,526.25,327.5,0.00,1.27,82.83
12/02/2025 12:40:50:995,Moved,526.25,326.25,0.00,1.27,82.83
12/02/2025 12:40:50:995,Moved,526.25,326.25,0.00,1.27,82.84
12/02/2025 12:40:51:025,Stationary,526.25,326.25,0.00,1.27,82.84
12/02/2025 12:40:51:071,Moved,527.5,326.25,0.00,1.27,82.84
12/02/2025 12:40:51:071,Moved,527.50,326.25,0.00,1.27,82.84
12/02/2025 12:40:51:088,Stationary,527.5,326.25,0.00,1.27,82.84
12/02/2025 12:40:51:109,Stationary,527.5,326.25,0.00,1.27,82.84
12/02/2025 12:40:51:128,Stationary,527.5,326.25,0.00,1.27,82.84
12/02/2025 12:40:51:144,Stationary,527.5,326.25,0.00,1.27,82.84
12/02/2025 12:40:51:162,Stationary,527.5,326.25,0.00,1.27,82.84
12/02/2025 12:40:51:177,Stationary,527.5,326.25,0.00,1.27,82.84
12/02/2025 12:40:51:193,Stationary,527.5,326.25,0.00,1.27,82.84
12/02/2025 12:40:51:215,Stationary,527.5,326.25,0.00,1.27,82.84
12/02/2025 12:40:51:226,Stationary,527.5,326.25,0.00,1.27,82.84
12/02/2025 12:40:51:244,Stationary,527.5,326.25,0.00,1.27,82.84
12/02/2025 12:40:51:259,Stationary,527.5,326.25,0.00,1.27,82.84
12/02/2025 12:40:51:279,Stationary,527.5,326.25,0.00,1.27,82.84
12/02/2025 12:40:51:296,Stationary,527.5,326.25,0.00,1.27,82.84
12/02/2025 12:40:51:305,Stationary,527.5,326.25,0.00,1.27,82.84
12/02/2025 12:40:51:325,Stationary,527.5,326.25,0.00,1.27,82.84
12/02/2025 12:40:51:345,Stationary,527.5,326.25,0.00,1.27,82.84
12/02/2025 12:40:51:360,Stationary,527.5,326.25,0.00,1.27,82.84
12/02/2025 12:40:51:378,Stationary,527.5,326.25,0.00,1.27,82.84
12/02/2025 12:40:51:392,Moved,527.5,325,0.00,1.27,82.84
12/02/2025 12:40:51:392,Moved,527.50,325.00,0.00,1.27,82.85
12/02/2025 12:40:51:422,Ended,527.5,325,0.00,1.27,82.85
12/02/2025 12:40:51:422,Ended,527.50,325.00,0.00,1.27,82.85
12/02/2025 12:40:51:830,Began,535,583.75,0.00,1.27,83.48
12/02/2025 12:40:51:830,Began,535.00,583.75,0.00,1.27,83.48
12/02/2025 12:40:51:846,Moved,535,580,0.00,1.27,83.48
12/02/2025 12:40:51:846,Moved,535.00,580.00,0.00,1.27,83.52
12/02/2025 12:40:51:861,Moved,535,573.75,0.00,1.27,83.52
12/02/2025 12:40:51:861,Moved,535.00,573.75,0.00,1.27,83.57
12/02/2025 12:40:51:893,Moved,537.5,540,0.00,1.27,83.57
12/02/2025 12:40:51:893,Moved,537.50,540.00,0.00,1.27,84.22
12/02/2025 12:40:51:929,Moved,542.5,476.25,0.00,1.27,84.22
12/02/2025 12:40:51:929,Moved,542.50,476.25,0.00,1.27,85.50
12/02/2025 12:40:51:941,Moved,543.75,457.5,0.00,1.27,85.50
12/02/2025 12:40:51:941,Moved,543.75,457.50,0.00,1.27,85.65
12/02/2025 12:40:51:962,Moved,547.5,420,0.00,1.27,85.65
12/02/2025 12:40:51:962,Moved,547.50,420.00,0.00,1.27,86.10
12/02/2025 12:40:51:999,Moved,557.5,341.25,0.00,1.27,86.10
12/02/2025 12:40:51:999,Moved,557.50,341.25,0.00,1.27,87.68
12/02/2025 12:40:52:013,Moved,558.75,323.75,0.00,1.27,87.68
12/02/2025 12:40:52:013,Moved,558.75,323.75,0.00,1.27,87.81
12/02/2025 12:40:52:028,Moved,561.25,291.25,0.00,1.27,87.81
12/02/2025 12:40:52:028,Moved,561.25,291.25,0.00,1.27,88.15
12/02/2025 12:40:52:043,Moved,562.5,276.25,0.00,1.27,88.15
12/02/2025 12:40:52:043,Moved,562.50,276.25,0.00,1.27,88.25
12/02/2025 12:40:52:069,Moved,563.75,233.75,0.00,1.27,88.25
12/02/2025 12:40:52:069,Moved,563.75,233.75,0.00,1.27,88.96
12/02/2025 12:40:52:081,Moved,565,220,0.00,1.27,88.96
12/02/2025 12:40:52:081,Moved,565.00,220.00,0.00,1.27,89.07
12/02/2025 12:40:52:100,Moved,567.5,195,0.00,1.27,89.07
12/02/2025 12:40:52:100,Moved,567.50,195.00,0.00,1.27,89.34
12/02/2025 12:40:52:115,Moved,567.5,183.75,0.00,1.27,89.34
12/02/2025 12:40:52:115,Moved,567.50,183.75,0.00,1.27,89.45
12/02/2025 12:40:52:151,Ended,567.5,183.75,0.00,1.27,89.45
12/02/2025 12:40:52:151,Ended,567.50,183.75,0.00,1.27,89.45
12/02/2025 12:40:52:468,Began,553.75,337.5,0.00,1.27,92.29
12/02/2025 12:40:52:468,Began,553.75,337.50,0.00,1.27,92.29
12/02/2025 12:40:52:477,Moved,553.75,337.5,0.00,1.27,92.29
12/02/2025 12:40:52:477,Moved,553.75,337.50,0.00,1.27,92.29
12/02/2025 12:40:52:495,Stationary,553.75,337.5,0.00,1.27,92.29
12/02/2025 12:40:52:515,Stationary,553.75,337.5,0.00,1.27,92.29
12/02/2025 12:40:52:538,Stationary,553.75,337.5,0.00,1.27,92.29
12/02/2025 12:40:52:557,Stationary,553.75,337.5,0.00,1.27,92.29
12/02/2025 12:40:52:568,Stationary,553.75,337.5,0.00,1.27,92.29
12/02/2025 12:40:52:582,Moved,556.25,335,0.00,1.27,92.29
12/02/2025 12:40:52:582,Moved,556.25,335.00,0.00,1.27,92.31
12/02/2025 12:40:52:625,Moved,557.5,335,0.00,1.27,92.31
12/02/2025 12:40:52:625,Moved,557.50,335.00,0.00,1.27,92.31
12/02/2025 12:40:52:651,Moved,557.5,333.75,0.00,1.27,92.31
12/02/2025 12:40:52:651,Moved,557.50,333.75,0.00,1.27,92.33
12/02/2025 12:40:52:660,Stationary,557.5,333.75,0.00,1.27,92.33
12/02/2025 12:40:52:693,Moved,557.5,332.5,0.00,1.27,92.33
12/02/2025 12:40:52:693,Moved,557.50,332.50,0.00,1.27,92.35
12/02/2025 12:40:52:709,Stationary,557.5,332.5,0.00,1.27,92.35
12/02/2025 12:40:52:728,Stationary,557.5,332.5,0.00,1.27,92.35
12/02/2025 12:40:52:770,Stationary,557.5,332.5,0.00,1.27,92.35
12/02/2025 12:40:52:776,Stationary,557.5,332.5,0.00,1.27,92.35
12/02/2025 12:40:52:796,Stationary,557.5,332.5,0.00,1.27,92.35
12/02/2025 12:40:52:810,Stationary,557.5,332.5,0.00,1.27,92.35
12/02/2025 12:40:52:821,Stationary,557.5,332.5,0.00,1.27,92.35
12/02/2025 12:40:52:844,Stationary,557.5,332.5,0.00,1.27,92.35
12/02/2025 12:40:52:864,Stationary,557.5,332.5,0.00,1.27,92.35
12/02/2025 12:40:52:882,Stationary,557.5,332.5,0.00,1.27,92.35
12/02/2025 12:40:52:900,Stationary,557.5,332.5,0.00,1.27,92.35
12/02/2025 12:40:52:909,Stationary,557.5,332.5,0.00,1.27,92.35
12/02/2025 12:40:52:928,Stationary,557.5,332.5,0.00,1.27,92.35
12/02/2025 12:40:52:945,Stationary,557.5,332.5,0.00,1.27,92.35
12/02/2025 12:40:52:963,Stationary,557.5,332.5,0.00,1.27,92.35
12/02/2025 12:40:52:981,Stationary,557.5,332.5,0.00,1.27,92.35
12/02/2025 12:40:53:003,Stationary,557.5,332.5,0.00,1.27,92.35
12/02/2025 12:40:53:010,Stationary,557.5,332.5,0.00,1.27,92.35
12/02/2025 12:40:53:033,Stationary,557.5,332.5,0.00,1.27,92.35
12/02/2025 12:40:53:044,Stationary,557.5,332.5,0.00,1.27,92.35
12/02/2025 12:40:53:064,Stationary,557.5,332.5,0.00,1.27,92.35
12/02/2025 12:40:53:089,Stationary,557.5,332.5,0.00,1.27,92.35
12/02/2025 12:40:53:097,Stationary,557.5,332.5,0.00,1.27,92.35
12/02/2025 12:40:53:109,Stationary,557.5,332.5,0.00,1.27,92.35
12/02/2025 12:40:53:134,Stationary,557.5,332.5,0.00,1.27,92.35
12/02/2025 12:40:53:146,Stationary,557.5,332.5,0.00,1.27,92.35
12/02/2025 12:40:53:156,Moved,558.75,332.5,0.00,1.27,92.35
12/02/2025 12:40:53:156,Moved,558.75,332.50,0.00,1.27,92.35
12/02/2025 12:40:53:178,Stationary,558.75,332.5,0.00,1.27,92.35
12/02/2025 12:40:53:198,Stationary,558.75,332.5,0.00,1.27,92.35
12/02/2025 12:40:53:232,Ended,560,336.25,0.00,1.27,92.35
12/02/2025 12:40:53:232,Ended,560.00,336.25,0.00,1.27,92.35
12/02/2025 12:40:55:050,Began,536.25,588.75,0.00,1.27,93.19
12/02/2025 12:40:55:050,Began,536.25,588.75,0.00,1.27,93.19
12/02/2025 12:40:55:071,Moved,536.25,588.75,0.00,1.27,93.19
12/02/2025 12:40:55:071,Moved,536.25,588.75,0.00,1.27,93.19
12/02/2025 12:40:55:112,Stationary,536.25,588.75,0.00,1.27,93.19
12/02/2025 12:40:55:130,Moved,536.25,585,0.00,1.27,93.19
12/02/2025 12:40:55:130,Moved,536.25,585.00,0.00,1.27,93.23
12/02/2025 12:40:55:149,Moved,537.5,580,0.00,1.27,93.23
12/02/2025 12:40:55:149,Moved,537.50,580.00,0.00,1.27,93.29
12/02/2025 12:40:55:188,Moved,537.5,555,0.00,1.27,93.29
12/02/2025 12:40:55:188,Moved,537.50,555.00,0.00,1.27,93.79
12/02/2025 12:40:55:198,Moved,536.25,545,0.00,1.27,93.79
12/02/2025 12:40:55:198,Moved,536.25,545.00,0.00,1.27,93.86
12/02/2025 12:40:55:220,Moved,532.5,521.25,0.00,1.27,93.86
12/02/2025 12:40:55:220,Moved,532.50,521.25,0.00,1.27,94.15
12/02/2025 12:40:55:239,Moved,527.5,491.25,0.00,1.27,94.15
12/02/2025 12:40:55:239,Moved,527.50,491.25,0.00,1.27,94.53
12/02/2025 12:40:55:277,Moved,515,420,0.00,1.27,94.53
12/02/2025 12:40:55:277,Moved,515.00,420.00,0.00,1.27,95.96
12/02/2025 12:40:55:297,Moved,512.5,380,0.00,1.27,95.96
12/02/2025 12:40:55:297,Moved,512.50,380.00,0.00,1.27,96.45
12/02/2025 12:40:55:312,Moved,511.25,357.5,0.00,1.27,96.45
12/02/2025 12:40:55:312,Moved,511.25,357.50,0.00,1.27,96.63
12/02/2025 12:40:55:328,Moved,511.25,316.25,0.00,1.27,96.63
12/02/2025 12:40:55:328,Moved,511.25,316.25,0.00,1.27,97.07
12/02/2025 12:40:55:340,Moved,510,295,0.00,1.27,97.07
12/02/2025 12:40:55:340,Moved,510.00,295.00,0.00,1.27,97.21
12/02/2025 12:40:55:375,Moved,503.75,211.25,0.00,1.27,97.21
12/02/2025 12:40:55:375,Moved,503.75,211.25,0.00,1.27,98.88
12/02/2025 12:40:55:387,Moved,502.5,187.5,0.00,1.27,98.88
12/02/2025 12:40:55:387,Moved,502.50,187.50,0.00,1.27,99.06
12/02/2025 12:40:55:406,Moved,498.75,141.25,0.00,1.27,99.06
12/02/2025 12:40:55:406,Moved,498.75,141.25,0.00,1.27,99.59
12/02/2025 12:40:55:446,Ended,497.5,93.74998,0.00,1.27,99.59
12/02/2025 12:40:55:446,Ended,497.50,93.75,0.00,1.27,99.59
12/02/2025 12:40:55:718,Began,517.5,316.25,0.00,1.27,101.95
12/02/2025 12:40:55:718,Began,517.50,316.25,0.00,1.27,101.95
12/02/2025 12:40:55:730,Moved,517.5,316.25,0.00,1.27,101.95
12/02/2025 12:40:55:730,Moved,517.50,316.25,0.00,1.27,101.95
12/02/2025 12:40:55:772,Moved,518.75,315,0.00,1.27,101.95
12/02/2025 12:40:55:772,Moved,518.75,315.00,0.00,1.27,101.97
12/02/2025 12:40:55:791,Moved,520,313.75,0.00,1.27,101.97
12/02/2025 12:40:55:791,Moved,520.00,313.75,0.00,1.27,101.99
12/02/2025 12:40:55:816,Moved,521.25,312.5,0.00,1.27,101.99
12/02/2025 12:40:55:816,Moved,521.25,312.50,0.00,1.27,102.01
12/02/2025 12:40:55:826,Moved,521.25,311.25,0.00,1.27,102.01
12/02/2025 12:40:55:826,Moved,521.25,311.25,0.00,1.27,102.02
12/02/2025 12:40:55:843,Stationary,521.25,311.25,0.00,1.27,102.02
12/02/2025 12:40:55:859,Stationary,521.25,311.25,0.00,1.27,102.02
12/02/2025 12:40:55:877,Moved,522.5,310,0.00,1.27,102.02
12/02/2025 12:40:55:877,Moved,522.50,310.00,0.00,1.27,102.03
12/02/2025 12:40:55:896,Stationary,522.5,310,0.00,1.27,102.03
12/02/2025 12:40:55:940,Moved,522.5,308.75,0.00,1.27,102.03
12/02/2025 12:40:55:940,Moved,522.50,308.75,0.00,1.27,102.05
12/02/2025 12:40:55:957,Moved,522.5,307.5,0.00,1.27,102.05
12/02/2025 12:40:55:957,Moved,522.50,307.50,0.00,1.27,102.07
12/02/2025 12:40:55:974,Stationary,522.5,307.5,0.00,1.27,102.07
12/02/2025 12:40:56:004,Stationary,522.5,307.5,0.00,1.27,102.07
12/02/2025 12:40:56:019,Moved,522.5,306.25,0.00,1.27,102.07
12/02/2025 12:40:56:019,Moved,522.50,306.25,0.00,1.27,102.08
12/02/2025 12:40:56:038,Stationary,522.5,306.25,0.00,1.27,102.08
12/02/2025 12:40:56:058,Stationary,522.5,306.25,0.00,1.27,102.08
12/02/2025 12:40:56:090,Stationary,522.5,306.25,0.00,1.27,102.08
12/02/2025 12:40:56:113,Stationary,522.5,306.25,0.00,1.27,102.08
12/02/2025 12:40:56:126,Stationary,522.5,306.25,0.00,1.27,102.08
12/02/2025 12:40:56:138,Stationary,522.5,306.25,0.00,1.27,102.08
12/02/2025 12:40:56:162,Stationary,522.5,306.25,0.00,1.27,102.08
12/02/2025 12:40:56:179,Stationary,522.5,306.25,0.00,1.27,102.08
12/02/2025 12:40:56:205,Ended,522.5,306.25,0.00,1.27,102.08
12/02/2025 12:40:56:205,Ended,522.50,306.25,0.00,1.27,102.08
12/02/2025 12:40:56:639,Began,545,613.75,0.00,1.27,102.93
12/02/2025 12:40:56:639,Began,545.00,613.75,0.00,1.27,102.93
12/02/2025 12:40:56:649,Moved,545,613.75,0.00,1.27,102.93
12/02/2025 12:40:56:649,Moved,545.00,613.75,0.00,1.27,102.93
12/02/2025 12:40:56:670,Stationary,545,613.75,0.00,1.27,102.93
12/02/2025 12:40:56:690,Moved,545,611.25,0.00,1.27,102.93
12/02/2025 12:40:56:690,Moved,545.00,611.25,0.00,1.27,102.96
12/02/2025 12:40:56:742,Moved,542.5,551.25,0.00,1.27,102.96
12/02/2025 12:40:56:742,Moved,542.50,551.25,0.00,1.27,104.16
12/02/2025 12:40:56:750,Stationary,542.5,551.25,0.00,1.27,104.16
12/02/2025 12:40:56:777,Moved,540,501.25,0.00,1.27,104.16
12/02/2025 12:40:56:777,Moved,540.00,501.25,0.00,1.27,104.95
12/02/2025 12:40:56:787,Moved,538.75,481.25,0.00,1.27,104.95
12/02/2025 12:40:56:787,Moved,538.75,481.25,0.00,1.27,105.09
12/02/2025 12:40:56:811,Moved,538.75,440,0.00,1.27,105.09
12/02/2025 12:40:56:811,Moved,538.75,440.00,0.00,1.27,105.62
12/02/2025 12:40:56:838,Moved,538.75,371.25,0.00,1.27,105.62
12/02/2025 12:40:56:838,Moved,538.75,371.25,0.00,1.27,106.81
12/02/2025 12:40:56:849,Moved,541.25,345,0.00,1.27,106.81
12/02/2025 12:40:56:849,Moved,541.25,345.00,0.00,1.27,106.99
12/02/2025 12:40:56:884,Moved,553.75,225,0.00,1.27,106.99
12/02/2025 12:40:56:884,Moved,553.75,225.00,0.00,1.27,109.39
12/02/2025 12:40:56:906,Moved,561.25,163.75,0.00,1.27,109.39
12/02/2025 12:40:56:906,Moved,561.25,163.75,0.00,1.27,110.18
12/02/2025 12:40:56:918,Moved,563.75,133.75,0.00,1.27,110.18
12/02/2025 12:40:56:918,Moved,563.75,133.75,0.00,1.27,110.39
12/02/2025 12:40:56:935,Moved,568.75,71.24998,0.00,1.27,110.39
12/02/2025 12:40:56:935,Moved,568.75,71.25,0.00,1.27,111.01
12/02/2025 12:40:56:946,Moved,571.25,38.74998,0.00,1.27,111.01
12/02/2025 12:40:56:946,Moved,571.25,38.75,0.00,1.27,111.25
12/02/2025 12:40:56:968,Ended,571.25,38.74998,0.00,1.27,111.25
12/02/2025 12:40:56:968,Ended,571.25,38.75,0.00,1.27,111.25
12/02/2025 12:40:58:690,Began,541.25,603.75,0.00,1.27,117.34
12/02/2025 12:40:58:690,Began,541.25,603.75,0.00,1.27,117.34
12/02/2025 12:40:58:710,Moved,541.25,603.75,0.00,1.27,117.34
12/02/2025 12:40:58:710,Moved,541.25,603.75,0.00,1.27,117.34
12/02/2025 12:40:58:752,Moved,537.5,593.75,0.00,1.27,117.34
12/02/2025 12:40:58:752,Moved,537.50,593.75,0.00,1.27,117.54
12/02/2025 12:40:58:780,Moved,533.75,571.25,0.00,1.27,117.54
12/02/2025 12:40:58:780,Moved,533.75,571.25,0.00,1.27,117.92
12/02/2025 12:40:58:788,Stationary,533.75,571.25,0.00,1.27,117.92
12/02/2025 12:40:58:822,Moved,528.75,516.25,0.00,1.27,117.92
12/02/2025 12:40:58:822,Moved,528.75,516.25,0.00,1.27,119.02
12/02/2025 12:40:58:841,Moved,526.25,475,0.00,1.27,119.02
12/02/2025 12:40:58:841,Moved,526.25,475.00,0.00,1.27,119.53
12/02/2025 12:40:58:856,Moved,525,451.25,0.00,1.27,119.53
12/02/2025 12:40:58:856,Moved,525.00,451.25,0.00,1.27,119.72
12/02/2025 12:40:58:874,Moved,522.5,396.25,0.00,1.27,119.72
12/02/2025 12:40:58:874,Moved,522.50,396.25,0.00,1.27,120.33
12/02/2025 12:40:58:908,Moved,522.5,271.25,0.00,1.27,120.33
12/02/2025 12:40:58:908,Moved,522.50,271.25,0.00,1.27,122.83
12/02/2025 12:40:58:929,Moved,525,205,0.00,1.27,122.83
12/02/2025 12:40:58:929,Moved,525.00,205.00,0.00,1.27,123.68
12/02/2025 12:40:58:951,Moved,528.75,137.5,0.00,1.27,123.68
12/02/2025 12:40:58:951,Moved,528.75,137.50,0.00,1.27,124.55
12/02/2025 12:40:58:964,Moved,530,106.25,0.00,1.27,124.55
12/02/2025 12:40:58:964,Moved,530.00,106.25,0.00,1.27,124.77
12/02/2025 12:40:58:985,Moved,528.75,43.74998,0.00,1.27,124.77
12/02/2025 12:40:58:985,Moved,528.75,43.75,0.00,1.27,125.60
12/02/2025 12:40:59:005,Ended,527.5,13.74999,0.00,1.27,125.60
12/02/2025 12:40:59:005,Ended,527.50,13.75,0.00,1.27,125.60
12/02/2025 12:40:59:301,Began,522.5,211.25,0.00,1.27,131.36
12/02/2025 12:40:59:301,Began,522.50,211.25,0.00,1.27,131.36
12/02/2025 12:40:59:314,Moved,522.5,211.25,0.00,1.27,131.36
12/02/2025 12:40:59:314,Moved,522.50,211.25,0.00,1.27,131.36
12/02/2025 12:40:59:343,Moved,522.5,208.75,0.00,1.27,131.36
12/02/2025 12:40:59:343,Moved,522.50,208.75,0.00,1.27,131.40
12/02/2025 12:40:59:379,Moved,522.5,206.25,0.00,1.27,131.40
12/02/2025 12:40:59:379,Moved,522.50,206.25,0.00,1.27,131.45
12/02/2025 12:40:59:402,Stationary,522.5,206.25,0.00,1.27,131.45
12/02/2025 12:40:59:420,Stationary,522.5,206.25,0.00,1.27,131.45
12/02/2025 12:40:59:432,Moved,522.5,205,0.00,1.27,131.45
12/02/2025 12:40:59:432,Moved,522.50,205.00,0.00,1.27,131.46
12/02/2025 12:40:59:451,Stationary,522.5,205,0.00,1.27,131.46
12/02/2025 12:40:59:471,Moved,522.5,203.75,0.00,1.27,131.46
12/02/2025 12:40:59:471,Moved,522.50,203.75,0.00,1.27,131.48
12/02/2025 12:40:59:495,Moved,521.25,201.25,0.00,1.27,131.48
12/02/2025 12:40:59:495,Moved,521.25,201.25,0.00,1.27,131.51
12/02/2025 12:40:59:535,Stationary,521.25,201.25,0.00,1.27,131.51
12/02/2025 12:40:59:562,Moved,521.25,200,0.00,1.27,131.51
12/02/2025 12:40:59:562,Moved,521.25,200.00,0.00,1.27,131.53
12/02/2025 12:40:59:581,Stationary,521.25,200,0.00,1.27,131.53
12/02/2025 12:40:59:602,Stationary,521.25,200,0.00,1.27,131.53
12/02/2025 12:40:59:612,Moved,521.25,198.75,0.00,1.27,131.53
12/02/2025 12:40:59:612,Moved,521.25,198.75,0.00,1.27,131.54
12/02/2025 12:40:59:633,Stationary,521.25,198.75,0.00,1.27,131.54
12/02/2025 12:40:59:654,Stationary,521.25,198.75,0.00,1.27,131.54
12/02/2025 12:40:59:693,Stationary,521.25,198.75,0.00,1.27,131.54
12/02/2025 12:40:59:715,Stationary,521.25,198.75,0.00,1.27,131.54
12/02/2025 12:40:59:733,Moved,520,198.75,0.00,1.27,131.54
12/02/2025 12:40:59:733,Moved,520.00,198.75,0.00,1.27,131.54
12/02/2025 12:40:59:751,Stationary,520,198.75,0.00,1.27,131.54
12/02/2025 12:40:59:778,Stationary,520,198.75,0.00,1.27,131.54
12/02/2025 12:40:59:792,Moved,520,197.5,0.00,1.27,131.54
12/02/2025 12:40:59:792,Moved,520.00,197.50,0.00,1.27,131.55
12/02/2025 12:40:59:812,Moved,518.75,197.5,0.00,1.27,131.55
12/02/2025 12:40:59:812,Moved,518.75,197.50,0.00,1.27,131.55
12/02/2025 12:40:59:852,Moved,518.75,196.25,0.00,1.27,131.55
12/02/2025 12:40:59:852,Moved,518.75,196.25,0.00,1.27,131.58
12/02/2025 12:40:59:874,Stationary,518.75,196.25,0.00,1.27,131.58
12/02/2025 12:40:59:889,Stationary,518.75,196.25,0.00,1.27,131.58
12/02/2025 12:40:59:900,Stationary,518.75,196.25,0.00,1.27,131.58
12/02/2025 12:40:59:921,Stationary,518.75,196.25,0.00,1.27,131.58
12/02/2025 12:40:59:934,Stationary,518.75,196.25,0.00,1.27,131.58
12/02/2025 12:40:59:955,Stationary,518.75,196.25,0.00,1.27,131.58
12/02/2025 12:40:59:974,Stationary,518.75,196.25,0.00,1.27,131.58
12/02/2025 12:41:00:009,Stationary,518.75,196.25,0.00,1.27,131.58
12/02/2025 12:41:00:021,Moved,518.75,195,0.00,1.27,131.58
12/02/2025 12:41:00:021,Moved,518.75,195.00,0.00,1.27,131.59
12/02/2025 12:41:00:044,Stationary,518.75,195,0.00,1.27,131.59
12/02/2025 12:41:00:063,Stationary,518.75,195,0.00,1.27,131.59
12/02/2025 12:41:00:087,Stationary,518.75,195,0.00,1.27,131.59
12/02/2025 12:41:00:096,Moved,517.5,195,0.00,1.27,131.59
12/02/2025 12:41:00:096,Moved,517.50,195.00,0.00,1.27,131.59
12/02/2025 12:41:00:114,Stationary,517.5,195,0.00,1.27,131.59
12/02/2025 12:41:00:134,Stationary,517.5,195,0.00,1.27,131.59
12/02/2025 12:41:00:178,Ended,517.5,195,0.00,1.27,131.59
12/02/2025 12:41:00:178,Ended,517.50,195.00,0.00,1.27,131.59
12/02/2025 12:41:01:194,Began,523.75,261.25,0.00,1.27,133.17
12/02/2025 12:41:01:194,Began,523.75,261.25,0.00,1.27,133.17
12/02/2025 12:41:01:214,Moved,523.75,261.25,0.00,1.27,133.17
12/02/2025 12:41:01:214,Moved,523.75,261.25,0.00,1.27,133.17
12/02/2025 12:41:01:253,Moved,523.75,255,0.00,1.27,133.17
12/02/2025 12:41:01:253,Moved,523.75,255.00,0.00,1.27,133.30
12/02/2025 12:41:01:265,Moved,523.75,252.5,0.00,1.27,133.30
12/02/2025 12:41:01:265,Moved,523.75,252.50,0.00,1.27,133.31
12/02/2025 12:41:01:285,Moved,523.75,247.5,0.00,1.27,133.31
12/02/2025 12:41:01:285,Moved,523.75,247.50,0.00,1.27,133.37
12/02/2025 12:41:01:313,Moved,523.75,237.5,0.00,1.27,133.37
12/02/2025 12:41:01:313,Moved,523.75,237.50,0.00,1.27,133.54
12/02/2025 12:41:01:323,Moved,525,235,0.00,1.27,133.54
12/02/2025 12:41:01:323,Moved,525.00,235.00,0.00,1.27,133.56
12/02/2025 12:41:01:350,Moved,526.25,227.5,0.00,1.27,133.56
12/02/2025 12:41:01:350,Moved,526.25,227.50,0.00,1.27,133.68
12/02/2025 12:41:01:358,Stationary,526.25,227.5,0.00,1.27,133.68
12/02/2025 12:41:01:381,Moved,526.25,225,0.00,1.27,133.68
12/02/2025 12:41:01:381,Moved,526.25,225.00,0.00,1.27,133.71
12/02/2025 12:41:01:433,Moved,528.75,216.25,0.00,1.27,133.71
12/02/2025 12:41:01:433,Moved,528.75,216.25,0.00,1.27,133.89
12/02/2025 12:41:01:462,Moved,530,213.75,0.00,1.27,133.89
12/02/2025 12:41:01:462,Moved,530.00,213.75,0.00,1.27,133.93
12/02/2025 12:41:01:478,Moved,530,212.5,0.00,1.27,133.93
12/02/2025 12:41:01:478,Moved,530.00,212.50,0.00,1.27,133.95
12/02/2025 12:41:01:496,Moved,531.25,211.25,0.00,1.27,133.95
12/02/2025 12:41:01:496,Moved,531.25,211.25,0.00,1.27,133.96
12/02/2025 12:41:01:503,Stationary,531.25,211.25,0.00,1.27,133.96
12/02/2025 12:41:01:528,Moved,531.25,208.75,0.00,1.27,133.96
12/02/2025 12:41:01:528,Moved,531.25,208.75,0.00,1.27,133.99
12/02/2025 12:41:01:555,Moved,532.5,207.5,0.00,1.27,133.99
12/02/2025 12:41:01:555,Moved,532.50,207.50,0.00,1.27,134.01
12/02/2025 12:41:01:590,Moved,532.5,205,0.00,1.27,134.01
12/02/2025 12:41:01:590,Moved,532.50,205.00,0.00,1.27,134.06
12/02/2025 12:41:01:612,Moved,532.5,203.75,0.00,1.27,134.06
12/02/2025 12:41:01:612,Moved,532.50,203.75,0.00,1.27,134.08
12/02/2025 12:41:01:635,Moved,532.5,201.25,0.00,1.27,134.08
12/02/2025 12:41:01:635,Moved,532.50,201.25,0.00,1.27,134.11
12/02/2025 12:41:01:662,Moved,532.5,198.75,0.00,1.27,134.11
12/02/2025 12:41:01:662,Moved,532.50,198.75,0.00,1.27,134.15
12/02/2025 12:41:01:674,Moved,533.75,197.5,0.00,1.27,134.15
12/02/2025 12:41:01:674,Moved,533.75,197.50,0.00,1.27,134.16
12/02/2025 12:41:01:694,Moved,533.75,196.25,0.00,1.27,134.16
12/02/2025 12:41:01:694,Moved,533.75,196.25,0.00,1.27,134.18
12/02/2025 12:41:01:712,Moved,533.75,193.75,0.00,1.27,134.18
12/02/2025 12:41:01:712,Moved,533.75,193.75,0.00,1.27,134.21
12/02/2025 12:41:01:749,Moved,535,187.5,0.00,1.27,134.21
12/02/2025 12:41:01:749,Moved,535.00,187.50,0.00,1.27,134.33
12/02/2025 12:41:01:762,Moved,535,186.25,0.00,1.27,134.33
12/02/2025 12:41:01:762,Moved,535.00,186.25,0.00,1.27,134.34
12/02/2025 12:41:01:776,Moved,535,183.75,0.00,1.27,134.34
12/02/2025 12:41:01:776,Moved,535.00,183.75,0.00,1.27,134.36
12/02/2025 12:41:01:799,Moved,536.25,177.5,0.00,1.27,134.36
12/02/2025 12:41:01:799,Moved,536.25,177.50,0.00,1.27,134.45
12/02/2025 12:41:01:809,Moved,536.25,176.25,0.00,1.27,134.45
12/02/2025 12:41:01:809,Moved,536.25,176.25,0.00,1.27,134.46
12/02/2025 12:41:01:825,Moved,536.25,175,0.00,1.27,134.46
12/02/2025 12:41:01:825,Moved,536.25,175.00,0.00,1.27,134.47
12/02/2025 12:41:01:860,Moved,536.25,167.5,0.00,1.27,134.47
12/02/2025 12:41:01:860,Moved,536.25,167.50,0.00,1.27,134.62
12/02/2025 12:41:01:870,Moved,536.25,166.25,0.00,1.27,134.62
12/02/2025 12:41:01:870,Moved,536.25,166.25,0.00,1.27,134.63
12/02/2025 12:41:01:910,Moved,537.5,161.25,0.00,1.27,134.63
12/02/2025 12:41:01:910,Moved,537.50,161.25,0.00,1.27,134.73
12/02/2025 12:41:01:920,Moved,537.5,160,0.00,1.27,134.73
12/02/2025 12:41:01:920,Moved,537.50,160.00,0.00,1.27,134.74
12/02/2025 12:41:01:936,Moved,537.5,158.75,0.00,1.27,134.74
12/02/2025 12:41:01:936,Moved,537.50,158.75,0.00,1.27,134.75
12/02/2025 12:41:01:954,Moved,537.5,156.25,0.00,1.27,134.75
12/02/2025 12:41:01:954,Moved,537.50,156.25,0.00,1.27,134.78
12/02/2025 12:41:01:971,Moved,537.5,155,0.00,1.27,134.78
12/02/2025 12:41:01:971,Moved,537.50,155.00,0.00,1.27,134.79
12/02/2025 12:41:01:979,Stationary,537.5,155,0.00,1.27,134.79
12/02/2025 12:41:01:999,Moved,537.5,152.5,0.00,1.27,134.79
12/02/2025 12:41:01:999,Moved,537.50,152.50,0.00,1.27,134.82
12/02/2025 12:41:02:036,Moved,537.5,148.75,0.00,1.27,134.82
12/02/2025 12:41:02:036,Moved,537.50,148.75,0.00,1.27,134.89
12/02/2025 12:41:02:078,Moved,537.5,145,0.00,1.27,134.89
12/02/2025 12:41:02:078,Moved,537.50,145.00,0.00,1.27,134.97
12/02/2025 12:41:02:101,Moved,537.5,142.5,0.00,1.27,134.97
12/02/2025 12:41:02:101,Moved,537.50,142.50,0.00,1.27,135.00
12/02/2025 12:41:02:110,Moved,537.5,141.25,0.00,1.27,135.00
12/02/2025 12:41:02:110,Moved,537.50,141.25,0.00,1.27,135.01
12/02/2025 12:41:02:131,Moved,537.5,140,0.00,1.27,135.01
12/02/2025 12:41:02:131,Moved,537.50,140.00,0.00,1.27,135.03
12/02/2025 12:41:02:140,Moved,537.5,137.5,0.00,1.27,135.03
12/02/2025 12:41:02:140,Moved,537.50,137.50,0.00,1.27,135.04
12/02/2025 12:41:02:163,Moved,537.5,136.25,0.00,1.27,135.04
12/02/2025 12:41:02:163,Moved,537.50,136.25,0.00,1.27,135.06
12/02/2025 12:41:02:175,Moved,537.5,133.75,0.00,1.27,135.06
12/02/2025 12:41:02:175,Moved,537.50,133.75,0.00,1.27,135.07
12/02/2025 12:41:02:193,Moved,537.5,131.25,0.00,1.27,135.07
12/02/2025 12:41:02:193,Moved,537.50,131.25,0.00,1.27,135.10
12/02/2025 12:41:02:229,Moved,536.25,126.25,0.00,1.27,135.10
12/02/2025 12:41:02:229,Moved,536.25,126.25,0.00,1.27,135.20
12/02/2025 12:41:02:250,Moved,536.25,122.5,0.00,1.27,135.20
12/02/2025 12:41:02:250,Moved,536.25,122.50,0.00,1.27,135.25
12/02/2025 12:41:02:268,Moved,536.25,121.25,0.00,1.27,135.25
12/02/2025 12:41:02:268,Moved,536.25,121.25,0.00,1.27,135.26
12/02/2025 12:41:02:281,Moved,536.25,118.75,0.00,1.27,135.26
12/02/2025 12:41:02:281,Moved,536.25,118.75,0.00,1.27,135.28
12/02/2025 12:41:02:307,Moved,536.25,116.25,0.00,1.27,135.28
12/02/2025 12:41:02:307,Moved,536.25,116.25,0.00,1.27,135.32
12/02/2025 12:41:02:318,Moved,536.25,115,0.00,1.27,135.32
12/02/2025 12:41:02:318,Moved,536.25,115.00,0.00,1.27,135.33
12/02/2025 12:41:02:338,Moved,536.25,111.25,0.00,1.27,135.33
12/02/2025 12:41:02:338,Moved,536.25,111.25,0.00,1.27,135.38
12/02/2025 12:41:02:350,Stationary,536.25,111.25,0.00,1.27,135.38
12/02/2025 12:41:02:395,Moved,535,106.25,0.00,1.27,135.38
12/02/2025 12:41:02:395,Moved,535.00,106.25,0.00,1.27,135.48
12/02/2025 12:41:02:420,Moved,535,103.75,0.00,1.27,135.48
12/02/2025 12:41:02:420,Moved,535.00,103.75,0.00,1.27,135.51
12/02/2025 12:41:02:438,Moved,535,101.25,0.00,1.27,135.51
12/02/2025 12:41:02:438,Moved,535.00,101.25,0.00,1.27,135.54
12/02/2025 12:41:02:456,Moved,535,99.99998,0.00,1.27,135.54
12/02/2025 12:41:02:456,Moved,535.00,100.00,0.00,1.27,135.55
12/02/2025 12:41:02:476,Moved,535,97.49998,0.00,1.27,135.55
12/02/2025 12:41:02:476,Moved,535.00,97.50,0.00,1.27,135.58
12/02/2025 12:41:02:487,Moved,535,96.24998,0.00,1.27,135.58
12/02/2025 12:41:02:487,Moved,535.00,96.25,0.00,1.27,135.59
12/02/2025 12:41:02:513,Moved,535,94.99998,0.00,1.27,135.59
12/02/2025 12:41:02:513,Moved,535.00,95.00,0.00,1.27,135.61
12/02/2025 12:41:02:548,Moved,535,91.24998,0.00,1.27,135.61
12/02/2025 12:41:02:548,Moved,535.00,91.25,0.00,1.27,135.69
12/02/2025 12:41:02:567,Moved,535,89.99998,0.00,1.27,135.69
12/02/2025 12:41:02:567,Moved,535.00,90.00,0.00,1.27,135.70
12/02/2025 12:41:02:585,Moved,535,87.49998,0.00,1.27,135.70
12/02/2025 12:41:02:585,Moved,535.00,87.50,0.00,1.27,135.73
12/02/2025 12:41:02:605,Moved,535,86.24998,0.00,1.27,135.73
12/02/2025 12:41:02:605,Moved,535.00,86.25,0.00,1.27,135.74
12/02/2025 12:41:02:617,Moved,535,84.99998,0.00,1.27,135.74
12/02/2025 12:41:02:617,Moved,535.00,85.00,0.00,1.27,135.75
12/02/2025 12:41:02:635,Moved,535,82.49998,0.00,1.27,135.75
12/02/2025 12:41:02:635,Moved,535.00,82.50,0.00,1.27,135.78
12/02/2025 12:41:02:646,Moved,535,81.24998,0.00,1.27,135.78
12/02/2025 12:41:02:646,Moved,535.00,81.25,0.00,1.27,135.79
12/02/2025 12:41:02:667,Moved,535,79.99998,0.00,1.27,135.79
12/02/2025 12:41:02:667,Moved,535.00,80.00,0.00,1.27,135.80
12/02/2025 12:41:02:702,Moved,535,77.49998,0.00,1.27,135.80
12/02/2025 12:41:02:702,Moved,535.00,77.50,0.00,1.27,135.85
12/02/2025 12:41:02:722,Stationary,535,77.49998,0.00,1.27,135.85
12/02/2025 12:41:02:740,Moved,535,76.24998,0.00,1.27,135.85
12/02/2025 12:41:02:740,Moved,535.00,76.25,0.00,1.27,135.87
12/02/2025 12:41:02:762,Stationary,535,76.24998,0.00,1.27,135.87
12/02/2025 12:41:02:782,Stationary,535,76.24998,0.00,1.27,135.87
12/02/2025 12:41:02:799,Stationary,535,76.24998,0.00,1.27,135.87
12/02/2025 12:41:02:817,Ended,535,76.24998,0.00,1.27,135.87
12/02/2025 12:41:02:817,Ended,535.00,76.25,0.00,1.27,135.87
12/02/2025 12:41:04:017,Began,507.5,607.5,0.00,1.27,136.45
12/02/2025 12:41:04:017,Began,507.50,607.50,0.00,1.27,136.45
12/02/2025 12:41:04:032,Moved,507.5,607.5,0.00,1.27,136.45
12/02/2025 12:41:04:032,Moved,507.50,607.50,0.00,1.27,136.45
12/02/2025 12:41:04:043,Stationary,507.5,607.5,0.00,1.27,136.45
12/02/2025 12:41:04:061,Moved,506.25,606.25,0.00,1.27,136.45
12/02/2025 12:41:04:061,Moved,506.25,606.25,0.00,1.27,136.46
12/02/2025 12:41:04:080,Moved,506.25,601.25,0.00,1.27,136.46
12/02/2025 12:41:04:080,Moved,506.25,601.25,0.00,1.27,136.51
12/02/2025 12:41:04:119,Moved,503.75,587.5,0.00,1.27,136.51
12/02/2025 12:41:04:119,Moved,503.75,587.50,0.00,1.27,136.79
12/02/2025 12:41:04:135,Moved,502.5,571.25,0.00,1.27,136.79
12/02/2025 12:41:04:135,Moved,502.50,571.25,0.00,1.27,136.94
12/02/2025 12:41:04:149,Moved,502.5,562.5,0.00,1.27,136.94
12/02/2025 12:41:04:149,Moved,502.50,562.50,0.00,1.27,137.02
12/02/2025 12:41:04:183,Moved,497.5,520,0.00,1.27,137.02
12/02/2025 12:41:04:183,Moved,497.50,520.00,0.00,1.27,137.87
12/02/2025 12:41:04:198,Moved,496.25,508.75,0.00,1.27,137.87
12/02/2025 12:41:04:198,Moved,496.25,508.75,0.00,1.27,137.94
12/02/2025 12:41:04:214,Moved,493.75,486.25,0.00,1.27,137.94
12/02/2025 12:41:04:214,Moved,493.75,486.25,0.00,1.27,138.20
12/02/2025 12:41:04:224,Moved,492.5,475,0.00,1.27,138.20
12/02/2025 12:41:04:224,Moved,492.50,475.00,0.00,1.27,138.28
12/02/2025 12:41:04:240,Moved,492.5,463.75,0.00,1.27,138.28
12/02/2025 12:41:04:240,Moved,492.50,463.75,0.00,1.27,138.38
12/02/2025 12:41:04:276,Moved,487.5,421.25,0.00,1.27,138.38
12/02/2025 12:41:04:276,Moved,487.50,421.25,0.00,1.27,139.23
12/02/2025 12:41:04:293,Moved,485,402.5,0.00,1.27,139.23
12/02/2025 12:41:04:293,Moved,485.00,402.50,0.00,1.27,139.43
12/02/2025 12:41:04:306,Moved,485,392.5,0.00,1.27,139.43
12/02/2025 12:41:04:306,Moved,485.00,392.50,0.00,1.27,139.50
12/02/2025 12:41:04:326,Moved,485,375,0.00,1.27,139.50
12/02/2025 12:41:04:326,Moved,485.00,375.00,0.00,1.27,139.74
12/02/2025 12:41:04:341,Moved,486.25,356.25,0.00,1.27,139.74
12/02/2025 12:41:04:341,Moved,486.25,356.25,0.00,1.27,139.90
12/02/2025 12:41:04:353,Moved,487.5,346.25,0.00,1.27,139.90
12/02/2025 12:41:04:353,Moved,487.50,346.25,0.00,1.27,139.97
12/02/2025 12:41:04:373,Moved,488.75,327.5,0.00,1.27,139.97
12/02/2025 12:41:04:373,Moved,488.75,327.50,0.00,1.27,140.20
12/02/2025 12:41:04:393,Moved,490,308.75,0.00,1.27,140.20
12/02/2025 12:41:04:393,Moved,490.00,308.75,0.00,1.27,140.43
12/02/2025 12:41:04:432,Moved,492.5,270,0.00,1.27,140.43
12/02/2025 12:41:04:432,Moved,492.50,270.00,0.00,1.27,141.21
12/02/2025 12:41:04:443,Moved,493.75,260,0.00,1.27,141.21
12/02/2025 12:41:04:443,Moved,493.75,260.00,0.00,1.27,141.27
12/02/2025 12:41:04:464,Moved,495,241.25,0.00,1.27,141.27
12/02/2025 12:41:04:464,Moved,495.00,241.25,0.00,1.27,141.50
12/02/2025 12:41:04:482,Moved,496.25,221.25,0.00,1.27,141.50
12/02/2025 12:41:04:482,Moved,496.25,221.25,0.00,1.27,141.72
12/02/2025 12:41:04:496,Moved,497.5,213.75,0.00,1.27,141.72
12/02/2025 12:41:04:496,Moved,497.50,213.75,0.00,1.27,141.79
12/02/2025 12:41:04:516,Moved,497.5,196.25,0.00,1.27,141.79
12/02/2025 12:41:04:516,Moved,497.50,196.25,0.00,1.27,141.99
12/02/2025 12:41:04:533,Moved,498.75,180,0.00,1.27,141.99
12/02/2025 12:41:04:533,Moved,498.75,180.00,0.00,1.27,142.16
12/02/2025 12:41:04:544,Moved,500,171.25,0.00,1.27,142.16
12/02/2025 12:41:04:544,Moved,500.00,171.25,0.00,1.27,142.22
12/02/2025 12:41:04:592,Moved,502.5,131.25,0.00,1.27,142.22
12/02/2025 12:41:04:592,Moved,502.50,131.25,0.00,1.27,143.02
12/02/2025 12:41:04:613,Moved,505,115,0.00,1.27,143.02
12/02/2025 12:41:04:613,Moved,505.00,115.00,0.00,1.27,143.22
12/02/2025 12:41:04:624,Moved,506.25,106.25,0.00,1.27,143.22
12/02/2025 12:41:04:624,Moved,506.25,106.25,0.00,1.27,143.28
12/02/2025 12:41:04:642,Moved,508.75,91.24998,0.00,1.27,143.28
12/02/2025 12:41:04:642,Moved,508.75,91.25,0.00,1.27,143.44
12/02/2025 12:41:04:654,Moved,510,83.74998,0.00,1.27,143.44
12/02/2025 12:41:04:654,Moved,510.00,83.75,0.00,1.27,143.49
12/02/2025 12:41:04:672,Moved,512.5,69.99998,0.00,1.27,143.49
12/02/2025 12:41:04:672,Moved,512.50,70.00,0.00,1.27,143.64
12/02/2025 12:41:04:686,Moved,512.5,62.49998,0.00,1.27,143.64
12/02/2025 12:41:04:686,Moved,512.50,62.50,0.00,1.27,143.70
12/02/2025 12:41:04:713,Moved,513.75,43.74998,0.00,1.27,143.70
12/02/2025 12:41:04:713,Moved,513.75,43.75,0.00,1.27,144.01
12/02/2025 12:41:04:752,Moved,515,24.99998,0.00,1.27,144.01
12/02/2025 12:41:04:752,Moved,515.00,25.00,0.00,1.27,144.38
12/02/2025 12:41:04:766,Moved,515,21.24998,0.00,1.27,144.38
12/02/2025 12:41:04:766,Moved,515.00,21.25,0.00,1.27,144.41
12/02/2025 12:41:04:785,Moved,516.25,16.24998,0.00,1.27,144.41
12/02/2025 12:41:04:785,Moved,516.25,16.25,0.00,1.27,144.47
12/02/2025 12:41:04:802,Moved,517.5,11.24999,0.00,1.27,144.47
12/02/2025 12:41:04:802,Moved,517.50,11.25,0.00,1.27,144.52
12/02/2025 12:41:04:830,Moved,517.5,6.249986,0.00,1.27,144.52
12/02/2025 12:41:04:830,Moved,517.50,6.25,0.00,1.27,144.60
12/02/2025 12:41:04:843,Moved,517.5,3.749986,0.00,1.27,144.60
12/02/2025 12:41:04:843,Moved,517.50,3.75,0.00,1.27,144.62
12/02/2025 12:41:04:864,Moved,517.5,1.249986,0.00,1.27,144.62
12/02/2025 12:41:04:864,Moved,517.50,1.25,0.00,1.27,144.66
12/02/2025 12:41:04:905,Moved,517.5,-3.750014,0.00,1.27,144.66
12/02/2025 12:41:04:905,Moved,517.50,-3.75,0.00,1.27,144.76
12/02/2025 12:41:04:919,Moved,517.5,-6.250014,0.00,1.27,144.76
12/02/2025 12:41:04:919,Moved,517.50,-6.25,0.00,1.27,144.78
12/02/2025 12:41:04:929,Moved,518.75,-7.500014,0.00,1.27,144.78
12/02/2025 12:41:04:929,Moved,518.75,-7.50,0.00,1.27,144.79
12/02/2025 12:41:04:951,Moved,518.75,-8.750014,0.00,1.27,144.79
12/02/2025 12:41:04:951,Moved,518.75,-8.75,0.00,1.27,144.80
12/02/2025 12:41:04:968,Moved,518.75,-11.25001,0.00,1.27,144.80
12/02/2025 12:41:04:968,Moved,518.75,-11.25,0.00,1.27,144.83
12/02/2025 12:41:04:979,Moved,520,-11.25001,0.00,1.27,144.83
12/02/2025 12:41:04:979,Moved,520.00,-11.25,0.00,1.27,144.83
12/02/2025 12:41:04:999,Moved,520,-13.75001,0.00,1.27,144.83
12/02/2025 12:41:04:999,Moved,520.00,-13.75,0.00,1.27,144.86
12/02/2025 12:41:05:016,Ended,520,-13.75001,0.00,1.27,144.86
12/02/2025 12:41:05:016,Ended,520.00,-13.75,0.00,1.27,144.86
12/02/2025 12:41:05:626,Began,513.75,622.5,0.00,1.27,146.59
12/02/2025 12:41:05:626,Began,513.75,622.50,0.00,1.27,146.59
12/02/2025 12:41:05:640,Moved,513.75,622.5,0.00,1.27,146.59
12/02/2025 12:41:05:640,Moved,513.75,622.50,0.00,1.27,146.59
12/02/2025 12:41:05:679,Stationary,513.75,622.5,0.00,1.27,146.59
12/02/2025 12:41:05:695,Stationary,513.75,622.5,0.00,1.27,146.59
12/02/2025 12:41:05:715,Stationary,513.75,622.5,0.00,1.27,146.59
12/02/2025 12:41:05:730,Moved,513.75,617.5,0.00,1.27,146.59
12/02/2025 12:41:05:730,Moved,513.75,617.50,0.00,1.27,146.64
12/02/2025 12:41:05:742,Moved,513.75,615,0.00,1.27,146.64
12/02/2025 12:41:05:742,Moved,513.75,615.00,0.00,1.27,146.66
12/02/2025 12:41:05:761,Moved,513.75,606.25,0.00,1.27,146.66
12/02/2025 12:41:05:761,Moved,513.75,606.25,0.00,1.27,146.75
12/02/2025 12:41:05:803,Moved,516.25,585,0.00,1.27,146.75
12/02/2025 12:41:05:803,Moved,516.25,585.00,0.00,1.27,147.18
12/02/2025 12:41:05:845,Moved,517.5,557.5,0.00,1.27,147.18
12/02/2025 12:41:05:845,Moved,517.50,557.50,0.00,1.27,147.73
12/02/2025 12:41:05:869,Moved,520,535,0.00,1.27,147.73
12/02/2025 12:41:05:869,Moved,520.00,535.00,0.00,1.27,148.07
12/02/2025 12:41:05:883,Moved,520,526.25,0.00,1.27,148.07
12/02/2025 12:41:05:883,Moved,520.00,526.25,0.00,1.27,148.14
12/02/2025 12:41:05:902,Moved,522.5,506.25,0.00,1.27,148.14
12/02/2025 12:41:05:902,Moved,522.50,506.25,0.00,1.27,148.35
12/02/2025 12:41:05:913,Moved,522.5,496.25,0.00,1.27,148.35
12/02/2025 12:41:05:913,Moved,522.50,496.25,0.00,1.27,148.42
12/02/2025 12:41:05:927,Moved,523.75,483.75,0.00,1.27,148.42
12/02/2025 12:41:05:927,Moved,523.75,483.75,0.00,1.27,148.52
12/02/2025 12:41:05:945,Moved,526.25,460,0.00,1.27,148.52
12/02/2025 12:41:05:945,Moved,526.25,460.00,0.00,1.27,148.79
12/02/2025 12:41:05:957,Moved,527.5,446.25,0.00,1.27,148.79
12/02/2025 12:41:05:957,Moved,527.50,446.25,0.00,1.27,148.88
12/02/2025 12:41:05:992,Moved,532.5,390,0.00,1.27,148.88
12/02/2025 12:41:05:992,Moved,532.50,390.00,0.00,1.27,150.01
12/02/2025 12:41:06:012,Moved,536.25,358.75,0.00,1.27,150.01
12/02/2025 12:41:06:012,Moved,536.25,358.75,0.00,1.27,150.38
12/02/2025 12:41:06:032,Moved,538.75,328.75,0.00,1.27,150.38
12/02/2025 12:41:06:032,Moved,538.75,328.75,0.00,1.27,150.74
12/02/2025 12:41:06:045,Moved,541.25,313.75,0.00,1.27,150.74
12/02/2025 12:41:06:045,Moved,541.25,313.75,0.00,1.27,150.86
12/02/2025 12:41:06:079,Moved,545,258.75,0.00,1.27,150.86
12/02/2025 12:41:06:079,Moved,545.00,258.75,0.00,1.27,151.96
12/02/2025 12:41:06:090,Moved,545,246.25,0.00,1.27,151.96
12/02/2025 12:41:06:090,Moved,545.00,246.25,0.00,1.27,152.04
12/02/2025 12:41:06:103,Moved,545,235,0.00,1.27,152.04
12/02/2025 12:41:06:103,Moved,545.00,235.00,0.00,1.27,152.12
12/02/2025 12:41:06:123,Moved,545,211.25,0.00,1.27,152.12
12/02/2025 12:41:06:123,Moved,545.00,211.25,0.00,1.27,152.42
12/02/2025 12:41:06:160,Moved,543.75,161.25,0.00,1.27,152.42
12/02/2025 12:41:06:160,Moved,543.75,161.25,0.00,1.27,153.42
12/02/2025 12:41:06:172,Moved,543.75,147.5,0.00,1.27,153.42
12/02/2025 12:41:06:172,Moved,543.75,147.50,0.00,1.27,153.51
12/02/2025 12:41:06:193,Moved,543.75,121.25,0.00,1.27,153.51
12/02/2025 12:41:06:193,Moved,543.75,121.25,0.00,1.27,153.86
12/02/2025 12:41:06:205,Moved,543.75,108.75,0.00,1.27,153.86
12/02/2025 12:41:06:205,Moved,543.75,108.75,0.00,1.27,153.95
12/02/2025 12:41:06:230,Moved,543.75,67.49998,0.00,1.27,153.95
12/02/2025 12:41:06:230,Moved,543.75,67.50,0.00,1.27,154.58
12/02/2025 12:41:06:242,Moved,543.75,53.74998,0.00,1.27,154.58
12/02/2025 12:41:06:242,Moved,543.75,53.75,0.00,1.27,154.68
12/02/2025 12:41:06:262,Ended,543.75,39.99998,0.00,1.27,154.68
12/02/2025 12:41:06:262,Ended,543.75,40.00,0.00,1.27,154.68
12/02/2025 12:41:06:642,Began,513.75,251.25,0.00,1.27,157.00
12/02/2025 12:41:06:642,Began,513.75,251.25,0.00,1.27,157.00
12/02/2025 12:41:06:655,Moved,513.75,251.25,0.00,1.27,157.00
12/02/2025 12:41:06:655,Moved,513.75,251.25,0.00,1.27,157.00
12/02/2025 12:41:06:675,Stationary,513.75,251.25,0.00,1.27,157.00
12/02/2025 12:41:06:701,Stationary,513.75,251.25,0.00,1.27,157.00
12/02/2025 12:41:06:712,Stationary,513.75,251.25,0.00,1.27,157.00
12/02/2025 12:41:06:722,Stationary,513.75,251.25,0.00,1.27,157.00
12/02/2025 12:41:06:747,Stationary,513.75,251.25,0.00,1.27,157.00
12/02/2025 12:41:06:777,Moved,513.75,248.75,0.00,1.27,157.00
12/02/2025 12:41:06:777,Moved,513.75,248.75,0.00,1.27,157.05
12/02/2025 12:41:06:793,Moved,513.75,247.5,0.00,1.27,157.05
12/02/2025 12:41:06:793,Moved,513.75,247.50,0.00,1.27,157.06
12/02/2025 12:41:06:803,Stationary,513.75,247.5,0.00,1.27,157.06
12/02/2025 12:41:06:820,Stationary,513.75,247.5,0.00,1.27,157.06
12/02/2025 12:41:06:844,Moved,515,247.5,0.00,1.27,157.06
12/02/2025 12:41:06:844,Moved,515.00,247.50,0.00,1.27,157.06
12/02/2025 12:41:06:861,Moved,515,246.25,0.00,1.27,157.06
12/02/2025 12:41:06:861,Moved,515.00,246.25,0.00,1.27,157.07
12/02/2025 12:41:06:875,Stationary,515,246.25,0.00,1.27,157.07
12/02/2025 12:41:06:890,Stationary,515,246.25,0.00,1.27,157.07
12/02/2025 12:41:06:920,Stationary,515,246.25,0.00,1.27,157.07
12/02/2025 12:41:06:952,Moved,516.25,246.25,0.00,1.27,157.07
12/02/2025 12:41:06:952,Moved,516.25,246.25,0.00,1.27,157.07
12/02/2025 12:41:06:967,Stationary,516.25,246.25,0.00,1.27,157.07
12/02/2025 12:41:06:991,Moved,516.25,245,0.00,1.27,157.07
12/02/2025 12:41:06:991,Moved,516.25,245.00,0.00,1.27,157.09
12/02/2025 12:41:07:010,Stationary,516.25,245,0.00,1.27,157.09
12/02/2025 12:41:07:023,Stationary,516.25,245,0.00,1.27,157.09
12/02/2025 12:41:07:041,Moved,517.5,245,0.00,1.27,157.09
12/02/2025 12:41:07:041,Moved,517.50,245.00,0.00,1.27,157.09
12/02/2025 12:41:07:059,Stationary,517.5,245,0.00,1.27,157.09
12/02/2025 12:41:07:076,Stationary,517.5,245,0.00,1.27,157.09
12/02/2025 12:41:07:114,Stationary,517.5,245,0.00,1.27,157.09
12/02/2025 12:41:07:134,Stationary,517.5,245,0.00,1.27,157.09
12/02/2025 12:41:07:155,Stationary,517.5,245,0.00,1.27,157.09
12/02/2025 12:41:07:172,Stationary,517.5,245,0.00,1.27,157.09
12/02/2025 12:41:07:181,Stationary,517.5,245,0.00,1.27,157.09
12/02/2025 12:41:07:203,Stationary,517.5,245,0.00,1.27,157.09
12/02/2025 12:41:07:223,Moved,518.75,245,0.00,1.27,157.09
12/02/2025 12:41:07:223,Moved,518.75,245.00,0.00,1.27,157.09
12/02/2025 12:41:07:237,Stationary,518.75,245,0.00,1.27,157.09
12/02/2025 12:41:07:257,Stationary,518.75,245,0.00,1.27,157.09
12/02/2025 12:41:07:266,Stationary,518.75,245,0.00,1.27,157.09
12/02/2025 12:41:07:292,Stationary,518.75,245,0.00,1.27,157.09
12/02/2025 12:41:07:300,Stationary,518.75,245,0.00,1.27,157.09
12/02/2025 12:41:07:336,Ended,518.75,245,0.00,1.27,157.09
12/02/2025 12:41:07:336,Ended,518.75,245.00,0.00,1.27,157.09
12/02/2025 12:47:32:853,Began,542.5,595,0.00,1.00,0.00
12/02/2025 12:47:32:853,Began,542.50,595.00,0.00,1.00,0.00
12/02/2025 12:47:32:977,Moved,535,441.25,0.00,1.00,0.00
12/02/2025 12:47:32:977,Moved,535.00,441.25,0.00,1.00,3.08
12/02/2025 12:47:33:007,Moved,532.5,375,0.00,1.00,3.08
12/02/2025 12:47:33:007,Moved,532.50,375.00,0.00,1.00,4.32
12/02/2025 12:47:33:041,Moved,532.5,321.25,0.00,1.00,4.32
12/02/2025 12:47:33:041,Moved,532.50,321.25,0.00,1.00,5.40
12/02/2025 12:47:33:066,Moved,532.5,286.25,0.00,1.00,5.40
12/02/2025 12:47:33:066,Moved,532.50,286.25,0.00,1.00,5.91
12/02/2025 12:47:33:087,Moved,532.5,255,0.00,1.00,5.91
12/02/2025 12:47:33:087,Moved,532.50,255.00,0.00,1.00,6.30
12/02/2025 12:47:33:109,Moved,531.25,216.25,0.00,1.00,6.30
12/02/2025 12:47:33:109,Moved,531.25,216.25,0.00,1.00,6.82
12/02/2025 12:47:33:129,Moved,531.25,205,0.00,1.00,6.82
12/02/2025 12:47:33:129,Moved,531.25,205.00,0.00,1.00,6.94
12/02/2025 12:47:33:190,Moved,532.5,131.25,0.00,1.00,6.94
12/02/2025 12:47:33:190,Moved,532.50,131.25,0.00,1.00,8.42
12/02/2025 12:47:33:221,Moved,533.75,108.75,0.00,1.00,8.42
12/02/2025 12:47:33:221,Moved,533.75,108.75,0.00,1.00,8.84
12/02/2025 12:47:33:248,Moved,535,89.99998,0.00,1.00,8.84
12/02/2025 12:47:33:248,Moved,535.00,90.00,0.00,1.00,9.15
12/02/2025 12:47:33:274,Moved,537.5,76.24998,0.00,1.00,9.15
12/02/2025 12:47:33:274,Moved,537.50,76.25,0.00,1.00,9.36
12/02/2025 12:47:33:316,Ended,537.5,76.24998,0.00,1.00,9.36
12/02/2025 12:47:33:316,Ended,537.50,76.25,0.00,1.00,9.36
12/02/2025 12:47:34:285,Began,566.25,230,0.00,1.04,14.01
12/02/2025 12:47:34:285,Began,566.25,230.00,0.00,1.04,14.01
12/02/2025 12:47:34:305,Moved,565,213.75,0.00,1.04,14.01
12/02/2025 12:47:34:305,Moved,565.00,213.75,0.00,1.04,14.21
12/02/2025 12:47:34:338,Moved,562.5,183.75,0.00,1.04,14.21
12/02/2025 12:47:34:338,Moved,562.50,183.75,0.00,1.04,14.81
12/02/2025 12:47:34:351,Moved,561.25,176.25,0.00,1.04,14.81
12/02/2025 12:47:34:351,Moved,561.25,176.25,0.00,1.04,14.87
12/02/2025 12:47:34:380,Moved,557.5,151.25,0.00,1.04,14.87
12/02/2025 12:47:34:380,Moved,557.50,151.25,0.00,1.04,15.29
12/02/2025 12:47:34:392,Moved,556.25,142.5,0.00,1.04,15.29
12/02/2025 12:47:34:392,Moved,556.25,142.50,0.00,1.04,15.35
12/02/2025 12:47:34:410,Moved,552.5,126.25,0.00,1.04,15.35
12/02/2025 12:47:34:410,Moved,552.50,126.25,0.00,1.04,15.54
12/02/2025 12:47:34:448,Moved,548.75,93.74998,0.00,1.04,15.54
12/02/2025 12:47:34:448,Moved,548.75,93.75,0.00,1.04,16.19
12/02/2025 12:47:34:461,Moved,548.75,86.24998,0.00,1.04,16.19
12/02/2025 12:47:34:461,Moved,548.75,86.25,0.00,1.04,16.25
12/02/2025 12:47:34:482,Moved,547.5,73.74998,0.00,1.04,16.25
12/02/2025 12:47:34:482,Moved,547.50,73.75,0.00,1.04,16.40
12/02/2025 12:47:34:495,Moved,548.75,67.49998,0.00,1.04,16.40
12/02/2025 12:47:34:495,Moved,548.75,67.50,0.00,1.04,16.45
12/02/2025 12:47:34:514,Moved,550,54.99998,0.00,1.04,16.45
12/02/2025 12:47:34:514,Moved,550.00,55.00,0.00,1.04,16.59
12/02/2025 12:47:34:536,Moved,552.5,39.99998,0.00,1.04,16.59
12/02/2025 12:47:34:536,Moved,552.50,40.00,0.00,1.04,16.80
12/02/2025 12:47:34:553,Moved,552.5,34.99998,0.00,1.04,16.80
12/02/2025 12:47:34:553,Moved,552.50,35.00,0.00,1.04,16.84
12/02/2025 12:47:34:572,Ended,552.5,31.24998,0.00,1.04,16.84
12/02/2025 12:47:34:572,Ended,552.50,31.25,0.00,1.04,16.84
12/02/2025 12:47:36:277,Began,557.5,383.75,0.00,1.08,23.08
12/02/2025 12:47:36:277,Began,557.50,383.75,0.00,1.08,23.08
12/02/2025 12:47:36:302,Moved,556.25,378.75,0.00,1.08,23.08
12/02/2025 12:47:36:302,Moved,556.25,378.75,0.00,1.08,23.16
12/02/2025 12:47:36:360,Moved,555,348.75,0.00,1.08,23.16
12/02/2025 12:47:36:360,Moved,555.00,348.75,0.00,1.08,23.76
12/02/2025 12:47:36:374,Moved,553.75,341.25,0.00,1.08,23.76
12/02/2025 12:47:36:374,Moved,553.75,341.25,0.00,1.08,23.83
12/02/2025 12:47:36:406,Moved,551.25,313.75,0.00,1.08,23.83
12/02/2025 12:47:36:406,Moved,551.25,313.75,0.00,1.08,24.36
12/02/2025 12:47:36:433,Moved,547.5,291.25,0.00,1.08,24.36
12/02/2025 12:47:36:433,Moved,547.50,291.25,0.00,1.08,24.73
12/02/2025 12:47:36:457,Moved,545,277.5,0.00,1.08,24.73
12/02/2025 12:47:36:457,Moved,545.00,277.50,0.00,1.08,24.93
12/02/2025 12:47:36:511,Moved,537.5,241.25,0.00,1.08,24.93
12/02/2025 12:47:36:511,Moved,537.50,241.25,0.00,1.08,25.66
12/02/2025 12:47:36:532,Moved,533.75,228.75,0.00,1.08,25.66
12/02/2025 12:47:36:532,Moved,533.75,228.75,0.00,1.08,25.82
12/02/2025 12:47:36:547,Moved,530,216.25,0.00,1.08,25.82
12/02/2025 12:47:36:547,Moved,530.00,216.25,0.00,1.08,25.93
12/02/2025 12:47:36:569,Moved,527.5,206.25,0.00,1.08,25.93
12/02/2025 12:47:36:569,Moved,527.50,206.25,0.00,1.08,26.06
12/02/2025 12:47:36:587,Moved,523.75,197.5,0.00,1.08,26.06
12/02/2025 12:47:36:587,Moved,523.75,197.50,0.00,1.08,26.16
12/02/2025 12:47:36:602,Moved,522.5,192.5,0.00,1.08,26.16
12/02/2025 12:47:36:602,Moved,522.50,192.50,0.00,1.08,26.20
12/02/2025 12:47:36:619,Moved,521.25,186.25,0.00,1.08,26.20
12/02/2025 12:47:36:619,Moved,521.25,186.25,0.00,1.08,26.27
12/02/2025 12:47:36:673,Moved,518.75,168.75,0.00,1.08,26.27
12/02/2025 12:47:36:673,Moved,518.75,168.75,0.00,1.08,26.62
12/02/2025 12:47:36:693,Moved,517.5,166.25,0.00,1.08,26.62
12/02/2025 12:47:36:693,Moved,517.50,166.25,0.00,1.08,26.65
12/02/2025 12:47:36:716,Moved,517.5,158.75,0.00,1.08,26.65
12/02/2025 12:47:36:716,Moved,517.50,158.75,0.00,1.08,26.76
12/02/2025 12:47:36:730,Moved,517.5,156.25,0.00,1.08,26.76
12/02/2025 12:47:36:730,Moved,517.50,156.25,0.00,1.08,26.78
12/02/2025 12:47:36:743,Moved,518.75,151.25,0.00,1.08,26.78
12/02/2025 12:47:36:743,Moved,518.75,151.25,0.00,1.08,26.82
12/02/2025 12:47:36:757,Moved,518.75,150,0.00,1.08,26.82
12/02/2025 12:47:36:757,Moved,518.75,150.00,0.00,1.08,26.83
12/02/2025 12:47:36:796,Moved,520,141.25,0.00,1.08,26.83
12/02/2025 12:47:36:796,Moved,520.00,141.25,0.00,1.08,27.01
12/02/2025 12:47:36:805,Moved,520,140,0.00,1.08,27.01
12/02/2025 12:47:36:805,Moved,520.00,140.00,0.00,1.08,27.01
12/02/2025 12:47:36:824,Moved,520,135,0.00,1.08,27.01
12/02/2025 12:47:36:824,Moved,520.00,135.00,0.00,1.08,27.06
12/02/2025 12:47:36:846,Moved,520,128.75,0.00,1.08,27.06
12/02/2025 12:47:36:846,Moved,520.00,128.75,0.00,1.08,27.15
12/02/2025 12:47:36:872,Moved,520,121.25,0.00,1.08,27.15
12/02/2025 12:47:36:872,Moved,520.00,121.25,0.00,1.08,27.26
12/02/2025 12:47:36:884,Moved,520,117.5,0.00,1.08,27.26
12/02/2025 12:47:36:884,Moved,520.00,117.50,0.00,1.08,27.29
12/02/2025 12:47:36:905,Moved,520,112.5,0.00,1.08,27.29
12/02/2025 12:47:36:905,Moved,520.00,112.50,0.00,1.08,27.36
12/02/2025 12:47:36:920,Moved,520,108.75,0.00,1.08,27.36
12/02/2025 12:47:36:920,Moved,520.00,108.75,0.00,1.08,27.39
12/02/2025 12:47:36:943,Moved,520,99.99998,0.00,1.08,27.39
12/02/2025 12:47:36:943,Moved,520.00,100.00,0.00,1.08,27.51
12/02/2025 12:47:36:989,Moved,520,87.49998,0.00,1.08,27.51
12/02/2025 12:47:36:989,Moved,520.00,87.50,0.00,1.08,27.76
12/02/2025 12:47:37:005,Moved,521.25,81.24998,0.00,1.08,27.76
12/02/2025 12:47:37:005,Moved,521.25,81.25,0.00,1.08,27.83
12/02/2025 12:47:37:016,Moved,521.25,77.49998,0.00,1.08,27.83
12/02/2025 12:47:37:016,Moved,521.25,77.50,0.00,1.08,27.85
12/02/2025 12:47:37:037,Moved,521.25,72.49998,0.00,1.08,27.85
12/02/2025 12:47:37:037,Moved,521.25,72.50,0.00,1.08,27.91
12/02/2025 12:47:37:061,Moved,521.25,66.24998,0.00,1.08,27.91
12/02/2025 12:47:37:061,Moved,521.25,66.25,0.00,1.08,28.01
12/02/2025 12:47:37:088,Moved,521.25,62.49998,0.00,1.08,28.01
12/02/2025 12:47:37:088,Moved,521.25,62.50,0.00,1.08,28.07
12/02/2025 12:47:37:103,Moved,521.25,57.49998,0.00,1.08,28.07
12/02/2025 12:47:37:103,Moved,521.25,57.50,0.00,1.08,28.11
12/02/2025 12:47:37:143,Moved,521.25,49.99998,0.00,1.08,28.11
12/02/2025 12:47:37:143,Moved,521.25,50.00,0.00,1.08,28.26
12/02/2025 12:47:37:162,Moved,521.25,46.24998,0.00,1.08,28.26
12/02/2025 12:47:37:162,Moved,521.25,46.25,0.00,1.08,28.31
12/02/2025 12:47:37:173,Moved,522.5,43.74998,0.00,1.08,28.31
12/02/2025 12:47:37:173,Moved,522.50,43.75,0.00,1.08,28.32
12/02/2025 12:47:37:189,Moved,522.5,38.74998,0.00,1.08,28.32
12/02/2025 12:47:37:189,Moved,522.50,38.75,0.00,1.08,28.37
12/02/2025 12:47:37:207,Moved,522.5,36.24998,0.00,1.08,28.37
12/02/2025 12:47:37:207,Moved,522.50,36.25,0.00,1.08,28.40
12/02/2025 12:47:37:223,Moved,522.5,31.24998,0.00,1.08,28.40
12/02/2025 12:47:37:223,Moved,522.50,31.25,0.00,1.08,28.45
12/02/2025 12:47:37:246,Moved,522.5,26.24998,0.00,1.08,28.45
12/02/2025 12:47:37:246,Moved,522.50,26.25,0.00,1.08,28.51
12/02/2025 12:47:37:271,Moved,523.75,17.49998,0.00,1.08,28.51
12/02/2025 12:47:37:271,Moved,523.75,17.50,0.00,1.08,28.65
12/02/2025 12:47:37:318,Moved,526.25,6.249986,0.00,1.08,28.65
12/02/2025 12:47:37:318,Moved,526.25,6.25,0.00,1.08,28.87
12/02/2025 12:47:37:330,Moved,526.25,2.499986,0.00,1.08,28.87
12/02/2025 12:47:37:330,Moved,526.25,2.50,0.00,1.08,28.90
12/02/2025 12:47:37:357,Ended,527.5,-1.250014,0.00,1.08,28.90
12/02/2025 12:47:37:357,Ended,527.50,-1.25,0.00,1.08,28.90
12/02/2025 12:47:37:999,Began,572.5,438.75,0.00,1.09,31.15
12/02/2025 12:47:37:999,Began,572.50,438.75,0.00,1.09,31.15
12/02/2025 12:47:38:015,Moved,572.5,426.25,0.00,1.09,31.15
12/02/2025 12:47:38:015,Moved,572.50,426.25,0.00,1.09,31.27
12/02/2025 12:47:38:053,Moved,571.25,400,0.00,1.09,31.27
12/02/2025 12:47:38:053,Moved,571.25,400.00,0.00,1.09,31.79
12/02/2025 12:47:38:103,Moved,571.25,366.25,0.00,1.09,31.79
12/02/2025 12:47:38:103,Moved,571.25,366.25,0.00,1.09,32.47
12/02/2025 12:47:38:128,Moved,571.25,351.25,0.00,1.09,32.47
12/02/2025 12:47:38:128,Moved,571.25,351.25,0.00,1.09,32.68
12/02/2025 12:47:38:153,Moved,572.5,331.25,0.00,1.09,32.68
12/02/2025 12:47:38:153,Moved,572.50,331.25,0.00,1.09,32.98
12/02/2025 12:47:38:167,Moved,572.5,323.75,0.00,1.09,32.98
12/02/2025 12:47:38:167,Moved,572.50,323.75,0.00,1.09,33.03
12/02/2025 12:47:38:187,Moved,572.5,311.25,0.00,1.09,33.03
12/02/2025 12:47:38:187,Moved,572.50,311.25,0.00,1.09,33.21
12/02/2025 12:47:38:206,Moved,572.5,297.5,0.00,1.09,33.21
12/02/2025 12:47:38:206,Moved,572.50,297.50,0.00,1.09,33.36
12/02/2025 12:47:38:253,Moved,571.25,268.75,0.00,1.09,33.36
12/02/2025 12:47:38:253,Moved,571.25,268.75,0.00,1.09,33.94
12/02/2025 12:47:38:266,Moved,570,262.5,0.00,1.09,33.94
12/02/2025 12:47:38:266,Moved,570.00,262.50,0.00,1.09,33.99
12/02/2025 12:47:38:290,Moved,568.75,251.25,0.00,1.09,33.99
12/02/2025 12:47:38:290,Moved,568.75,251.25,0.00,1.09,34.14
12/02/2025 12:47:38:302,Moved,567.5,241.25,0.00,1.09,34.14
12/02/2025 12:47:38:302,Moved,567.50,241.25,0.00,1.09,34.22
12/02/2025 12:47:38:320,Moved,567.5,236.25,0.00,1.09,34.22
12/02/2025 12:47:38:320,Moved,567.50,236.25,0.00,1.09,34.27
12/02/2025 12:47:38:348,Moved,565,221.25,0.00,1.09,34.27
12/02/2025 12:47:38:348,Moved,565.00,221.25,0.00,1.09,34.53
12/02/2025 12:47:38:403,Moved,560,188.75,0.00,1.09,34.53
12/02/2025 12:47:38:403,Moved,560.00,188.75,0.00,1.09,35.18
12/02/2025 12:47:38:416,Moved,560,183.75,0.00,1.09,35.18
12/02/2025 12:47:38:416,Moved,560.00,183.75,0.00,1.09,35.22
12/02/2025 12:47:38:435,Moved,558.75,172.5,0.00,1.09,35.22
12/02/2025 12:47:38:435,Moved,558.75,172.50,0.00,1.09,35.34
12/02/2025 12:47:38:455,Moved,557.5,162.5,0.00,1.09,35.34
12/02/2025 12:47:38:455,Moved,557.50,162.50,0.00,1.09,35.47
12/02/2025 12:47:38:473,Moved,557.5,151.25,0.00,1.09,35.47
12/02/2025 12:47:38:473,Moved,557.50,151.25,0.00,1.09,35.59
12/02/2025 12:47:38:486,Moved,557.5,147.5,0.00,1.09,35.59
12/02/2025 12:47:38:486,Moved,557.50,147.50,0.00,1.09,35.62
12/02/2025 12:47:38:504,Moved,556.25,140,0.00,1.09,35.62
12/02/2025 12:47:38:504,Moved,556.25,140.00,0.00,1.09,35.70
12/02/2025 12:47:38:518,Moved,556.25,135,0.00,1.09,35.70
12/02/2025 12:47:38:518,Moved,556.25,135.00,0.00,1.09,35.74
12/02/2025 12:47:38:565,Moved,553.75,116.25,0.00,1.09,35.74
12/02/2025 12:47:38:565,Moved,553.75,116.25,0.00,1.09,36.11
12/02/2025 12:47:38:590,Moved,553.75,106.25,0.00,1.09,36.11
12/02/2025 12:47:38:590,Moved,553.75,106.25,0.00,1.09,36.26
12/02/2025 12:47:38:612,Moved,553.75,101.25,0.00,1.09,36.26
12/02/2025 12:47:38:612,Moved,553.75,101.25,0.00,1.09,36.33
12/02/2025 12:47:38:627,Moved,553.75,99.99998,0.00,1.09,36.33
12/02/2025 12:47:38:627,Moved,553.75,100.00,0.00,1.09,36.34
12/02/2025 12:47:38:650,Moved,552.5,94.99998,0.00,1.09,36.34
12/02/2025 12:47:38:650,Moved,552.50,95.00,0.00,1.09,36.41
12/02/2025 12:47:38:674,Moved,552.5,88.74998,0.00,1.09,36.41
12/02/2025 12:47:38:674,Moved,552.50,88.75,0.00,1.09,36.50
12/02/2025 12:47:38:717,Moved,551.25,76.24998,0.00,1.09,36.50
12/02/2025 12:47:38:717,Moved,551.25,76.25,0.00,1.09,36.75
12/02/2025 12:47:38:729,Moved,550,72.49998,0.00,1.09,36.75
12/02/2025 12:47:38:729,Moved,550.00,72.50,0.00,1.09,36.77
12/02/2025 12:47:38:745,Moved,550,69.99998,0.00,1.09,36.77
12/02/2025 12:47:38:745,Moved,550.00,70.00,0.00,1.09,36.80
12/02/2025 12:47:38:765,Moved,547.5,63.74998,0.00,1.09,36.80
12/02/2025 12:47:38:765,Moved,547.50,63.75,0.00,1.09,36.87
12/02/2025 12:47:38:781,Moved,547.5,57.49998,0.00,1.09,36.87
12/02/2025 12:47:38:781,Moved,547.50,57.50,0.00,1.09,36.93
12/02/2025 12:47:38:809,Moved,546.25,51.24998,0.00,1.09,36.93
12/02/2025 12:47:38:809,Moved,546.25,51.25,0.00,1.09,37.04
12/02/2025 12:47:38:834,Moved,545,46.24998,0.00,1.09,37.04
12/02/2025 12:47:38:834,Moved,545.00,46.25,0.00,1.09,37.10
12/02/2025 12:47:38:877,Moved,543.75,36.24998,0.00,1.09,37.10
12/02/2025 12:47:38:877,Moved,543.75,36.25,0.00,1.09,37.30
12/02/2025 12:47:38:902,Moved,543.75,32.49998,0.00,1.09,37.30
12/02/2025 12:47:38:902,Moved,543.75,32.50,0.00,1.09,37.36
12/02/2025 12:47:38:915,Moved,543.75,31.24998,0.00,1.09,37.36
12/02/2025 12:47:38:915,Moved,543.75,31.25,0.00,1.09,37.37
12/02/2025 12:47:38:935,Moved,542.5,28.74998,0.00,1.09,37.37
12/02/2025 12:47:38:935,Moved,542.50,28.75,0.00,1.09,37.40
12/02/2025 12:47:38:954,Moved,542.5,24.99998,0.00,1.09,37.40
12/02/2025 12:47:38:954,Moved,542.50,25.00,0.00,1.09,37.44
12/02/2025 12:47:38:969,Moved,542.5,21.24998,0.00,1.09,37.44
12/02/2025 12:47:38:969,Moved,542.50,21.25,0.00,1.09,37.47
12/02/2025 12:47:38:981,Stationary,542.5,21.24998,0.00,1.09,37.47
12/02/2025 12:47:39:017,Ended,542.5,17.49998,0.00,1.09,37.47
12/02/2025 12:47:39:017,Ended,542.50,17.50,0.00,1.09,37.47
12/02/2025 12:47:39:645,Began,557.5,491.25,0.00,1.09,39.25
12/02/2025 12:47:39:645,Began,557.50,491.25,0.00,1.09,39.25
12/02/2025 12:47:39:711,Moved,552.5,448.75,0.00,1.09,39.25
12/02/2025 12:47:39:711,Moved,552.50,448.75,0.00,1.09,40.10
12/02/2025 12:47:39:726,Moved,552.5,441.25,0.00,1.09,40.10
12/02/2025 12:47:39:726,Moved,552.50,441.25,0.00,1.09,40.16
12/02/2025 12:47:39:756,Moved,550,415,0.00,1.09,40.16
12/02/2025 12:47:39:756,Moved,550.00,415.00,0.00,1.09,40.67
12/02/2025 12:47:39:779,Moved,547.5,396.25,0.00,1.09,40.67
12/02/2025 12:47:39:779,Moved,547.50,396.25,0.00,1.09,40.89
12/02/2025 12:47:39:792,Moved,547.5,387.5,0.00,1.09,40.89
12/02/2025 12:47:39:792,Moved,547.50,387.50,0.00,1.09,40.97
12/02/2025 12:47:39:814,Moved,543.75,360,0.00,1.09,40.97
12/02/2025 12:47:39:814,Moved,543.75,360.00,0.00,1.09,41.32
12/02/2025 12:47:39:857,Moved,537.5,325,0.00,1.09,41.32
12/02/2025 12:47:39:857,Moved,537.50,325.00,0.00,1.09,42.02
12/02/2025 12:47:39:880,Moved,532.5,298.75,0.00,1.09,42.02
12/02/2025 12:47:39:880,Moved,532.50,298.75,0.00,1.09,42.37
12/02/2025 12:47:39:903,Moved,527.5,282.5,0.00,1.09,42.37
12/02/2025 12:47:39:903,Moved,527.50,282.50,0.00,1.09,42.60
12/02/2025 12:47:39:913,Moved,526.25,275,0.00,1.09,42.60
12/02/2025 12:47:39:913,Moved,526.25,275.00,0.00,1.09,42.65
12/02/2025 12:47:39:926,Moved,523.75,266.25,0.00,1.09,42.65
12/02/2025 12:47:39:926,Moved,523.75,266.25,0.00,1.09,42.71
12/02/2025 12:47:39:941,Moved,520,248.75,0.00,1.09,42.71
12/02/2025 12:47:39:941,Moved,520.00,248.75,0.00,1.09,42.88
12/02/2025 12:47:39:969,Moved,515,225,0.00,1.09,42.88
12/02/2025 12:47:39:969,Moved,515.00,225.00,0.00,1.09,43.26
12/02/2025 12:47:39:999,Moved,511.25,203.75,0.00,1.09,43.26
12/02/2025 12:47:39:999,Moved,511.25,203.75,0.00,1.09,43.65
12/02/2025 12:47:40:006,Stationary,511.25,203.75,0.00,1.09,43.65
12/02/2025 12:47:40:027,Moved,507.5,190,0.00,1.09,43.65
12/02/2025 12:47:40:027,Moved,507.50,190.00,0.00,1.09,43.80
12/02/2025 12:47:40:052,Moved,502.5,167.5,0.00,1.09,43.80
12/02/2025 12:47:40:052,Moved,502.50,167.50,0.00,1.09,44.17
12/02/2025 12:47:40:065,Moved,502.5,161.25,0.00,1.09,44.17
12/02/2025 12:47:40:065,Moved,502.50,161.25,0.00,1.09,44.22
12/02/2025 12:47:40:085,Moved,500,148.75,0.00,1.09,44.22
12/02/2025 12:47:40:085,Moved,500.00,148.75,0.00,1.09,44.37
12/02/2025 12:47:40:104,Moved,497.5,138.75,0.00,1.09,44.37
12/02/2025 12:47:40:104,Moved,497.50,138.75,0.00,1.09,44.48
12/02/2025 12:47:40:125,Moved,496.25,128.75,0.00,1.09,44.48
12/02/2025 12:47:40:125,Moved,496.25,128.75,0.00,1.09,44.61
12/02/2025 12:47:40:159,Moved,492.5,111.25,0.00,1.09,44.61
12/02/2025 12:47:40:159,Moved,492.50,111.25,0.00,1.09,44.96
12/02/2025 12:47:40:170,Moved,492.5,106.25,0.00,1.09,44.96
12/02/2025 12:47:40:170,Moved,492.50,106.25,0.00,1.09,44.99
12/02/2025 12:47:40:192,Moved,492.5,98.74998,0.00,1.09,44.99
12/02/2025 12:47:40:192,Moved,492.50,98.75,0.00,1.09,45.10
12/02/2025 12:47:40:212,Moved,491.25,91.24998,0.00,1.09,45.10
12/02/2025 12:47:40:212,Moved,491.25,91.25,0.00,1.09,45.19
12/02/2025 12:47:40:222,Moved,491.25,87.49998,0.00,1.09,45.19
12/02/2025 12:47:40:222,Moved,491.25,87.50,0.00,1.09,45.21
12/02/2025 12:47:40:243,Moved,491.25,79.99998,0.00,1.09,45.21
12/02/2025 12:47:40:243,Moved,491.25,80.00,0.00,1.09,45.30
12/02/2025 12:47:40:253,Moved,491.25,76.24998,0.00,1.09,45.30
12/02/2025 12:47:40:253,Moved,491.25,76.25,0.00,1.09,45.33
12/02/2025 12:47:40:281,Moved,491.25,64.99998,0.00,1.09,45.33
12/02/2025 12:47:40:281,Moved,491.25,65.00,0.00,1.09,45.52
12/02/2025 12:47:40:310,Moved,491.25,56.24998,0.00,1.09,45.52
12/02/2025 12:47:40:310,Moved,491.25,56.25,0.00,1.09,45.66
12/02/2025 12:47:40:322,Moved,491.25,52.49998,0.00,1.09,45.66
12/02/2025 12:47:40:322,Moved,491.25,52.50,0.00,1.09,45.68
12/02/2025 12:47:40:340,Moved,492.5,46.24998,0.00,1.09,45.68
12/02/2025 12:47:40:340,Moved,492.50,46.25,0.00,1.09,45.76
12/02/2025 12:47:40:350,Moved,492.5,42.49998,0.00,1.09,45.76
12/02/2025 12:47:40:350,Moved,492.50,42.50,0.00,1.09,45.78
12/02/2025 12:47:40:369,Moved,492.5,36.24998,0.00,1.09,45.78
12/02/2025 12:47:40:369,Moved,492.50,36.25,0.00,1.09,45.85
12/02/2025 12:47:40:381,Moved,492.5,33.74998,0.00,1.09,45.85
12/02/2025 12:47:40:381,Moved,492.50,33.75,0.00,1.09,45.87
12/02/2025 12:47:40:407,Moved,493.75,26.24998,0.00,1.09,45.87
12/02/2025 12:47:40:407,Moved,493.75,26.25,0.00,1.09,45.99
12/02/2025 12:47:40:417,Moved,493.75,24.99998,0.00,1.09,45.99
12/02/2025 12:47:40:417,Moved,493.75,25.00,0.00,1.09,46.00
12/02/2025 12:47:40:430,Moved,493.75,21.24998,0.00,1.09,46.00
12/02/2025 12:47:40:430,Moved,493.75,21.25,0.00,1.09,46.03
12/02/2025 12:47:40:465,Moved,493.75,14.99999,0.00,1.09,46.03
12/02/2025 12:47:40:465,Moved,493.75,15.00,0.00,1.09,46.15
12/02/2025 12:47:40:472,Stationary,493.75,14.99999,0.00,1.09,46.15
12/02/2025 12:47:40:498,Moved,493.75,11.24999,0.00,1.09,46.15
12/02/2025 12:47:40:498,Moved,493.75,11.25,0.00,1.09,46.21
12/02/2025 12:47:40:520,Moved,493.75,8.749986,0.00,1.09,46.21
12/02/2025 12:47:40:520,Moved,493.75,8.75,0.00,1.09,46.24
12/02/2025 12:47:40:531,Moved,493.75,7.499986,0.00,1.09,46.24
12/02/2025 12:47:40:531,Moved,493.75,7.50,0.00,1.09,46.25
12/02/2025 12:47:40:552,Moved,493.75,6.249986,0.00,1.09,46.25
12/02/2025 12:47:40:552,Moved,493.75,6.25,0.00,1.09,46.27
12/02/2025 12:47:40:563,Moved,493.75,4.999986,0.00,1.09,46.27
12/02/2025 12:47:40:563,Moved,493.75,5.00,0.00,1.09,46.27
12/02/2025 12:47:40:587,Moved,493.75,1.249986,0.00,1.09,46.27
12/02/2025 12:47:40:587,Moved,493.75,1.25,0.00,1.09,46.33
12/02/2025 12:47:40:596,Stationary,493.75,1.249986,0.00,1.09,46.33
12/02/2025 12:47:40:635,Ended,493.75,1.249986,0.00,1.09,46.33
12/02/2025 12:47:40:635,Ended,493.75,1.25,0.00,1.09,46.33
12/02/2025 12:47:41:469,Began,562.5,240,0.00,1.09,48.18
12/02/2025 12:47:41:469,Began,562.50,240.00,0.00,1.09,48.18
12/02/2025 12:47:41:491,Moved,562.5,228.75,0.00,1.09,48.18
12/02/2025 12:47:41:491,Moved,562.50,228.75,0.00,1.09,48.33
12/02/2025 12:47:41:525,Moved,562.5,201.25,0.00,1.09,48.33
12/02/2025 12:47:41:525,Moved,562.50,201.25,0.00,1.09,48.88
12/02/2025 12:47:41:579,Moved,562.5,126.25,0.00,1.09,48.88
12/02/2025 12:47:41:579,Moved,562.50,126.25,0.00,1.09,50.38
12/02/2025 12:47:41:589,Moved,562.5,113.75,0.00,1.09,50.38
12/02/2025 12:47:41:589,Moved,562.50,113.75,0.00,1.09,50.47
12/02/2025 12:47:41:614,Moved,563.75,86.24998,0.00,1.09,50.47
12/02/2025 12:47:41:614,Moved,563.75,86.25,0.00,1.09,50.85
12/02/2025 12:47:41:631,Ended,563.75,86.24998,0.00,1.09,50.85
12/02/2025 12:47:41:631,Ended,563.75,86.25,0.00,1.09,50.85
12/02/2025 12:47:43:455,Began,582.5,596.25,0.00,1.09,56.96
12/02/2025 12:47:43:455,Began,582.50,596.25,0.00,1.09,56.96
12/02/2025 12:47:43:481,Moved,582.5,596.25,0.00,1.09,56.96
12/02/2025 12:47:43:481,Moved,582.50,596.25,0.00,1.09,56.96
12/02/2025 12:47:43:496,Moved,582.5,591.25,0.00,1.09,56.96
12/02/2025 12:47:43:496,Moved,582.50,591.25,0.00,1.09,57.01
12/02/2025 12:47:43:513,Moved,582.5,587.5,0.00,1.09,57.01
12/02/2025 12:47:43:513,Moved,582.50,587.50,0.00,1.09,57.04
12/02/2025 12:47:43:538,Moved,581.25,581.25,0.00,1.09,57.04
12/02/2025 12:47:43:538,Moved,581.25,581.25,0.00,1.09,57.13
12/02/2025 12:47:43:588,Moved,576.25,561.25,0.00,1.09,57.13
12/02/2025 12:47:43:588,Moved,576.25,561.25,0.00,1.09,57.53
12/02/2025 12:47:43:612,Moved,572.5,545,0.00,1.09,57.53
12/02/2025 12:47:43:612,Moved,572.50,545.00,0.00,1.09,57.77
12/02/2025 12:47:43:628,Moved,570,537.5,0.00,1.09,57.77
12/02/2025 12:47:43:628,Moved,570.00,537.50,0.00,1.09,57.84
12/02/2025 12:47:43:642,Moved,568.75,531.25,0.00,1.09,57.84
12/02/2025 12:47:43:642,Moved,568.75,531.25,0.00,1.09,57.90
12/02/2025 12:47:43:662,Moved,566.25,516.25,0.00,1.09,57.90
12/02/2025 12:47:43:662,Moved,566.25,516.25,0.00,1.09,58.07
12/02/2025 12:47:43:676,Moved,563.75,501.25,0.00,1.09,58.07
12/02/2025 12:47:43:676,Moved,563.75,501.25,0.00,1.09,58.20
12/02/2025 12:47:43:714,Moved,560,470,0.00,1.09,58.20
12/02/2025 12:47:43:714,Moved,560.00,470.00,0.00,1.09,58.82
12/02/2025 12:47:43:729,Moved,560,461.25,0.00,1.09,58.82
12/02/2025 12:47:43:729,Moved,560.00,461.25,0.00,1.09,58.89
12/02/2025 12:47:43:748,Moved,557.5,445,0.00,1.09,58.89
12/02/2025 12:47:43:748,Moved,557.50,445.00,0.00,1.09,59.09
12/02/2025 12:47:43:764,Moved,555,427.5,0.00,1.09,59.09
12/02/2025 12:47:43:764,Moved,555.00,427.50,0.00,1.09,59.25
12/02/2025 12:47:43:778,Moved,553.75,418.75,0.00,1.09,59.25
12/02/2025 12:47:43:778,Moved,553.75,418.75,0.00,1.09,59.32
12/02/2025 12:47:43:795,Moved,551.25,403.75,0.00,1.09,59.32
12/02/2025 12:47:43:795,Moved,551.25,403.75,0.00,1.09,59.47
12/02/2025 12:47:43:817,Moved,548.75,390,0.00,1.09,59.47
12/02/2025 12:47:43:817,Moved,548.75,390.00,0.00,1.09,59.67
12/02/2025 12:47:43:834,Moved,546.25,376.25,0.00,1.09,59.67
12/02/2025 12:47:43:834,Moved,546.25,376.25,0.00,1.09,59.81
12/02/2025 12:47:43:847,Moved,545,371.25,0.00,1.09,59.81
12/02/2025 12:47:43:847,Moved,545.00,371.25,0.00,1.09,59.85
12/02/2025 12:47:43:891,Moved,541.25,338.75,0.00,1.09,59.85
12/02/2025 12:47:43:891,Moved,541.25,338.75,0.00,1.09,60.50
12/02/2025 12:47:43:915,Moved,540,332.5,0.00,1.09,60.50
12/02/2025 12:47:43:915,Moved,540.00,332.50,0.00,1.09,60.59
12/02/2025 12:47:43:943,Moved,537.5,311.25,0.00,1.09,60.59
12/02/2025 12:47:43:943,Moved,537.50,311.25,0.00,1.09,60.97
12/02/2025 12:47:43:959,Moved,537.5,306.25,0.00,1.09,60.97
12/02/2025 12:47:43:959,Moved,537.50,306.25,0.00,1.09,61.01
12/02/2025 12:47:43:976,Moved,536.25,296.25,0.00,1.09,61.01
12/02/2025 12:47:43:976,Moved,536.25,296.25,0.00,1.09,61.12
12/02/2025 12:47:43:998,Moved,533.75,286.25,0.00,1.09,61.12
12/02/2025 12:47:43:998,Moved,533.75,286.25,0.00,1.09,61.25
12/02/2025 12:47:44:051,Moved,528.75,253.75,0.00,1.09,61.25
12/02/2025 12:47:44:051,Moved,528.75,253.75,0.00,1.09,61.90
12/02/2025 12:47:44:076,Moved,527.5,243.75,0.00,1.09,61.90
12/02/2025 12:47:44:076,Moved,527.50,243.75,0.00,1.09,62.05
12/02/2025 12:47:44:092,Moved,527.5,233.75,0.00,1.09,62.05
12/02/2025 12:47:44:092,Moved,527.50,233.75,0.00,1.09,62.14
12/02/2025 12:47:44:105,Moved,527.5,228.75,0.00,1.09,62.14
12/02/2025 12:47:44:105,Moved,527.50,228.75,0.00,1.09,62.18
12/02/2025 12:47:44:126,Moved,526.25,218.75,0.00,1.09,62.18
12/02/2025 12:47:44:126,Moved,526.25,218.75,0.00,1.09,62.31
12/02/2025 12:47:44:147,Moved,525,208.75,0.00,1.09,62.31
12/02/2025 12:47:44:147,Moved,525.00,208.75,0.00,1.09,62.43
12/02/2025 12:47:44:160,Moved,525,198.75,0.00,1.09,62.43
12/02/2025 12:47:44:160,Moved,525.00,198.75,0.00,1.09,62.51
12/02/2025 12:47:44:201,Moved,526.25,177.5,0.00,1.09,62.51
12/02/2025 12:47:44:201,Moved,526.25,177.50,0.00,1.09,62.94
12/02/2025 12:47:44:227,Moved,526.25,166.25,0.00,1.09,62.94
12/02/2025 12:47:44:227,Moved,526.25,166.25,0.00,1.09,63.12
12/02/2025 12:47:44:256,Moved,525,158.75,0.00,1.09,63.12
12/02/2025 12:47:44:256,Moved,525.00,158.75,0.00,1.09,63.24
12/02/2025 12:47:44:266,Moved,526.25,155,0.00,1.09,63.24
12/02/2025 12:47:44:266,Moved,526.25,155.00,0.00,1.09,63.27
12/02/2025 12:47:44:286,Moved,527.5,142.5,0.00,1.09,63.27
12/02/2025 12:47:44:286,Moved,527.50,142.50,0.00,1.09,63.41
12/02/2025 12:47:44:300,Moved,530,127.5,0.00,1.09,63.41
12/02/2025 12:47:44:300,Moved,530.00,127.50,0.00,1.09,63.55
12/02/2025 12:47:44:314,Moved,531.25,121.25,0.00,1.09,63.55
12/02/2025 12:47:44:314,Moved,531.25,121.25,0.00,1.09,63.60
12/02/2025 12:47:44:358,Moved,535,106.25,0.00,1.09,63.60
12/02/2025 12:47:44:358,Moved,535.00,106.25,0.00,1.09,63.90
12/02/2025 12:47:44:369,Ended,535,106.25,0.00,1.09,63.90
12/02/2025 12:47:44:369,Ended,535.00,106.25,0.00,1.09,63.90
12/02/2025 12:47:44:585,Began,542.5,255,0.00,1.09,65.30
12/02/2025 12:47:44:585,Began,542.50,255.00,0.00,1.09,65.30
12/02/2025 12:47:44:599,Moved,542.5,255,0.00,1.09,65.30
12/02/2025 12:47:44:599,Moved,542.50,255.00,0.00,1.09,65.30
12/02/2025 12:47:44:625,Stationary,542.5,255,0.00,1.09,65.30
12/02/2025 12:47:44:688,Moved,543.75,251.25,0.00,1.09,65.30
12/02/2025 12:47:44:688,Moved,543.75,251.25,0.00,1.09,65.37
12/02/2025 12:47:44:706,Moved,543.75,248.75,0.00,1.09,65.37
12/02/2025 12:47:44:706,Moved,543.75,248.75,0.00,1.09,65.40
12/02/2025 12:47:44:733,Moved,545,247.5,0.00,1.09,65.40
12/02/2025 12:47:44:733,Moved,545.00,247.50,0.00,1.09,65.42
12/02/2025 12:47:44:746,Moved,545,246.25,0.00,1.09,65.42
12/02/2025 12:47:44:746,Moved,545.00,246.25,0.00,1.09,65.43
12/02/2025 12:47:44:761,Stationary,545,246.25,0.00,1.09,65.43
12/02/2025 12:47:44:779,Moved,545,245,0.00,1.09,65.43
12/02/2025 12:47:44:779,Moved,545.00,245.00,0.00,1.09,65.44
12/02/2025 12:47:44:829,Moved,545,241.25,0.00,1.09,65.44
12/02/2025 12:47:44:829,Moved,545.00,241.25,0.00,1.09,65.52
12/02/2025 12:47:44:854,Stationary,545,241.25,0.00,1.09,65.52
12/02/2025 12:47:44:871,Stationary,545,241.25,0.00,1.09,65.52
12/02/2025 12:47:44:887,Stationary,545,241.25,0.00,1.09,65.52
12/02/2025 12:47:44:902,Moved,545,240,0.00,1.09,65.52
12/02/2025 12:47:44:902,Moved,545.00,240.00,0.00,1.09,65.53
12/02/2025 12:47:44:924,Moved,545,238.75,0.00,1.09,65.53
12/02/2025 12:47:44:924,Moved,545.00,238.75,0.00,1.09,65.55
12/02/2025 12:47:44:940,Stationary,545,238.75,0.00,1.09,65.55
12/02/2025 12:47:44:986,Moved,545,236.25,0.00,1.09,65.55
12/02/2025 12:47:44:986,Moved,545.00,236.25,0.00,1.09,65.60
12/02/2025 12:47:45:006,Stationary,545,236.25,0.00,1.09,65.60
12/02/2025 12:47:45:024,Stationary,545,236.25,0.00,1.09,65.60
12/02/2025 12:47:45:057,Moved,545,235,0.00,1.09,65.60
12/02/2025 12:47:45:057,Moved,545.00,235.00,0.00,1.09,65.62
12/02/2025 12:47:45:073,Stationary,545,235,0.00,1.09,65.62
12/02/2025 12:47:45:095,Stationary,545,235,0.00,1.09,65.62
12/02/2025 12:47:45:140,Moved,545,233.75,0.00,1.09,65.62
12/02/2025 12:47:45:140,Moved,545.00,233.75,0.00,1.09,65.64
12/02/2025 12:47:45:156,Stationary,545,233.75,0.00,1.09,65.64
12/02/2025 12:47:45:177,Moved,545,232.5,0.00,1.09,65.64
12/02/2025 12:47:45:177,Moved,545.00,232.50,0.00,1.09,65.66
12/02/2025 12:47:45:199,Stationary,545,232.5,0.00,1.09,65.66
12/02/2025 12:47:45:218,Stationary,545,232.5,0.00,1.09,65.66
12/02/2025 12:47:45:234,Moved,545,231.25,0.00,1.09,65.66
12/02/2025 12:47:45:234,Moved,545.00,231.25,0.00,1.09,65.67
12/02/2025 12:47:45:255,Stationary,545,231.25,0.00,1.09,65.67
12/02/2025 12:47:45:313,Moved,546.25,215,0.00,1.09,65.67
12/02/2025 12:47:45:313,Moved,546.25,215.00,0.00,1.09,66.00
12/02/2025 12:47:45:340,Moved,546.25,201.25,0.00,1.09,66.00
12/02/2025 12:47:45:340,Moved,546.25,201.25,0.00,1.09,66.21
12/02/2025 12:47:45:354,Moved,546.25,188.75,0.00,1.09,66.21
12/02/2025 12:47:45:354,Moved,546.25,188.75,0.00,1.09,66.33
12/02/2025 12:47:45:376,Moved,547.5,176.25,0.00,1.09,66.33
12/02/2025 12:47:45:376,Moved,547.50,176.25,0.00,1.09,66.48
12/02/2025 12:47:45:392,Moved,547.5,166.25,0.00,1.09,66.48
12/02/2025 12:47:45:392,Moved,547.50,166.25,0.00,1.09,66.58
12/02/2025 12:47:45:406,Moved,547.5,160,0.00,1.09,66.58
12/02/2025 12:47:45:406,Moved,547.50,160.00,0.00,1.09,66.64
12/02/2025 12:47:45:455,Moved,547.5,127.5,0.00,1.09,66.64
12/02/2025 12:47:45:455,Moved,547.50,127.50,0.00,1.09,67.29
12/02/2025 12:47:45:480,Moved,547.5,110,0.00,1.09,67.29
12/02/2025 12:47:45:480,Moved,547.50,110.00,0.00,1.09,67.55
12/02/2025 12:47:45:491,Moved,547.5,105,0.00,1.09,67.55
12/02/2025 12:47:45:491,Moved,547.50,105.00,0.00,1.09,67.59
12/02/2025 12:47:45:508,Moved,547.5,98.74998,0.00,1.09,67.59
12/02/2025 12:47:45:508,Moved,547.50,98.75,0.00,1.09,67.65
12/02/2025 12:47:45:524,Moved,548.75,88.74998,0.00,1.09,67.65
12/02/2025 12:47:45:524,Moved,548.75,88.75,0.00,1.09,67.75
12/02/2025 12:47:45:544,Moved,548.75,77.49998,0.00,1.09,67.75
12/02/2025 12:47:45:544,Moved,548.75,77.50,0.00,1.09,67.87
12/02/2025 12:47:45:563,Moved,548.75,69.99998,0.00,1.09,67.87
12/02/2025 12:47:45:563,Moved,548.75,70.00,0.00,1.09,67.97
12/02/2025 12:47:45:603,Ended,548.75,62.49998,0.00,1.09,67.97
12/02/2025 12:47:45:603,Ended,548.75,62.50,0.00,1.09,67.97
12/02/2025 12:47:45:790,Began,557.5,216.25,0.00,1.09,68.38
12/02/2025 12:47:45:790,Began,557.50,216.25,0.00,1.09,68.38
12/02/2025 12:47:45:809,Moved,557.5,213.75,0.00,1.09,68.38
12/02/2025 12:47:45:809,Moved,557.50,213.75,0.00,1.09,68.41
12/02/2025 12:47:45:830,Moved,558.75,211.25,0.00,1.09,68.41
12/02/2025 12:47:45:830,Moved,558.75,211.25,0.00,1.09,68.44
12/02/2025 12:47:45:856,Moved,561.25,206.25,0.00,1.09,68.44
12/02/2025 12:47:45:856,Moved,561.25,206.25,0.00,1.09,68.51
12/02/2025 12:47:45:870,Moved,562.5,202.5,0.00,1.09,68.51
12/02/2025 12:47:45:870,Moved,562.50,202.50,0.00,1.09,68.54
12/02/2025 12:47:45:919,Moved,562.5,193.75,0.00,1.09,68.54
12/02/2025 12:47:45:919,Moved,562.50,193.75,0.00,1.09,68.72
12/02/2025 12:47:45:928,Moved,562.5,191.25,0.00,1.09,68.72
12/02/2025 12:47:45:928,Moved,562.50,191.25,0.00,1.09,68.73
12/02/2025 12:47:45:960,Moved,560,188.75,0.00,1.09,68.73
12/02/2025 12:47:45:960,Moved,560.00,188.75,0.00,1.09,68.78
12/02/2025 12:47:45:971,Moved,558.75,186.25,0.00,1.09,68.78
12/02/2025 12:47:45:971,Moved,558.75,186.25,0.00,1.09,68.80
12/02/2025 12:47:45:991,Moved,557.5,185,0.00,1.09,68.80
12/02/2025 12:47:45:991,Moved,557.50,185.00,0.00,1.09,68.81
12/02/2025 12:47:46:010,Moved,556.25,182.5,0.00,1.09,68.81
12/02/2025 12:47:46:010,Moved,556.25,182.50,0.00,1.09,68.84
12/02/2025 12:47:46:025,Moved,556.25,181.25,0.00,1.09,68.84
12/02/2025 12:47:46:025,Moved,556.25,181.25,0.00,1.09,68.85
12/02/2025 12:47:46:061,Moved,553.75,176.25,0.00,1.09,68.85
12/02/2025 12:47:46:061,Moved,553.75,176.25,0.00,1.09,68.95
12/02/2025 12:47:46:081,Moved,552.5,173.75,0.00,1.09,68.95
12/02/2025 12:47:46:081,Moved,552.50,173.75,0.00,1.09,68.98
12/02/2025 12:47:46:107,Moved,552.5,168.75,0.00,1.09,68.98
12/02/2025 12:47:46:107,Moved,552.50,168.75,0.00,1.09,69.06
12/02/2025 12:47:46:124,Moved,552.5,166.25,0.00,1.09,69.06
12/02/2025 12:47:46:124,Moved,552.50,166.25,0.00,1.09,69.09
12/02/2025 12:47:46:144,Moved,551.25,161.25,0.00,1.09,69.09
12/02/2025 12:47:46:144,Moved,551.25,161.25,0.00,1.09,69.15
12/02/2025 12:47:46:161,Moved,551.25,151.25,0.00,1.09,69.15
12/02/2025 12:47:46:161,Moved,551.25,151.25,0.00,1.09,69.25
12/02/2025 12:47:46:180,Moved,552.5,141.25,0.00,1.09,69.25
12/02/2025 12:47:46:180,Moved,552.50,141.25,0.00,1.09,69.36
12/02/2025 12:47:46:224,Moved,552.5,112.5,0.00,1.09,69.36
12/02/2025 12:47:46:224,Moved,552.50,112.50,0.00,1.09,69.94
12/02/2025 12:47:46:243,Moved,552.5,106.25,0.00,1.09,69.94
12/02/2025 12:47:46:243,Moved,552.50,106.25,0.00,1.09,70.00
12/02/2025 12:47:46:260,Moved,552.5,94.99998,0.00,1.09,70.00
12/02/2025 12:47:46:260,Moved,552.50,95.00,0.00,1.09,70.12
12/02/2025 12:47:46:276,Moved,553.75,82.49998,0.00,1.09,70.12
12/02/2025 12:47:46:276,Moved,553.75,82.50,0.00,1.09,70.25
12/02/2025 12:47:46:293,Moved,553.75,77.49998,0.00,1.09,70.25
12/02/2025 12:47:46:293,Moved,553.75,77.50,0.00,1.09,70.30
12/02/2025 12:47:46:319,Moved,556.25,64.99998,0.00,1.09,70.30
12/02/2025 12:47:46:319,Moved,556.25,65.00,0.00,1.09,70.50
12/02/2025 12:47:46:339,Moved,556.25,58.74998,0.00,1.09,70.50
12/02/2025 12:47:46:339,Moved,556.25,58.75,0.00,1.09,70.58
12/02/2025 12:47:46:373,Moved,557.5,46.24998,0.00,1.09,70.58
12/02/2025 12:47:46:373,Moved,557.50,46.25,0.00,1.09,70.83
12/02/2025 12:47:46:397,Moved,558.75,36.24998,0.00,1.09,70.83
12/02/2025 12:47:46:397,Moved,558.75,36.25,0.00,1.09,70.97
12/02/2025 12:47:46:415,Ended,558.75,36.24998,0.00,1.09,70.97
12/02/2025 12:47:46:415,Ended,558.75,36.25,0.00,1.09,70.97
12/02/2025 12:47:46:805,Began,548.75,336.25,0.00,1.09,71.66
12/02/2025 12:47:46:805,Began,548.75,336.25,0.00,1.09,71.66
12/02/2025 12:47:46:850,Moved,547.5,300,0.00,1.09,71.66
12/02/2025 12:47:46:850,Moved,547.50,300.00,0.00,1.09,72.39
12/02/2025 12:47:46:879,Moved,547.5,275,0.00,1.09,72.39
12/02/2025 12:47:46:879,Moved,547.50,275.00,0.00,1.09,72.82
12/02/2025 12:47:46:886,Stationary,547.5,275,0.00,1.09,72.82
12/02/2025 12:47:46:910,Moved,547.5,260,0.00,1.09,72.82
12/02/2025 12:47:46:910,Moved,547.50,260.00,0.00,1.09,73.02
12/02/2025 12:47:46:940,Moved,547.5,235,0.00,1.09,73.02
12/02/2025 12:47:46:940,Moved,547.50,235.00,0.00,1.09,73.50
12/02/2025 12:47:46:954,Moved,548.75,227.5,0.00,1.09,73.50
12/02/2025 12:47:46:954,Moved,548.75,227.50,0.00,1.09,73.56
12/02/2025 12:47:46:971,Moved,548.75,216.25,0.00,1.09,73.56
12/02/2025 12:47:46:971,Moved,548.75,216.25,0.00,1.09,73.68
12/02/2025 12:47:47:005,Moved,548.75,196.25,0.00,1.09,73.68
12/02/2025 12:47:47:005,Moved,548.75,196.25,0.00,1.09,74.08
12/02/2025 12:47:47:023,Moved,550,182.5,0.00,1.09,74.08
12/02/2025 12:47:47:023,Moved,550.00,182.50,0.00,1.09,74.23
12/02/2025 12:47:47:035,Moved,550,176.25,0.00,1.09,74.23
12/02/2025 12:47:47:035,Moved,550.00,176.25,0.00,1.09,74.27
12/02/2025 12:47:47:057,Moved,551.25,165,0.00,1.09,74.27
12/02/2025 12:47:47:057,Moved,551.25,165.00,0.00,1.09,74.42
12/02/2025 12:47:47:076,Moved,552.5,152.5,0.00,1.09,74.42
12/02/2025 12:47:47:076,Moved,552.50,152.50,0.00,1.09,74.56
12/02/2025 12:47:47:091,Moved,552.5,141.25,0.00,1.09,74.56
12/02/2025 12:47:47:091,Moved,552.50,141.25,0.00,1.09,74.66
12/02/2025 12:47:47:105,Moved,552.5,133.75,0.00,1.09,74.66
12/02/2025 12:47:47:105,Moved,552.50,133.75,0.00,1.09,74.72
12/02/2025 12:47:47:154,Moved,555,108.75,0.00,1.09,74.72
12/02/2025 12:47:47:154,Moved,555.00,108.75,0.00,1.09,75.22
12/02/2025 12:47:47:161,Moved,555,105,0.00,1.09,75.22
12/02/2025 12:47:47:161,Moved,555.00,105.00,0.00,1.09,75.24
12/02/2025 12:47:47:173,Moved,556.25,101.25,0.00,1.09,75.24
12/02/2025 12:47:47:173,Moved,556.25,101.25,0.00,1.09,75.26
12/02/2025 12:47:47:200,Moved,556.25,94.99998,0.00,1.09,75.26
12/02/2025 12:47:47:200,Moved,556.25,95.00,0.00,1.09,75.36
12/02/2025 12:47:47:210,Moved,556.25,93.74998,0.00,1.09,75.36
12/02/2025 12:47:47:210,Moved,556.25,93.75,0.00,1.09,75.37
12/02/2025 12:47:47:224,Moved,556.25,91.24998,0.00,1.09,75.37
12/02/2025 12:47:47:224,Moved,556.25,91.25,0.00,1.09,75.39
12/02/2025 12:47:47:249,Moved,557.5,86.24998,0.00,1.09,75.39
12/02/2025 12:47:47:249,Moved,557.50,86.25,0.00,1.09,75.46
12/02/2025 12:47:47:261,Moved,558.75,84.99998,0.00,1.09,75.46
12/02/2025 12:47:47:261,Moved,558.75,85.00,0.00,1.09,75.47
12/02/2025 12:47:47:277,Moved,560,82.49998,0.00,1.09,75.47
12/02/2025 12:47:47:277,Moved,560.00,82.50,0.00,1.09,75.50
12/02/2025 12:47:47:307,Ended,560,82.49998,0.00,1.09,75.50
12/02/2025 12:47:47:307,Ended,560.00,82.50,0.00,1.09,75.50
12/02/2025 12:47:47:476,Began,552.5,291.25,0.00,1.09,76.31
12/02/2025 12:47:47:476,Began,552.50,291.25,0.00,1.09,76.31
12/02/2025 12:47:47:487,Moved,552.5,291.25,0.00,1.09,76.31
12/02/2025 12:47:47:487,Moved,552.50,291.25,0.00,1.09,76.31
12/02/2025 12:47:47:501,Stationary,552.5,291.25,0.00,1.09,76.31
12/02/2025 12:47:47:529,Stationary,552.5,291.25,0.00,1.09,76.31
12/02/2025 12:47:47:544,Stationary,552.5,291.25,0.00,1.09,76.31
12/02/2025 12:47:47:561,Stationary,552.5,291.25,0.00,1.09,76.31
12/02/2025 12:47:47:574,Stationary,552.5,291.25,0.00,1.09,76.31
12/02/2025 12:47:47:606,Stationary,552.5,291.25,0.00,1.09,76.31
12/02/2025 12:47:47:614,Stationary,552.5,291.25,0.00,1.09,76.31
12/02/2025 12:47:47:630,Stationary,552.5,291.25,0.00,1.09,76.31
12/02/2025 12:47:47:644,Stationary,552.5,291.25,0.00,1.09,76.31
12/02/2025 12:47:47:665,Moved,552.5,290,0.00,1.09,76.31
12/02/2025 12:47:47:665,Moved,552.50,290.00,0.00,1.09,76.32
12/02/2025 12:47:47:691,Stationary,552.5,290,0.00,1.09,76.32
12/02/2025 12:47:47:709,Moved,552.5,288.75,0.00,1.09,76.32
12/02/2025 12:47:47:709,Moved,552.50,288.75,0.00,1.09,76.34
12/02/2025 12:47:47:727,Moved,551.25,283.75,0.00,1.09,76.34
12/02/2025 12:47:47:727,Moved,551.25,283.75,0.00,1.09,76.39
12/02/2025 12:47:47:739,Moved,550,277.5,0.00,1.09,76.39
12/02/2025 12:47:47:739,Moved,550.00,277.50,0.00,1.09,76.44
12/02/2025 12:47:47:780,Moved,547.5,240,0.00,1.09,76.44
12/02/2025 12:47:47:780,Moved,547.50,240.00,0.00,1.09,77.19
12/02/2025 12:47:47:803,Moved,551.25,216.25,0.00,1.09,77.19
12/02/2025 12:47:47:803,Moved,551.25,216.25,0.00,1.09,77.52
12/02/2025 12:47:47:816,Moved,555,190,0.00,1.09,77.52
12/02/2025 12:47:47:816,Moved,555.00,190.00,0.00,1.09,77.71
12/02/2025 12:47:47:839,Moved,561.25,160,0.00,1.09,77.71
12/02/2025 12:47:47:839,Moved,561.25,160.00,0.00,1.09,78.11
12/02/2025 12:47:47:848,Moved,563.75,145,0.00,1.09,78.11
12/02/2025 12:47:47:848,Moved,563.75,145.00,0.00,1.09,78.19
12/02/2025 12:47:47:869,Moved,567.5,118.75,0.00,1.09,78.19
12/02/2025 12:47:47:869,Moved,567.50,118.75,0.00,1.09,78.53
12/02/2025 12:47:47:891,Moved,568.75,98.74998,0.00,1.09,78.53
12/02/2025 12:47:47:891,Moved,568.75,98.75,0.00,1.09,78.80
12/02/2025 12:47:47:922,Moved,568.75,69.99998,0.00,1.09,78.80
12/02/2025 12:47:47:922,Moved,568.75,70.00,0.00,1.09,79.35
12/02/2025 12:47:47:927,Stationary,568.75,69.99998,0.00,1.09,79.35
12/02/2025 12:47:47:957,Ended,568.75,69.99998,0.00,1.09,79.35
12/02/2025 12:47:47:957,Ended,568.75,70.00,0.00,1.09,79.35
12/02/2025 12:47:48:354,Began,573.75,466.25,0.00,1.09,80.56
12/02/2025 12:47:48:354,Began,573.75,466.25,0.00,1.09,80.56
12/02/2025 12:47:48:393,Moved,563.75,406.25,0.00,1.09,80.56
12/02/2025 12:47:48:393,Moved,563.75,406.25,0.00,1.09,81.76
12/02/2025 12:47:48:422,Moved,562.5,351.25,0.00,1.09,81.76
12/02/2025 12:47:48:422,Moved,562.50,351.25,0.00,1.09,82.69
12/02/2025 12:47:48:430,Moved,562.5,330,0.00,1.09,82.69
12/02/2025 12:47:48:430,Moved,562.50,330.00,0.00,1.09,82.79
12/02/2025 12:47:48:447,Moved,562.5,306.25,0.00,1.09,82.79
12/02/2025 12:47:48:447,Moved,562.50,306.25,0.00,1.09,83.03
12/02/2025 12:47:48:472,Moved,567.5,238.75,0.00,1.09,83.03
12/02/2025 12:47:48:472,Moved,567.50,238.75,0.00,1.09,84.10
12/02/2025 12:47:48:483,Moved,568.75,217.5,0.00,1.09,84.10
12/02/2025 12:47:48:483,Moved,568.75,217.50,0.00,1.09,84.22
12/02/2025 12:47:48:503,Moved,568.75,176.25,0.00,1.09,84.22
12/02/2025 12:47:48:503,Moved,568.75,176.25,0.00,1.09,84.78
12/02/2025 12:47:48:543,Moved,562.5,103.75,0.00,1.09,84.78
12/02/2025 12:47:48:543,Moved,562.50,103.75,0.00,1.09,86.23
12/02/2025 12:47:48:569,Moved,556.25,63.74998,0.00,1.09,86.23
12/02/2025 12:47:48:569,Moved,556.25,63.75,0.00,1.09,86.85
12/02/2025 12:47:48:574,Stationary,556.25,63.74998,0.00,1.09,86.85
12/02/2025 12:47:48:592,Moved,552.5,41.24998,0.00,1.09,86.85
12/02/2025 12:47:48:592,Moved,552.50,41.25,0.00,1.09,87.10
12/02/2025 12:47:48:615,Moved,551.25,24.99998,0.00,1.09,87.10
12/02/2025 12:47:48:615,Moved,551.25,25.00,0.00,1.09,87.29
12/02/2025 12:47:48:631,Moved,551.25,12.49999,0.00,1.09,87.29
12/02/2025 12:47:48:631,Moved,551.25,12.50,0.00,1.09,87.44
12/02/2025 12:47:48:648,Moved,548.75,4.999986,0.00,1.09,87.44
12/02/2025 12:47:48:648,Moved,548.75,5.00,0.00,1.09,87.51
12/02/2025 12:47:48:680,Ended,548.75,4.999986,0.00,1.09,87.51
12/02/2025 12:47:48:680,Ended,548.75,5.00,0.00,1.09,87.51
12/02/2025 12:48:10:181,Began,571.25,273.75,0.00,1.00,0.00
12/02/2025 12:48:10:181,Began,571.25,273.75,0.00,1.00,0.00
12/02/2025 12:48:10:240,Moved,570,183.75,0.00,1.00,0.00
12/02/2025 12:48:10:240,Moved,570.00,183.75,0.00,1.00,0.90
12/02/2025 12:48:10:269,Moved,572.5,152.5,0.00,1.00,0.90
12/02/2025 12:48:10:269,Moved,572.50,152.50,0.00,1.00,1.18
12/02/2025 12:48:10:299,Moved,576.25,123.75,0.00,1.00,1.18
12/02/2025 12:48:10:299,Moved,576.25,123.75,0.00,1.00,1.44
12/02/2025 12:48:10:316,Moved,577.5,106.25,0.00,1.00,1.44
12/02/2025 12:48:10:316,Moved,577.50,106.25,0.00,1.00,1.53
12/02/2025 12:48:10:330,Moved,580,97.49998,0.00,1.00,1.53
12/02/2025 12:48:10:330,Moved,580.00,97.50,0.00,1.00,1.56
12/02/2025 12:48:10:346,Moved,582.5,82.49998,0.00,1.00,1.56
12/02/2025 12:48:10:346,Moved,582.50,82.50,0.00,1.00,1.64
12/02/2025 12:48:10:362,Moved,582.5,76.24998,0.00,1.00,1.64
12/02/2025 12:48:10:362,Moved,582.50,76.25,0.00,1.00,1.67
12/02/2025 12:48:10:376,Moved,583.75,64.99998,0.00,1.00,1.67
12/02/2025 12:48:10:376,Moved,583.75,65.00,0.00,1.00,1.72
12/02/2025 12:48:10:392,Moved,583.75,59.99998,0.00,1.00,1.72
12/02/2025 12:48:10:392,Moved,583.75,60.00,0.00,1.00,1.74
12/02/2025 12:48:10:442,Ended,583.75,54.99998,0.00,1.00,1.74
12/02/2025 12:48:10:442,Ended,583.75,55.00,0.00,1.00,1.74
12/02/2025 12:48:11:192,Began,547.5,498.75,0.00,1.07,3.13
12/02/2025 12:48:11:192,Began,547.50,498.75,0.00,1.07,3.13
12/02/2025 12:48:11:206,Moved,547.5,491.25,0.00,1.07,3.13
12/02/2025 12:48:11:206,Moved,547.50,491.25,0.00,1.07,3.16
12/02/2025 12:48:11:240,Moved,547.5,447.5,0.00,1.07,3.16
12/02/2025 12:48:11:240,Moved,547.50,447.50,0.00,1.07,3.60
12/02/2025 12:48:11:272,Moved,547.5,422.5,0.00,1.07,3.60
12/02/2025 12:48:11:272,Moved,547.50,422.50,0.00,1.07,3.84
12/02/2025 12:48:11:294,Moved,547.5,386.25,0.00,1.07,3.84
12/02/2025 12:48:11:294,Moved,547.50,386.25,0.00,1.07,4.07
12/02/2025 12:48:11:311,Moved,547.5,365,0.00,1.07,4.07
12/02/2025 12:48:11:311,Moved,547.50,365.00,0.00,1.07,4.18
12/02/2025 12:48:11:365,Moved,547.5,316.25,0.00,1.07,4.18
12/02/2025 12:48:11:365,Moved,547.50,316.25,0.00,1.07,4.67
12/02/2025 12:48:11:382,Moved,547.5,300,0.00,1.07,4.67
12/02/2025 12:48:11:382,Moved,547.50,300.00,0.00,1.07,4.76
12/02/2025 12:48:11:399,Moved,547.5,283.75,0.00,1.07,4.76
12/02/2025 12:48:11:399,Moved,547.50,283.75,0.00,1.07,4.84
12/02/2025 12:48:11:416,Moved,547.5,277.5,0.00,1.07,4.84
12/02/2025 12:48:11:416,Moved,547.50,277.50,0.00,1.07,4.87
12/02/2025 12:48:11:433,Moved,547.5,265,0.00,1.07,4.87
12/02/2025 12:48:11:433,Moved,547.50,265.00,0.00,1.07,4.94
12/02/2025 12:48:11:453,Moved,547.5,251.25,0.00,1.07,4.94
12/02/2025 12:48:11:453,Moved,547.50,251.25,0.00,1.07,5.02
12/02/2025 12:48:11:470,Moved,546.25,240,0.00,1.07,5.02
12/02/2025 12:48:11:470,Moved,546.25,240.00,0.00,1.07,5.08
12/02/2025 12:48:11:516,Moved,542.5,210,0.00,1.07,5.08
12/02/2025 12:48:11:516,Moved,542.50,210.00,0.00,1.07,5.38
12/02/2025 12:48:11:538,Moved,542.5,200,0.00,1.07,5.38
12/02/2025 12:48:11:538,Moved,542.50,200.00,0.00,1.07,5.45
12/02/2025 12:48:11:554,Moved,541.25,195,0.00,1.07,5.45
12/02/2025 12:48:11:554,Moved,541.25,195.00,0.00,1.07,5.48
12/02/2025 12:48:11:579,Moved,540,181.25,0.00,1.07,5.48
12/02/2025 12:48:11:579,Moved,540.00,181.25,0.00,1.07,5.58
12/02/2025 12:48:11:595,Moved,538.75,176.25,0.00,1.07,5.58
12/02/2025 12:48:11:595,Moved,538.75,176.25,0.00,1.07,5.60
12/02/2025 12:48:11:612,Moved,537.5,166.25,0.00,1.07,5.60
12/02/2025 12:48:11:612,Moved,537.50,166.25,0.00,1.07,5.66
12/02/2025 12:48:11:630,Moved,537.5,158.75,0.00,1.07,5.66
12/02/2025 12:48:11:630,Moved,537.50,158.75,0.00,1.07,5.70
12/02/2025 12:48:11:677,Moved,536.25,137.5,0.00,1.07,5.70
12/02/2025 12:48:11:677,Moved,536.25,137.50,0.00,1.07,5.91
12/02/2025 12:48:11:690,Moved,535,132.5,0.00,1.07,5.91
12/02/2025 12:48:11:690,Moved,535.00,132.50,0.00,1.07,5.93
12/02/2025 12:48:11:713,Moved,535,123.75,0.00,1.07,5.93
12/02/2025 12:48:11:713,Moved,535.00,123.75,0.00,1.07,5.99
12/02/2025 12:48:11:732,Moved,533.75,116.25,0.00,1.07,5.99
12/02/2025 12:48:11:732,Moved,533.75,116.25,0.00,1.07,6.03
12/02/2025 12:48:11:759,Moved,532.5,106.25,0.00,1.07,6.03
12/02/2025 12:48:11:759,Moved,532.50,106.25,0.00,1.07,6.11
12/02/2025 12:48:11:787,Moved,532.5,98.74998,0.00,1.07,6.11
12/02/2025 12:48:11:787,Moved,532.50,98.75,0.00,1.07,6.17
12/02/2025 12:48:11:838,Moved,531.25,87.49998,0.00,1.07,6.17
12/02/2025 12:48:11:838,Moved,531.25,87.50,0.00,1.07,6.29
12/02/2025 12:48:11:858,Moved,531.25,83.74998,0.00,1.07,6.29
12/02/2025 12:48:11:858,Moved,531.25,83.75,0.00,1.07,6.31
12/02/2025 12:48:11:878,Moved,530,78.74998,0.00,1.07,6.31
12/02/2025 12:48:11:878,Moved,530.00,78.75,0.00,1.07,6.34
12/02/2025 12:48:11:897,Moved,530,72.49998,0.00,1.07,6.34
12/02/2025 12:48:11:897,Moved,530.00,72.50,0.00,1.07,6.38
12/02/2025 12:48:11:918,Moved,530,66.24998,0.00,1.07,6.38
12/02/2025 12:48:11:918,Moved,530.00,66.25,0.00,1.07,6.41
12/02/2025 12:48:11:938,Moved,530,61.24998,0.00,1.07,6.41
12/02/2025 12:48:11:938,Moved,530.00,61.25,0.00,1.07,6.44
12/02/2025 12:48:11:995,Moved,531.25,44.99998,0.00,1.07,6.44
12/02/2025 12:48:11:995,Moved,531.25,45.00,0.00,1.07,6.61
12/02/2025 12:48:12:016,Moved,531.25,37.49998,0.00,1.07,6.61
12/02/2025 12:48:12:016,Moved,531.25,37.50,0.00,1.07,6.65
12/02/2025 12:48:12:036,Moved,530,31.24998,0.00,1.07,6.65
12/02/2025 12:48:12:036,Moved,530.00,31.25,0.00,1.07,6.69
12/02/2025 12:48:12:057,Ended,528.75,27.49998,0.00,1.07,6.69
12/02/2025 12:48:12:057,Ended,528.75,27.50,0.00,1.07,6.69
12/02/2025 12:48:12:393,Began,527.5,271.25,0.00,1.08,7.52
12/02/2025 12:48:12:393,Began,527.50,271.25,0.00,1.08,7.52
12/02/2025 12:48:12:407,Moved,527.5,267.5,0.00,1.08,7.52
12/02/2025 12:48:12:407,Moved,527.50,267.50,0.00,1.08,7.54
12/02/2025 12:48:12:462,Moved,531.25,238.75,0.00,1.08,7.54
12/02/2025 12:48:12:462,Moved,531.25,238.75,0.00,1.08,7.83
12/02/2025 12:48:12:478,Moved,532.5,231.25,0.00,1.08,7.83
12/02/2025 12:48:12:478,Moved,532.50,231.25,0.00,1.08,7.86
12/02/2025 12:48:12:503,Moved,532.5,206.25,0.00,1.08,7.86
12/02/2025 12:48:12:503,Moved,532.50,206.25,0.00,1.08,8.05
12/02/2025 12:48:12:521,Moved,532.5,190,0.00,1.08,8.05
12/02/2025 12:48:12:521,Moved,532.50,190.00,0.00,1.08,8.14
12/02/2025 12:48:12:536,Moved,532.5,182.5,0.00,1.08,8.14
12/02/2025 12:48:12:536,Moved,532.50,182.50,0.00,1.08,8.17
12/02/2025 12:48:12:554,Moved,531.25,168.75,0.00,1.08,8.17
12/02/2025 12:48:12:554,Moved,531.25,168.75,0.00,1.08,8.24
12/02/2025 12:48:12:581,Moved,530,150,0.00,1.08,8.24
12/02/2025 12:48:12:581,Moved,530.00,150.00,0.00,1.08,8.40
12/02/2025 12:48:12:634,Moved,530,127.5,0.00,1.08,8.40
12/02/2025 12:48:12:634,Moved,530.00,127.50,0.00,1.08,8.62
12/02/2025 12:48:12:652,Moved,531.25,121.25,0.00,1.08,8.62
12/02/2025 12:48:12:652,Moved,531.25,121.25,0.00,1.08,8.66
12/02/2025 12:48:12:670,Moved,532.5,112.5,0.00,1.08,8.66
12/02/2025 12:48:12:670,Moved,532.50,112.50,0.00,1.08,8.71
12/02/2025 12:48:12:691,Moved,532.5,106.25,0.00,1.08,8.71
12/02/2025 12:48:12:691,Moved,532.50,106.25,0.00,1.08,8.74
12/02/2025 12:48:12:721,Moved,532.5,96.24998,0.00,1.08,8.74
12/02/2025 12:48:12:721,Moved,532.50,96.25,0.00,1.08,8.83
12/02/2025 12:48:12:733,Moved,532.5,94.99998,0.00,1.08,8.83
12/02/2025 12:48:12:733,Moved,532.50,95.00,0.00,1.08,8.84
12/02/2025 12:48:12:779,Moved,532.5,81.24998,0.00,1.08,8.84
12/02/2025 12:48:12:779,Moved,532.50,81.25,0.00,1.08,8.98
12/02/2025 12:48:12:803,Moved,532.5,74.99998,0.00,1.08,8.98
12/02/2025 12:48:12:803,Moved,532.50,75.00,0.00,1.08,9.02
12/02/2025 12:48:12:829,Moved,532.5,66.24998,0.00,1.08,9.02
12/02/2025 12:48:12:829,Moved,532.50,66.25,0.00,1.08,9.09
12/02/2025 12:48:12:842,Moved,532.5,62.49998,0.00,1.08,9.09
12/02/2025 12:48:12:842,Moved,532.50,62.50,0.00,1.08,9.10
12/02/2025 12:48:12:858,Moved,532.5,57.49998,0.00,1.08,9.10
12/02/2025 12:48:12:858,Moved,532.50,57.50,0.00,1.08,9.13
12/02/2025 12:48:12:878,Moved,532.5,51.24998,0.00,1.08,9.13
12/02/2025 12:48:12:878,Moved,532.50,51.25,0.00,1.08,9.16
12/02/2025 12:48:12:891,Moved,532.5,48.74998,0.00,1.08,9.16
12/02/2025 12:48:12:891,Moved,532.50,48.75,0.00,1.08,9.17
12/02/2025 12:48:12:939,Moved,532.5,33.74998,0.00,1.08,9.17
12/02/2025 12:48:12:939,Moved,532.50,33.75,0.00,1.08,9.32
12/02/2025 12:48:12:950,Moved,532.5,31.24998,0.00,1.08,9.32
12/02/2025 12:48:12:950,Moved,532.50,31.25,0.00,1.08,9.33
12/02/2025 12:48:12:972,Moved,532.5,24.99998,0.00,1.08,9.33
12/02/2025 12:48:12:972,Moved,532.50,25.00,0.00,1.08,9.37
12/02/2025 12:48:13:006,Moved,532.5,11.24999,0.00,1.08,9.37
12/02/2025 12:48:13:006,Moved,532.50,11.25,0.00,1.08,9.51
12/02/2025 12:48:13:017,Moved,531.25,7.499986,0.00,1.08,9.51
12/02/2025 12:48:13:017,Moved,531.25,7.50,0.00,1.08,9.52
12/02/2025 12:48:13:040,Moved,531.25,1.249986,0.00,1.08,9.52
12/02/2025 12:48:13:040,Moved,531.25,1.25,0.00,1.08,9.56
12/02/2025 12:48:13:061,Moved,531.25,-3.750014,0.00,1.08,9.56
12/02/2025 12:48:13:061,Moved,531.25,-3.75,0.00,1.08,9.60
12/02/2025 12:48:13:110,Ended,531.25,-11.25001,0.00,1.08,9.60
12/02/2025 12:48:13:110,Ended,531.25,-11.25,0.00,1.08,9.60
12/02/2025 12:48:13:574,Began,563.75,598.75,0.00,1.09,10.33
12/02/2025 12:48:13:574,Began,563.75,598.75,0.00,1.09,10.33
12/02/2025 12:48:13:598,Moved,563.75,596.25,0.00,1.09,10.33
12/02/2025 12:48:13:598,Moved,563.75,596.25,0.00,1.09,10.35
12/02/2025 12:48:13:637,Moved,563.75,566.25,0.00,1.09,10.35
12/02/2025 12:48:13:637,Moved,563.75,566.25,0.00,1.09,10.65
12/02/2025 12:48:13:672,Moved,567.5,526.25,0.00,1.09,10.65
12/02/2025 12:48:13:672,Moved,567.50,526.25,0.00,1.09,11.05
12/02/2025 12:48:13:721,Moved,567.5,482.5,0.00,1.09,11.05
12/02/2025 12:48:13:721,Moved,567.50,482.50,0.00,1.09,11.49
12/02/2025 12:48:13:737,Moved,567.5,473.75,0.00,1.09,11.49
12/02/2025 12:48:13:737,Moved,567.50,473.75,0.00,1.09,11.53
12/02/2025 12:48:13:754,Moved,567.5,457.5,0.00,1.09,11.53
12/02/2025 12:48:13:754,Moved,567.50,457.50,0.00,1.09,11.62
12/02/2025 12:48:13:775,Moved,567.5,441.25,0.00,1.09,11.62
12/02/2025 12:48:13:775,Moved,567.50,441.25,0.00,1.09,11.72
12/02/2025 12:48:13:793,Moved,567.5,426.25,0.00,1.09,11.72
12/02/2025 12:48:13:793,Moved,567.50,426.25,0.00,1.09,11.80
12/02/2025 12:48:13:808,Moved,567.5,417.5,0.00,1.09,11.80
12/02/2025 12:48:13:808,Moved,567.50,417.50,0.00,1.09,11.83
12/02/2025 12:48:13:823,Moved,567.5,402.5,0.00,1.09,11.83
12/02/2025 12:48:13:823,Moved,567.50,402.50,0.00,1.09,11.91
12/02/2025 12:48:13:866,Moved,567.5,372.5,0.00,1.09,11.91
12/02/2025 12:48:13:866,Moved,567.50,372.50,0.00,1.09,12.21
12/02/2025 12:48:13:890,Moved,567.5,348.75,0.00,1.09,12.21
12/02/2025 12:48:13:890,Moved,567.50,348.75,0.00,1.09,12.39
12/02/2025 12:48:13:916,Moved,567.5,332.5,0.00,1.09,12.39
12/02/2025 12:48:13:916,Moved,567.50,332.50,0.00,1.09,12.51
12/02/2025 12:48:13:937,Moved,567.5,317.5,0.00,1.09,12.51
12/02/2025 12:48:13:937,Moved,567.50,317.50,0.00,1.09,12.60
12/02/2025 12:48:13:957,Moved,567.5,302.5,0.00,1.09,12.60
12/02/2025 12:48:13:957,Moved,567.50,302.50,0.00,1.09,12.69
12/02/2025 12:48:13:973,Moved,567.5,287.5,0.00,1.09,12.69
12/02/2025 12:48:13:973,Moved,567.50,287.50,0.00,1.09,12.77
12/02/2025 12:48:13:993,Moved,567.5,272.5,0.00,1.09,12.77
12/02/2025 12:48:13:993,Moved,567.50,272.50,0.00,1.09,12.86
12/02/2025 12:48:14:040,Moved,567.5,237.5,0.00,1.09,12.86
12/02/2025 12:48:14:040,Moved,567.50,237.50,0.00,1.09,13.21
12/02/2025 12:48:14:052,Moved,566.25,231.25,0.00,1.09,13.21
12/02/2025 12:48:14:052,Moved,566.25,231.25,0.00,1.09,13.23
12/02/2025 12:48:14:075,Moved,566.25,217.5,0.00,1.09,13.23
12/02/2025 12:48:14:075,Moved,566.25,217.50,0.00,1.09,13.32
12/02/2025 12:48:14:100,Moved,565,197.5,0.00,1.09,13.32
12/02/2025 12:48:14:100,Moved,565.00,197.50,0.00,1.09,13.47
12/02/2025 12:48:14:127,Moved,563.75,185,0.00,1.09,13.47
12/02/2025 12:48:14:127,Moved,563.75,185.00,0.00,1.09,13.57
12/02/2025 12:48:14:163,Moved,562.5,160,0.00,1.09,13.57
12/02/2025 12:48:14:163,Moved,562.50,160.00,0.00,1.09,13.82
12/02/2025 12:48:14:207,Moved,561.25,131.25,0.00,1.09,13.82
12/02/2025 12:48:14:207,Moved,561.25,131.25,0.00,1.09,14.11
12/02/2025 12:48:14:220,Moved,561.25,126.25,0.00,1.09,14.11
12/02/2025 12:48:14:220,Moved,561.25,126.25,0.00,1.09,14.13
12/02/2025 12:48:14:241,Moved,561.25,116.25,0.00,1.09,14.13
12/02/2025 12:48:14:241,Moved,561.25,116.25,0.00,1.09,14.19
12/02/2025 12:48:14:256,Moved,561.25,106.25,0.00,1.09,14.19
12/02/2025 12:48:14:256,Moved,561.25,106.25,0.00,1.09,14.23
12/02/2025 12:48:14:270,Moved,561.25,101.25,0.00,1.09,14.23
12/02/2025 12:48:14:270,Moved,561.25,101.25,0.00,1.09,14.26
12/02/2025 12:48:14:290,Moved,561.25,93.74998,0.00,1.09,14.26
12/02/2025 12:48:14:290,Moved,561.25,93.75,0.00,1.09,14.30
12/02/2025 12:48:14:310,Moved,561.25,86.24998,0.00,1.09,14.30
12/02/2025 12:48:14:310,Moved,561.25,86.25,0.00,1.09,14.35
12/02/2025 12:48:14:366,Moved,560,66.24998,0.00,1.09,14.35
12/02/2025 12:48:14:366,Moved,560.00,66.25,0.00,1.09,14.55
12/02/2025 12:48:14:379,Moved,560,61.24998,0.00,1.09,14.55
12/02/2025 12:48:14:379,Moved,560.00,61.25,0.00,1.09,14.57
12/02/2025 12:48:14:397,Moved,558.75,54.99998,0.00,1.09,14.57
12/02/2025 12:48:14:397,Moved,558.75,55.00,0.00,1.09,14.61
12/02/2025 12:48:14:410,Moved,558.75,51.24998,0.00,1.09,14.61
12/02/2025 12:48:14:410,Moved,558.75,51.25,0.00,1.09,14.62
12/02/2025 12:48:14:430,Moved,557.5,44.99998,0.00,1.09,14.62
12/02/2025 12:48:14:430,Moved,557.50,45.00,0.00,1.09,14.66
12/02/2025 12:48:14:447,Moved,557.5,36.24998,0.00,1.09,14.66
12/02/2025 12:48:14:447,Moved,557.50,36.25,0.00,1.09,14.70
12/02/2025 12:48:14:460,Moved,556.25,32.49998,0.00,1.09,14.70
12/02/2025 12:48:14:460,Moved,556.25,32.50,0.00,1.09,14.72
12/02/2025 12:48:14:479,Moved,555,23.74998,0.00,1.09,14.72
12/02/2025 12:48:14:479,Moved,555.00,23.75,0.00,1.09,14.76
12/02/2025 12:48:14:517,Moved,552.5,8.749986,0.00,1.09,14.76
12/02/2025 12:48:14:517,Moved,552.50,8.75,0.00,1.09,14.91
12/02/2025 12:48:14:539,Moved,552.5,1.249986,0.00,1.09,14.91
12/02/2025 12:48:14:539,Moved,552.50,1.25,0.00,1.09,14.96
12/02/2025 12:48:14:552,Moved,551.25,-2.500014,0.00,1.09,14.96
12/02/2025 12:48:14:552,Moved,551.25,-2.50,0.00,1.09,14.98
12/02/2025 12:48:14:574,Moved,550,-10.00001,0.00,1.09,14.98
12/02/2025 12:48:14:574,Moved,550.00,-10.00,0.00,1.09,15.02
12/02/2025 12:48:14:590,Moved,548.75,-17.50002,0.00,1.09,15.02
12/02/2025 12:48:14:590,Moved,548.75,-17.50,0.00,1.09,15.06
12/02/2025 12:48:14:608,Moved,547.5,-25.00002,0.00,1.09,15.06
12/02/2025 12:48:14:608,Moved,547.50,-25.00,0.00,1.09,15.10
12/02/2025 12:48:14:630,Moved,546.25,-31.25002,0.00,1.09,15.10
12/02/2025 12:48:14:630,Moved,546.25,-31.25,0.00,1.09,15.14
12/02/2025 12:48:14:675,Ended,543.75,-33.75002,0.00,1.09,15.14
12/02/2025 12:48:14:675,Ended,543.75,-33.75,0.00,1.09,15.14
12/02/2025 12:48:15:165,Began,563.75,572.5,0.00,1.09,16.12
12/02/2025 12:48:15:165,Began,563.75,572.50,0.00,1.09,16.12
12/02/2025 12:48:15:180,Moved,565,571.25,0.00,1.09,16.12
12/02/2025 12:48:15:180,Moved,565.00,571.25,0.00,1.09,16.13
12/02/2025 12:48:15:207,Moved,567.5,563.75,0.00,1.09,16.13
12/02/2025 12:48:15:207,Moved,567.50,563.75,0.00,1.09,16.19
12/02/2025 12:48:15:239,Moved,571.25,538.75,0.00,1.09,16.19
12/02/2025 12:48:15:239,Moved,571.25,538.75,0.00,1.09,16.42
12/02/2025 12:48:15:267,Moved,572.5,522.5,0.00,1.09,16.42
12/02/2025 12:48:15:267,Moved,572.50,522.50,0.00,1.09,16.56
12/02/2025 12:48:15:314,Moved,572.5,476.25,0.00,1.09,16.56
12/02/2025 12:48:15:314,Moved,572.50,476.25,0.00,1.09,17.02
12/02/2025 12:48:15:333,Moved,571.25,455,0.00,1.09,17.02
12/02/2025 12:48:15:333,Moved,571.25,455.00,0.00,1.09,17.15
12/02/2025 12:48:15:353,Moved,570,433.75,0.00,1.09,17.15
12/02/2025 12:48:15:353,Moved,570.00,433.75,0.00,1.09,17.27
12/02/2025 12:48:15:380,Moved,570,402.5,0.00,1.09,17.27
12/02/2025 12:48:15:380,Moved,570.00,402.50,0.00,1.09,17.52
12/02/2025 12:48:15:398,Moved,570,392.5,0.00,1.09,17.52
12/02/2025 12:48:15:398,Moved,570.00,392.50,0.00,1.09,17.58
12/02/2025 12:48:15:417,Moved,570,371.25,0.00,1.09,17.58
12/02/2025 12:48:15:417,Moved,570.00,371.25,0.00,1.09,17.70
12/02/2025 12:48:15:464,Moved,570,315,0.00,1.09,17.70
12/02/2025 12:48:15:464,Moved,570.00,315.00,0.00,1.09,18.27
12/02/2025 12:48:15:493,Moved,570,283.75,0.00,1.09,18.27
12/02/2025 12:48:15:493,Moved,570.00,283.75,0.00,1.09,18.55
12/02/2025 12:48:15:523,Moved,570,253.75,0.00,1.09,18.55
12/02/2025 12:48:15:523,Moved,570.00,253.75,0.00,1.09,18.82
12/02/2025 12:48:15:536,Moved,570,245,0.00,1.09,18.82
12/02/2025 12:48:15:536,Moved,570.00,245.00,0.00,1.09,18.86
12/02/2025 12:48:15:561,Moved,568.75,218.75,0.00,1.09,18.86
12/02/2025 12:48:15:561,Moved,568.75,218.75,0.00,1.09,19.05
12/02/2025 12:48:15:587,Moved,567.5,196.25,0.00,1.09,19.05
12/02/2025 12:48:15:587,Moved,567.50,196.25,0.00,1.09,19.22
12/02/2025 12:48:15:634,Moved,565,168.75,0.00,1.09,19.22
12/02/2025 12:48:15:634,Moved,565.00,168.75,0.00,1.09,19.50
12/02/2025 12:48:15:653,Moved,562.5,156.25,0.00,1.09,19.50
12/02/2025 12:48:15:653,Moved,562.50,156.25,0.00,1.09,19.57
12/02/2025 12:48:15:672,Moved,562.5,142.5,0.00,1.09,19.57
12/02/2025 12:48:15:672,Moved,562.50,142.50,0.00,1.09,19.65
12/02/2025 12:48:15:691,Moved,562.5,130,0.00,1.09,19.65
12/02/2025 12:48:15:691,Moved,562.50,130.00,0.00,1.09,19.72
12/02/2025 12:48:15:704,Moved,562.5,123.75,0.00,1.09,19.72
12/02/2025 12:48:15:704,Moved,562.50,123.75,0.00,1.09,19.74
12/02/2025 12:48:15:718,Moved,562.5,111.25,0.00,1.09,19.74
12/02/2025 12:48:15:718,Moved,562.50,111.25,0.00,1.09,19.81
12/02/2025 12:48:15:739,Moved,562.5,97.49998,0.00,1.09,19.81
12/02/2025 12:48:15:739,Moved,562.50,97.50,0.00,1.09,19.89
12/02/2025 12:48:15:783,Moved,562.5,72.49998,0.00,1.09,19.89
12/02/2025 12:48:15:783,Moved,562.50,72.50,0.00,1.09,20.14
12/02/2025 12:48:15:809,Moved,562.5,58.74998,0.00,1.09,20.14
12/02/2025 12:48:15:809,Moved,562.50,58.75,0.00,1.09,20.24
12/02/2025 12:48:15:836,Moved,562.5,46.24998,0.00,1.09,20.24
12/02/2025 12:48:15:836,Moved,562.50,46.25,0.00,1.09,20.35
12/02/2025 12:48:15:847,Moved,562.5,42.49998,0.00,1.09,20.35
12/02/2025 12:48:15:847,Moved,562.50,42.50,0.00,1.09,20.36
12/02/2025 12:48:15:863,Moved,562.5,37.49998,0.00,1.09,20.36
12/02/2025 12:48:15:863,Moved,562.50,37.50,0.00,1.09,20.38
12/02/2025 12:48:15:882,Moved,562.5,29.99998,0.00,1.09,20.38
12/02/2025 12:48:15:882,Moved,562.50,30.00,0.00,1.09,20.43
12/02/2025 12:48:15:899,Moved,562.5,21.24998,0.00,1.09,20.43
12/02/2025 12:48:15:899,Moved,562.50,21.25,0.00,1.09,20.47
12/02/2025 12:48:15:939,Moved,562.5,6.249986,0.00,1.09,20.47
12/02/2025 12:48:15:939,Moved,562.50,6.25,0.00,1.09,20.62
12/02/2025 12:48:15:960,Moved,562.5,-1.430511E-05,0.00,1.09,20.62
12/02/2025 12:48:15:960,Moved,562.50,0.00,0.00,1.09,20.66
12/02/2025 12:48:15:978,Moved,561.25,-6.250014,0.00,1.09,20.66
12/02/2025 12:48:15:978,Moved,561.25,-6.25,0.00,1.09,20.70
12/02/2025 12:48:15:999,Ended,561.25,-6.250014,0.00,1.09,20.70
12/02/2025 12:48:15:999,Ended,561.25,-6.25,0.00,1.09,20.70
12/02/2025 12:48:16:483,Began,572.5,575,0.00,1.09,21.85
12/02/2025 12:48:16:483,Began,572.50,575.00,0.00,1.09,21.85
12/02/2025 12:48:16:501,Moved,573.75,567.5,0.00,1.09,21.85
12/02/2025 12:48:16:501,Moved,573.75,567.50,0.00,1.09,21.90
12/02/2025 12:48:16:537,Moved,580,543.75,0.00,1.09,21.90
12/02/2025 12:48:16:537,Moved,580.00,543.75,0.00,1.09,22.13
12/02/2025 12:48:16:586,Moved,587.5,493.75,0.00,1.09,22.13
12/02/2025 12:48:16:586,Moved,587.50,493.75,0.00,1.09,22.63
12/02/2025 12:48:16:610,Moved,587.5,458.75,0.00,1.09,22.63
12/02/2025 12:48:16:610,Moved,587.50,458.75,0.00,1.09,22.88
12/02/2025 12:48:16:624,Moved,587.5,446.25,0.00,1.09,22.88
12/02/2025 12:48:16:624,Moved,587.50,446.25,0.00,1.09,22.93
12/02/2025 12:48:16:650,Moved,587.5,405,0.00,1.09,22.93
12/02/2025 12:48:16:650,Moved,587.50,405.00,0.00,1.09,23.26
12/02/2025 12:48:16:676,Moved,586.25,376.25,0.00,1.09,23.26
12/02/2025 12:48:16:676,Moved,586.25,376.25,0.00,1.09,23.47
12/02/2025 12:48:16:693,Moved,585,348.75,0.00,1.09,23.47
12/02/2025 12:48:16:693,Moved,585.00,348.75,0.00,1.09,23.61
12/02/2025 12:48:16:736,Moved,583.75,296.25,0.00,1.09,23.61
12/02/2025 12:48:16:736,Moved,583.75,296.25,0.00,1.09,24.14
12/02/2025 12:48:16:752,Moved,583.75,271.25,0.00,1.09,24.14
12/02/2025 12:48:16:752,Moved,583.75,271.25,0.00,1.09,24.27
12/02/2025 12:48:16:763,Moved,583.75,258.75,0.00,1.09,24.27
12/02/2025 12:48:16:763,Moved,583.75,258.75,0.00,1.09,24.31
12/02/2025 12:48:16:791,Moved,582.5,223.75,0.00,1.09,24.31
12/02/2025 12:48:16:791,Moved,582.50,223.75,0.00,1.09,24.59
12/02/2025 12:48:16:805,Moved,582.5,212.5,0.00,1.09,24.59
12/02/2025 12:48:16:805,Moved,582.50,212.50,0.00,1.09,24.64
12/02/2025 12:48:16:823,Moved,581.25,191.25,0.00,1.09,24.64
12/02/2025 12:48:16:823,Moved,581.25,191.25,0.00,1.09,24.76
12/02/2025 12:48:16:849,Moved,577.5,161.25,0.00,1.09,24.76
12/02/2025 12:48:16:849,Moved,577.50,161.25,0.00,1.09,24.99
12/02/2025 12:48:16:892,Moved,573.75,121.25,0.00,1.09,24.99
12/02/2025 12:48:16:892,Moved,573.75,121.25,0.00,1.09,25.39
12/02/2025 12:48:16:912,Moved,572.5,103.75,0.00,1.09,25.39
12/02/2025 12:48:16:912,Moved,572.50,103.75,0.00,1.09,25.50
12/02/2025 12:48:16:932,Moved,570,86.24998,0.00,1.09,25.50
12/02/2025 12:48:16:932,Moved,570.00,86.25,0.00,1.09,25.60
12/02/2025 12:48:16:947,Moved,567.5,76.24998,0.00,1.09,25.60
12/02/2025 12:48:16:947,Moved,567.50,76.25,0.00,1.09,25.65
12/02/2025 12:48:16:965,Moved,566.25,56.24998,0.00,1.09,25.65
12/02/2025 12:48:16:965,Moved,566.25,56.25,0.00,1.09,25.75
12/02/2025 12:48:16:983,Moved,565,37.49998,0.00,1.09,25.75
12/02/2025 12:48:16:983,Moved,565.00,37.50,0.00,1.09,25.86
12/02/2025 12:48:16:996,Moved,563.75,28.74998,0.00,1.09,25.86
12/02/2025 12:48:16:996,Moved,563.75,28.75,0.00,1.09,25.89
12/02/2025 12:48:17:049,Moved,562.5,-8.750014,0.00,1.09,25.89
12/02/2025 12:48:17:049,Moved,562.50,-8.75,0.00,1.09,26.27
12/02/2025 12:48:17:072,Moved,561.25,-15.00001,0.00,1.09,26.27
12/02/2025 12:48:17:072,Moved,561.25,-15.00,0.00,1.09,26.31
12/02/2025 12:48:17:081,Moved,561.25,-18.75002,0.00,1.09,26.31
12/02/2025 12:48:17:081,Moved,561.25,-18.75,0.00,1.09,26.32
12/02/2025 12:48:17:099,Ended,561.25,-18.75002,0.00,1.09,26.32
12/02/2025 12:48:17:099,Ended,561.25,-18.75,0.00,1.09,26.32
12/02/2025 12:48:33:716,Began,555,521.25,0.00,1.00,0.00
12/02/2025 12:48:33:716,Began,555.00,521.25,0.00,1.00,0.00
12/02/2025 12:48:33:739,Moved,552.5,508.75,0.00,1.00,0.00
12/02/2025 12:48:33:739,Moved,552.50,508.75,0.00,1.00,0.25
12/02/2025 12:48:33:833,Moved,560,461.25,0.00,1.00,0.25
12/02/2025 12:48:33:833,Moved,560.00,461.25,0.00,1.00,1.20
12/02/2025 12:48:33:851,Moved,561.25,447.5,0.00,1.00,1.20
12/02/2025 12:48:33:851,Moved,561.25,447.50,0.00,1.00,1.35
12/02/2025 12:48:33:866,Moved,562.5,441.25,0.00,1.00,1.35
12/02/2025 12:48:33:866,Moved,562.50,441.25,0.00,1.00,1.40
12/02/2025 12:48:33:882,Moved,562.5,426.25,0.00,1.00,1.40
12/02/2025 12:48:33:882,Moved,562.50,426.25,0.00,1.00,1.57
12/02/2025 12:48:33:896,Moved,562.5,418.75,0.00,1.00,1.57
12/02/2025 12:48:33:896,Moved,562.50,418.75,0.00,1.00,1.62
12/02/2025 12:48:33:939,Moved,562.5,380,0.00,1.00,1.62
12/02/2025 12:48:33:939,Moved,562.50,380.00,0.00,1.00,2.40
12/02/2025 12:48:33:961,Moved,562.5,363.75,0.00,1.00,2.40
12/02/2025 12:48:33:961,Moved,562.50,363.75,0.00,1.00,2.60
12/02/2025 12:48:33:988,Moved,562.5,341.25,0.00,1.00,2.60
12/02/2025 12:48:33:988,Moved,562.50,341.25,0.00,1.00,2.96
12/02/2025 12:48:34:001,Moved,562.5,332.5,0.00,1.00,2.96
12/02/2025 12:48:34:001,Moved,562.50,332.50,0.00,1.00,3.03
12/02/2025 12:48:34:020,Moved,562.5,317.5,0.00,1.00,3.03
12/02/2025 12:48:34:020,Moved,562.50,317.50,0.00,1.00,3.20
12/02/2025 12:48:34:033,Moved,562.5,311.25,0.00,1.00,3.20
12/02/2025 12:48:34:033,Moved,562.50,311.25,0.00,1.00,3.25
12/02/2025 12:48:34:051,Moved,562.5,296.25,0.00,1.00,3.25
12/02/2025 12:48:34:051,Moved,562.50,296.25,0.00,1.00,3.41
12/02/2025 12:48:34:093,Moved,562.5,271.25,0.00,1.00,3.41
12/02/2025 12:48:34:093,Moved,562.50,271.25,0.00,1.00,3.91
12/02/2025 12:48:34:118,Moved,562.5,251.25,0.00,1.00,3.91
12/02/2025 12:48:34:118,Moved,562.50,251.25,0.00,1.00,4.21
12/02/2025 12:48:34:135,Moved,562.5,246.25,0.00,1.00,4.21
12/02/2025 12:48:34:135,Moved,562.50,246.25,0.00,1.00,4.26
12/02/2025 12:48:34:152,Moved,562.5,236.25,0.00,1.00,4.26
12/02/2025 12:48:34:152,Moved,562.50,236.25,0.00,1.00,4.36
12/02/2025 12:48:34:186,Moved,562.5,215,0.00,1.00,4.36
12/02/2025 12:48:34:186,Moved,562.50,215.00,0.00,1.00,4.79
12/02/2025 12:48:34:200,Moved,562.5,210,0.00,1.00,4.79
12/02/2025 12:48:34:200,Moved,562.50,210.00,0.00,1.00,4.83
12/02/2025 12:48:34:218,Moved,562.5,198.75,0.00,1.00,4.83
12/02/2025 12:48:34:218,Moved,562.50,198.75,0.00,1.00,4.95
12/02/2025 12:48:34:265,Moved,562.5,175,0.00,1.00,4.95
12/02/2025 12:48:34:265,Moved,562.50,175.00,0.00,1.00,5.43
12/02/2025 12:48:34:288,Moved,562.5,166.25,0.00,1.00,5.43
12/02/2025 12:48:34:288,Moved,562.50,166.25,0.00,1.00,5.55
12/02/2025 12:48:34:301,Moved,562.5,161.25,0.00,1.00,5.55
12/02/2025 12:48:34:301,Moved,562.50,161.25,0.00,1.00,5.59
12/02/2025 12:48:34:321,Moved,562.5,152.5,0.00,1.00,5.59
12/02/2025 12:48:34:321,Moved,562.50,152.50,0.00,1.00,5.69
12/02/2025 12:48:34:336,Moved,562.5,147.5,0.00,1.00,5.69
12/02/2025 12:48:34:336,Moved,562.50,147.50,0.00,1.00,5.73
12/02/2025 12:48:34:354,Moved,562.5,138.75,0.00,1.00,5.73
12/02/2025 12:48:34:354,Moved,562.50,138.75,0.00,1.00,5.83
12/02/2025 12:48:34:377,Moved,562.5,123.75,0.00,1.00,5.83
12/02/2025 12:48:34:377,Moved,562.50,123.75,0.00,1.00,6.05
12/02/2025 12:48:34:417,Moved,562.5,105,0.00,1.00,6.05
12/02/2025 12:48:34:417,Moved,562.50,105.00,0.00,1.00,6.42
12/02/2025 12:48:34:440,Moved,562.5,94.99998,0.00,1.00,6.42
12/02/2025 12:48:34:440,Moved,562.50,95.00,0.00,1.00,6.56
12/02/2025 12:48:34:458,Moved,561.25,86.24998,0.00,1.00,6.56
12/02/2025 12:48:34:458,Moved,561.25,86.25,0.00,1.00,6.65
12/02/2025 12:48:34:472,Moved,561.25,81.24998,0.00,1.00,6.65
12/02/2025 12:48:34:472,Moved,561.25,81.25,0.00,1.00,6.69
12/02/2025 12:48:34:491,Moved,561.25,71.24998,0.00,1.00,6.69
12/02/2025 12:48:34:491,Moved,561.25,71.25,0.00,1.00,6.80
12/02/2025 12:48:34:506,Moved,560,63.74998,0.00,1.00,6.80
12/02/2025 12:48:34:506,Moved,560.00,63.75,0.00,1.00,6.88
12/02/2025 12:48:34:521,Moved,558.75,59.99998,0.00,1.00,6.88
12/02/2025 12:48:34:521,Moved,558.75,60.00,0.00,1.00,6.91
12/02/2025 12:48:34:537,Moved,557.5,51.24998,0.00,1.00,6.91
12/02/2025 12:48:34:537,Moved,557.50,51.25,0.00,1.00,7.00
12/02/2025 12:48:34:576,Moved,556.25,37.49998,0.00,1.00,7.00
12/02/2025 12:48:34:576,Moved,556.25,37.50,0.00,1.00,7.27
12/02/2025 12:48:34:596,Moved,555,31.24998,0.00,1.00,7.27
12/02/2025 12:48:34:596,Moved,555.00,31.25,0.00,1.00,7.35
12/02/2025 12:48:34:618,Moved,553.75,24.99998,0.00,1.00,7.35
12/02/2025 12:48:34:618,Moved,553.75,25.00,0.00,1.00,7.44
12/02/2025 12:48:34:643,Moved,552.5,16.24998,0.00,1.00,7.44
12/02/2025 12:48:34:643,Moved,552.50,16.25,0.00,1.00,7.56
12/02/2025 12:48:34:656,Moved,552.5,13.74999,0.00,1.00,7.56
12/02/2025 12:48:34:656,Moved,552.50,13.75,0.00,1.00,7.58
12/02/2025 12:48:34:678,Moved,552.5,8.749986,0.00,1.00,7.58
12/02/2025 12:48:34:678,Moved,552.50,8.75,0.00,1.00,7.65
12/02/2025 12:48:34:697,Moved,552.5,3.749986,0.00,1.00,7.65
12/02/2025 12:48:34:697,Moved,552.50,3.75,0.00,1.00,7.71
12/02/2025 12:48:34:745,Moved,551.25,-10.00001,0.00,1.00,7.71
12/02/2025 12:48:34:745,Moved,551.25,-10.00,0.00,1.00,7.98
12/02/2025 12:48:34:757,Moved,551.25,-12.50001,0.00,1.00,7.98
12/02/2025 12:48:34:757,Moved,551.25,-12.50,0.00,1.00,8.00
12/02/2025 12:48:34:773,Moved,550,-17.50002,0.00,1.00,8.00
12/02/2025 12:48:34:773,Moved,550.00,-17.50,0.00,1.00,8.05
12/02/2025 12:48:34:801,Moved,550,-22.50002,0.00,1.00,8.05
12/02/2025 12:48:34:801,Moved,550.00,-22.50,0.00,1.00,8.13
12/02/2025 12:48:34:813,Moved,548.75,-23.75002,0.00,1.00,8.13
12/02/2025 12:48:34:813,Moved,548.75,-23.75,0.00,1.00,8.14
12/02/2025 12:48:34:843,Ended,548.75,-23.75002,0.00,1.00,8.14
12/02/2025 12:48:34:843,Ended,548.75,-23.75,0.00,1.00,8.14
12/02/2025 12:48:35:511,Began,546.25,535,0.00,1.02,9.59
12/02/2025 12:48:35:511,Began,546.25,535.00,0.00,1.02,9.59
12/02/2025 12:48:35:539,Moved,546.25,526.25,0.00,1.02,9.59
12/02/2025 12:48:35:539,Moved,546.25,526.25,0.00,1.02,9.73
12/02/2025 12:48:35:574,Moved,547.5,500,0.00,1.02,9.73
12/02/2025 12:48:35:574,Moved,547.50,500.00,0.00,1.02,10.26
12/02/2025 12:48:35:611,Moved,552.5,481.25,0.00,1.02,10.26
12/02/2025 12:48:35:611,Moved,552.50,481.25,0.00,1.02,10.63
12/02/2025 12:48:35:637,Moved,557.5,465,0.00,1.02,10.63
12/02/2025 12:48:35:637,Moved,557.50,465.00,0.00,1.02,10.89
12/02/2025 12:48:35:675,Moved,562.5,446.25,0.00,1.02,10.89
12/02/2025 12:48:35:675,Moved,562.50,446.25,0.00,1.02,11.27
12/02/2025 12:48:35:689,Moved,562.5,441.25,0.00,1.02,11.27
12/02/2025 12:48:35:689,Moved,562.50,441.25,0.00,1.02,11.30
12/02/2025 12:48:35:708,Moved,563.75,432.5,0.00,1.02,11.30
12/02/2025 12:48:35:708,Moved,563.75,432.50,0.00,1.02,11.41
12/02/2025 12:48:35:721,Moved,565,427.5,0.00,1.02,11.41
12/02/2025 12:48:35:721,Moved,565.00,427.50,0.00,1.02,11.45
12/02/2025 12:48:35:740,Moved,566.25,416.25,0.00,1.02,11.45
12/02/2025 12:48:35:740,Moved,566.25,416.25,0.00,1.02,11.58
12/02/2025 12:48:35:755,Moved,566.25,411.25,0.00,1.02,11.58
12/02/2025 12:48:35:755,Moved,566.25,411.25,0.00,1.02,11.62
12/02/2025 12:48:35:776,Moved,567.5,393.75,0.00,1.02,11.62
12/02/2025 12:48:35:776,Moved,567.50,393.75,0.00,1.02,11.85
12/02/2025 12:48:35:787,Moved,567.5,387.5,0.00,1.02,11.85
12/02/2025 12:48:35:787,Moved,567.50,387.50,0.00,1.02,11.90
12/02/2025 12:48:35:828,Moved,571.25,365,0.00,1.02,11.90
12/02/2025 12:48:35:828,Moved,571.25,365.00,0.00,1.02,12.35
12/02/2025 12:48:35:849,Moved,572.5,352.5,0.00,1.02,12.35
12/02/2025 12:48:35:849,Moved,572.50,352.50,0.00,1.02,12.50
12/02/2025 12:48:35:870,Moved,573.75,341.25,0.00,1.02,12.50
12/02/2025 12:48:35:870,Moved,573.75,341.25,0.00,1.02,12.64
12/02/2025 12:48:35:896,Moved,576.25,326.25,0.00,1.02,12.64
12/02/2025 12:48:35:896,Moved,576.25,326.25,0.00,1.02,12.88
12/02/2025 12:48:35:907,Moved,577.5,321.25,0.00,1.02,12.88
12/02/2025 12:48:35:907,Moved,577.50,321.25,0.00,1.02,12.92
12/02/2025 12:48:35:923,Moved,577.5,311.25,0.00,1.02,12.92
12/02/2025 12:48:35:923,Moved,577.50,311.25,0.00,1.02,13.01
12/02/2025 12:48:35:938,Moved,578.75,307.5,0.00,1.02,13.01
12/02/2025 12:48:35:938,Moved,578.75,307.50,0.00,1.02,13.04
12/02/2025 12:48:35:958,Moved,581.25,300,0.00,1.02,13.04
12/02/2025 12:48:35:958,Moved,581.25,300.00,0.00,1.02,13.14
12/02/2025 12:48:35:996,Moved,583.75,285,0.00,1.02,13.14
12/02/2025 12:48:35:996,Moved,583.75,285.00,0.00,1.02,13.44
12/02/2025 12:48:36:019,Moved,585,277.5,0.00,1.02,13.44
12/02/2025 12:48:36:019,Moved,585.00,277.50,0.00,1.02,13.54
12/02/2025 12:48:36:033,Moved,586.25,271.25,0.00,1.02,13.54
12/02/2025 12:48:36:033,Moved,586.25,271.25,0.00,1.02,13.59
12/02/2025 12:48:36:056,Moved,587.5,263.75,0.00,1.02,13.59
12/02/2025 12:48:36:056,Moved,587.50,263.75,0.00,1.02,13.69
12/02/2025 12:48:36:079,Moved,587.5,256.25,0.00,1.02,13.69
12/02/2025 12:48:36:079,Moved,587.50,256.25,0.00,1.02,13.80
12/02/2025 12:48:36:095,Moved,588.75,250,0.00,1.02,13.80
12/02/2025 12:48:36:095,Moved,588.75,250.00,0.00,1.02,13.85
12/02/2025 12:48:36:110,Moved,588.75,246.25,0.00,1.02,13.85
12/02/2025 12:48:36:110,Moved,588.75,246.25,0.00,1.02,13.89
12/02/2025 12:48:36:155,Moved,588.75,226.25,0.00,1.02,13.89
12/02/2025 12:48:36:155,Moved,588.75,226.25,0.00,1.02,14.29
12/02/2025 12:48:36:177,Moved,588.75,217.5,0.00,1.02,14.29
12/02/2025 12:48:36:177,Moved,588.75,217.50,0.00,1.02,14.40
12/02/2025 12:48:36:189,Moved,588.75,212.5,0.00,1.02,14.40
12/02/2025 12:48:36:189,Moved,588.75,212.50,0.00,1.02,14.44
12/02/2025 12:48:36:207,Moved,588.75,202.5,0.00,1.02,14.44
12/02/2025 12:48:36:207,Moved,588.75,202.50,0.00,1.02,14.53
12/02/2025 12:48:36:225,Moved,588.75,191.25,0.00,1.02,14.53
12/02/2025 12:48:36:225,Moved,588.75,191.25,0.00,1.02,14.67
12/02/2025 12:48:36:240,Moved,588.75,185,0.00,1.02,14.67
12/02/2025 12:48:36:240,Moved,588.75,185.00,0.00,1.02,14.72
12/02/2025 12:48:36:269,Moved,590,167.5,0.00,1.02,14.72
12/02/2025 12:48:36:269,Moved,590.00,167.50,0.00,1.02,15.02
12/02/2025 12:48:36:314,Moved,591.25,142.5,0.00,1.02,15.02
12/02/2025 12:48:36:314,Moved,591.25,142.50,0.00,1.02,15.52
12/02/2025 12:48:36:334,Moved,592.5,136.25,0.00,1.02,15.52
12/02/2025 12:48:36:334,Moved,592.50,136.25,0.00,1.02,15.60
12/02/2025 12:48:36:347,Moved,592.5,131.25,0.00,1.02,15.60
12/02/2025 12:48:36:347,Moved,592.50,131.25,0.00,1.02,15.63
12/02/2025 12:48:36:362,Moved,592.5,126.25,0.00,1.02,15.63
12/02/2025 12:48:36:362,Moved,592.50,126.25,0.00,1.02,15.68
12/02/2025 12:48:36:381,Moved,592.5,122.5,0.00,1.02,15.68
12/02/2025 12:48:36:381,Moved,592.50,122.50,0.00,1.02,15.73
12/02/2025 12:48:36:401,Ended,592.5,122.5,0.00,1.02,15.73
12/02/2025 12:48:36:401,Ended,592.50,122.50,0.00,1.02,15.73
12/02/2025 12:48:36:847,Began,447.5,147.5,0.00,1.02,17.18
12/02/2025 12:48:36:847,Began,447.50,147.50,0.00,1.02,17.18
12/02/2025 12:48:37:580,Began,573.75,480,0.00,1.02,17.18
12/02/2025 12:48:37:580,Began,573.75,480.00,0.00,1.02,17.18
12/02/2025 12:48:37:596,Moved,573.75,466.25,0.00,1.02,17.18
12/02/2025 12:48:37:596,Moved,573.75,466.25,-0.04,1.02,17.33
12/02/2025 12:48:37:629,Moved,577.5,433.75,-0.04,1.02,17.33
12/02/2025 12:48:37:629,Moved,577.50,433.75,-0.22,1.02,17.92
12/02/2025 12:48:37:650,Moved,581.25,411.25,-0.22,1.02,17.92
12/02/2025 12:48:37:650,Moved,581.25,411.25,-0.29,1.02,18.19
12/02/2025 12:48:37:669,Moved,585,391.25,-0.29,1.02,18.19
12/02/2025 12:48:37:669,Moved,585.00,391.25,-0.36,1.02,18.41
12/02/2025 12:48:37:706,Moved,592.5,356.25,-0.36,1.02,18.41
12/02/2025 12:48:37:706,Moved,592.50,356.25,-0.55,1.02,19.08
12/02/2025 12:48:37:729,Moved,593.75,336.25,-0.55,1.02,19.08
12/02/2025 12:48:37:729,Moved,593.75,336.25,-0.64,1.02,19.36
12/02/2025 12:48:37:741,Moved,595,331.25,-0.64,1.02,19.36
12/02/2025 12:48:37:741,Moved,595.00,331.25,-0.65,1.02,19.39
12/02/2025 12:48:37:757,Moved,596.25,326.25,-0.65,1.02,19.39
12/02/2025 12:48:37:757,Moved,596.25,326.25,-0.66,1.02,19.43
12/02/2025 12:48:37:782,Moved,597.5,308.75,-0.66,1.02,19.43
12/02/2025 12:48:37:782,Moved,597.50,308.75,-0.73,1.02,19.70
12/02/2025 12:48:37:795,Moved,597.5,302.5,-0.73,1.02,19.70
12/02/2025 12:48:37:795,Moved,597.50,302.50,-0.75,1.02,19.74
12/02/2025 12:48:37:812,Moved,598.75,291.25,-0.75,1.02,19.74
12/02/2025 12:48:37:812,Moved,598.75,291.25,-0.78,1.02,19.86
12/02/2025 12:48:37:825,Moved,598.75,286.25,-0.78,1.02,19.86
12/02/2025 12:48:37:825,Moved,598.75,286.25,-0.79,1.02,19.89
12/02/2025 12:48:37:872,Moved,602.5,253.75,-0.79,1.02,19.89
12/02/2025 12:48:37:872,Moved,602.50,253.75,-0.97,1.02,20.52
12/02/2025 12:48:37:885,Moved,602.5,246.25,-0.97,1.02,20.52
12/02/2025 12:48:37:885,Moved,602.50,246.25,-0.99,1.02,20.57
12/02/2025 12:48:37:907,Moved,605,235,-0.99,1.02,20.57
12/02/2025 12:48:37:907,Moved,605.00,235.00,-1.03,1.02,20.72
12/02/2025 12:48:37:942,Moved,607.5,211.25,-1.03,1.02,20.72
12/02/2025 12:48:37:942,Moved,607.50,211.25,-1.17,1.02,21.17
12/02/2025 12:48:37:960,Moved,608.75,198.75,-1.17,1.02,21.17
12/02/2025 12:48:37:960,Moved,608.75,198.75,-1.20,1.02,21.30
12/02/2025 12:48:37:973,Moved,610,192.5,-1.20,1.02,21.30
12/02/2025 12:48:37:973,Moved,610.00,192.50,-1.22,1.02,21.35
12/02/2025 12:48:37:994,Moved,611.25,180,-1.22,1.02,21.35
12/02/2025 12:48:37:994,Moved,611.25,180.00,-1.26,1.02,21.50
12/02/2025 12:48:38:035,Moved,612.5,156.25,-1.26,1.02,21.50
12/02/2025 12:48:38:035,Moved,612.50,156.25,-1.39,1.02,21.95
12/02/2025 12:48:38:056,Moved,613.75,143.75,-1.39,1.02,21.95
12/02/2025 12:48:38:056,Moved,613.75,143.75,-1.44,1.02,22.11
12/02/2025 12:48:38:072,Moved,615,131.25,-1.44,1.02,22.11
12/02/2025 12:48:38:072,Moved,615.00,131.25,-1.47,1.02,22.22
12/02/2025 12:48:38:083,Moved,616.25,126.25,-1.47,1.02,22.22
12/02/2025 12:48:38:083,Moved,616.25,126.25,-1.48,1.02,22.26
12/02/2025 12:48:38:105,Moved,617.5,113.75,-1.48,1.02,22.26
12/02/2025 12:48:38:105,Moved,617.50,113.75,-1.53,1.02,22.40
12/02/2025 12:48:38:121,Moved,617.5,102.5,-1.53,1.02,22.40
12/02/2025 12:48:38:121,Moved,617.50,102.50,-1.56,1.02,22.51
12/02/2025 12:48:38:142,Moved,618.75,92.49998,-1.56,1.02,22.51
12/02/2025 12:48:38:142,Moved,618.75,92.50,-1.59,1.02,22.64
12/02/2025 12:48:38:185,Moved,621.25,77.49998,-1.59,1.02,22.64
12/02/2025 12:48:38:185,Moved,621.25,77.50,-1.68,1.02,22.93
12/02/2025 12:48:38:199,Moved,621.25,71.24998,-1.68,1.02,22.93
12/02/2025 12:48:38:199,Moved,621.25,71.25,-1.69,1.02,22.98
12/02/2025 12:48:38:212,Moved,621.25,68.74998,-1.69,1.02,22.98
12/02/2025 12:48:38:212,Moved,621.25,68.75,-1.70,1.02,23.00
12/02/2025 12:48:38:230,Moved,621.25,64.99998,-1.70,1.02,23.00
12/02/2025 12:48:38:230,Moved,621.25,65.00,-1.71,1.02,23.04
12/02/2025 12:48:38:242,Moved,621.25,62.49998,-1.71,1.02,23.04
12/02/2025 12:48:38:242,Moved,621.25,62.50,-1.71,1.02,23.05
12/02/2025 12:48:38:260,Moved,620,59.99998,-1.71,1.02,23.05
12/02/2025 12:48:38:260,Moved,620.00,60.00,-1.72,1.02,23.08
12/02/2025 12:48:38:284,Ended,620,57.49998,-1.72,1.02,23.08
12/02/2025 12:48:38:284,Ended,620.00,57.50,-1.72,1.02,23.08
12/02/2025 12:48:38:686,Began,483.75,408.75,-2.10,1.02,24.69
12/02/2025 12:48:38:686,Began,483.75,408.75,-2.10,1.02,24.69
12/02/2025 12:48:39:662,Began,586.25,506.25,-2.10,1.02,24.69
12/02/2025 12:48:39:662,Began,586.25,506.25,-2.10,1.02,24.69
12/02/2025 12:48:39:671,Moved,586.25,506.25,-2.10,1.02,24.69
12/02/2025 12:48:39:671,Moved,586.25,506.25,-2.10,1.02,24.69
12/02/2025 12:48:39:696,Moved,586.25,493.75,-2.10,1.02,24.69
12/02/2025 12:48:39:696,Moved,586.25,493.75,-2.00,1.02,24.84
12/02/2025 12:48:39:718,Moved,583.75,473.75,-2.00,1.02,24.84
12/02/2025 12:48:39:718,Moved,583.75,473.75,-1.85,1.02,25.05
12/02/2025 12:48:39:758,Moved,575,423.75,-1.85,1.02,25.05
12/02/2025 12:48:39:758,Moved,575.00,423.75,-1.29,1.02,25.88
12/02/2025 12:48:39:779,Moved,568.75,396.25,-1.29,1.02,25.88
12/02/2025 12:48:39:779,Moved,568.75,396.25,-1.09,1.02,26.17
12/02/2025 12:48:39:792,Moved,566.25,381.25,-1.09,1.02,26.17
12/02/2025 12:48:39:792,Moved,566.25,381.25,-1.02,1.02,26.26
12/02/2025 12:48:39:817,Moved,555,338.75,-1.02,1.02,26.26
12/02/2025 12:48:39:817,Moved,555.00,338.75,-0.67,1.02,26.78
12/02/2025 12:48:39:833,Moved,552.5,325,-0.67,1.02,26.78
12/02/2025 12:48:39:833,Moved,552.50,325.00,-0.60,1.02,26.88
12/02/2025 12:48:39:848,Moved,546.25,297.5,-0.60,1.02,26.88
12/02/2025 12:48:39:848,Moved,546.25,297.50,-0.45,1.02,27.11
12/02/2025 12:48:39:865,Moved,543.75,285,-0.45,1.02,27.11
12/02/2025 12:48:39:865,Moved,543.75,285.00,-0.37,1.02,27.21
12/02/2025 12:48:39:917,Moved,535,216.25,-0.37,1.02,27.21
12/02/2025 12:48:39:917,Moved,535.00,216.25,0.40,1.02,28.35
12/02/2025 12:48:39:930,Moved,533.75,207.5,0.40,1.02,28.35
12/02/2025 12:48:39:930,Moved,533.75,207.50,0.44,1.02,28.41
12/02/2025 12:48:39:950,Moved,532.5,191.25,0.44,1.02,28.41
12/02/2025 12:48:39:950,Moved,532.50,191.25,0.55,1.02,28.57
12/02/2025 12:48:39:961,Moved,532.5,183.75,0.55,1.02,28.57
12/02/2025 12:48:39:961,Moved,532.50,183.75,0.58,1.02,28.61
12/02/2025 12:48:39:979,Moved,530,170,0.58,1.02,28.61
12/02/2025 12:48:39:979,Moved,530.00,170.00,0.66,1.02,28.72
12/02/2025 12:48:39:992,Moved,528.75,161.25,0.66,1.02,28.72
12/02/2025 12:48:39:992,Moved,528.75,161.25,0.70,1.02,28.79
12/02/2025 12:48:40:018,Moved,523.75,141.25,0.70,1.02,28.79
12/02/2025 12:48:40:018,Moved,523.75,141.25,0.87,1.02,29.04
12/02/2025 12:48:40:032,Moved,522.5,132.5,0.87,1.02,29.04
12/02/2025 12:48:40:032,Moved,522.50,132.50,0.92,1.02,29.10
12/02/2025 12:48:40:074,Moved,517.5,98.74998,0.92,1.02,29.10
12/02/2025 12:48:40:074,Moved,517.50,98.75,1.30,1.02,29.66
12/02/2025 12:48:40:097,Moved,513.75,86.24998,1.30,1.02,29.66
12/02/2025 12:48:40:097,Moved,513.75,86.25,1.40,1.02,29.81
12/02/2025 12:48:40:109,Moved,512.5,79.99998,1.40,1.02,29.81
12/02/2025 12:48:40:109,Moved,512.50,80.00,1.42,1.02,29.85
12/02/2025 12:48:40:129,Moved,511.25,67.49998,1.42,1.02,29.85
12/02/2025 12:48:40:129,Moved,511.25,67.50,1.50,1.02,29.97
12/02/2025 12:48:40:141,Moved,510,62.49998,1.50,1.02,29.97
12/02/2025 12:48:40:141,Moved,510.00,62.50,1.52,1.02,30.00
12/02/2025 12:48:40:157,Moved,507.5,51.24998,1.52,1.02,30.00
12/02/2025 12:48:40:157,Moved,507.50,51.25,1.58,1.02,30.08
12/02/2025 12:48:40:178,Moved,506.25,43.74998,1.58,1.02,30.08
12/02/2025 12:48:40:178,Moved,506.25,43.75,1.64,1.02,30.16
12/02/2025 12:48:40:188,Moved,505,41.24998,1.64,1.02,30.16
12/02/2025 12:48:40:188,Moved,505.00,41.25,1.65,1.02,30.18
12/02/2025 12:48:40:224,Moved,502.5,32.49998,1.65,1.02,30.18
12/02/2025 12:48:40:224,Moved,502.50,32.50,1.74,1.02,30.32
12/02/2025 12:48:40:246,Ended,502.5,31.24998,1.74,1.02,30.32
12/02/2025 12:48:40:246,Ended,502.50,31.25,1.74,1.02,30.32
12/02/2025 12:48:40:682,Began,442.5,216.25,2.64,1.02,32.20
12/02/2025 12:48:40:682,Began,442.50,216.25,2.64,1.02,32.20
12/02/2025 12:48:41:648,Began,535,446.25,2.64,1.02,32.20
12/02/2025 12:48:41:648,Began,535.00,446.25,2.64,1.02,32.20
12/02/2025 12:48:41:673,Moved,542.5,416.25,2.64,1.02,32.20
12/02/2025 12:48:41:673,Moved,542.50,416.25,2.68,1.02,32.66
12/02/2025 12:48:41:712,Moved,556.25,361.25,2.68,1.02,32.66
12/02/2025 12:48:41:712,Moved,556.25,361.25,2.76,1.02,33.75
12/02/2025 12:48:41:726,Moved,560,348.75,2.76,1.02,33.75
12/02/2025 12:48:41:726,Moved,560.00,348.75,2.77,1.02,33.86
12/02/2025 12:48:41:765,Moved,571.25,296.25,2.77,1.02,33.86
12/02/2025 12:48:41:765,Moved,571.25,296.25,2.84,1.02,34.91
12/02/2025 12:48:41:778,Moved,573.75,283.75,2.84,1.02,34.91
12/02/2025 12:48:41:778,Moved,573.75,283.75,2.85,1.02,35.00
12/02/2025 12:48:41:797,Moved,577.5,258.75,2.85,1.02,35.00
12/02/2025 12:48:41:797,Moved,577.50,258.75,2.87,1.02,35.30
12/02/2025 12:48:41:817,Moved,582.5,236.25,2.87,1.02,35.30
12/02/2025 12:48:41:817,Moved,582.50,236.25,2.89,1.02,35.55
12/02/2025 12:48:41:837,Moved,586.25,215,2.89,1.02,35.55
12/02/2025 12:48:41:837,Moved,586.25,215.00,2.91,1.02,35.82
12/02/2025 12:48:41:849,Moved,587.5,205,2.91,1.02,35.82
12/02/2025 12:48:41:849,Moved,587.50,205.00,2.91,1.02,35.89
12/02/2025 12:48:41:867,Moved,591.25,185,2.91,1.02,35.89
12/02/2025 12:48:41:867,Moved,591.25,185.00,2.93,1.02,36.10
12/02/2025 12:48:41:879,Moved,592.5,176.25,2.93,1.02,36.10
12/02/2025 12:48:41:879,Moved,592.50,176.25,2.93,1.02,36.17
12/02/2025 12:48:41:923,Moved,598.75,130,2.93,1.02,36.17
12/02/2025 12:48:41:923,Moved,598.75,130.00,3.00,1.02,37.09
12/02/2025 12:48:41:946,Moved,601.25,113.75,3.00,1.02,37.09
12/02/2025 12:48:41:946,Moved,601.25,113.75,3.02,1.02,37.32
12/02/2025 12:48:41:967,Moved,603.75,97.49998,3.02,1.02,37.32
12/02/2025 12:48:41:967,Moved,603.75,97.50,3.03,1.02,37.51
12/02/2025 12:48:41:985,Moved,606.25,81.24998,3.03,1.02,37.51
12/02/2025 12:48:41:985,Moved,606.25,81.25,3.05,1.02,37.69
12/02/2025 12:48:42:003,Moved,607.5,66.24998,3.05,1.02,37.69
12/02/2025 12:48:42:003,Moved,607.50,66.25,3.06,1.02,37.87
12/02/2025 12:48:42:020,Moved,608.75,58.74998,3.06,1.02,37.87
12/02/2025 12:48:42:020,Moved,608.75,58.75,3.06,1.02,37.93
12/02/2025 12:48:42:034,Moved,610,44.99998,3.06,1.02,37.93
12/02/2025 12:48:42:034,Moved,610.00,45.00,3.07,1.02,38.05
12/02/2025 12:48:42:077,Ended,610,38.74998,3.07,1.02,38.05
12/02/2025 12:48:42:077,Ended,610.00,38.75,3.07,1.02,38.05
12/02/2025 12:48:42:449,Began,572.5,476.25,3.55,1.02,40.85
12/02/2025 12:48:42:449,Began,572.50,476.25,3.55,1.02,40.85
12/02/2025 12:48:42:460,Began,455,242.5,3.55,1.02,40.85
12/02/2025 12:48:42:460,Began,455.00,242.50,3.55,1.02,40.85
12/02/2025 12:48:43:104,Began,547.5,457.5,3.55,1.02,40.85
12/02/2025 12:48:43:104,Began,547.50,457.50,3.55,1.02,40.85
12/02/2025 12:48:43:119,Moved,547.5,452.5,3.55,1.02,40.85
12/02/2025 12:48:43:119,Moved,547.50,452.50,3.55,1.02,40.90
12/02/2025 12:48:43:148,Moved,551.25,421.25,3.55,1.02,40.90
12/02/2025 12:48:43:148,Moved,551.25,421.25,3.51,1.02,41.43
12/02/2025 12:48:43:169,Moved,552.5,407.5,3.51,1.02,41.43
12/02/2025 12:48:43:169,Moved,552.50,407.50,3.49,1.02,41.60
12/02/2025 12:48:43:187,Moved,560,365,3.49,1.02,41.60
12/02/2025 12:48:43:187,Moved,560.00,365.00,3.46,1.02,42.07
12/02/2025 12:48:43:203,Moved,562.5,336.25,3.46,1.02,42.07
12/02/2025 12:48:43:203,Moved,562.50,336.25,3.43,1.02,42.35
12/02/2025 12:48:43:217,Moved,563.75,321.25,3.43,1.02,42.35
12/02/2025 12:48:43:217,Moved,563.75,321.25,3.42,1.02,42.47
12/02/2025 12:48:43:235,Moved,567.5,293.75,3.42,1.02,42.47
12/02/2025 12:48:43:235,Moved,567.50,293.75,3.40,1.02,42.79
12/02/2025 12:48:43:250,Moved,567.5,281.25,3.40,1.02,42.79
12/02/2025 12:48:43:250,Moved,567.50,281.25,3.39,1.02,42.89
12/02/2025 12:48:43:265,Moved,571.25,256.25,3.39,1.02,42.89
12/02/2025 12:48:43:265,Moved,571.25,256.25,3.37,1.02,43.14
12/02/2025 12:48:43:305,Moved,575,211.25,3.37,1.02,43.14
12/02/2025 12:48:43:305,Moved,575.00,211.25,3.30,1.02,44.04
12/02/2025 12:48:43:328,Moved,577.5,191.25,3.30,1.02,44.04
12/02/2025 12:48:43:328,Moved,577.50,191.25,3.28,1.02,44.32
12/02/2025 12:48:43:349,Moved,578.75,176.25,3.28,1.02,44.32
12/02/2025 12:48:43:349,Moved,578.75,176.25,3.26,1.02,44.49
12/02/2025 12:48:43:371,Moved,583.75,156.25,3.26,1.02,44.49
12/02/2025 12:48:43:371,Moved,583.75,156.25,3.24,1.02,44.77
12/02/2025 12:48:43:388,Moved,585,150,3.24,1.02,44.77
12/02/2025 12:48:43:388,Moved,585.00,150.00,3.24,1.02,44.84
12/02/2025 12:48:43:399,Moved,587.5,145,3.24,1.02,44.84
12/02/2025 12:48:43:399,Moved,587.50,145.00,3.23,1.02,44.87
12/02/2025 12:48:43:442,Moved,592.5,117.5,3.23,1.02,44.87
12/02/2025 12:48:43:442,Moved,592.50,117.50,3.19,1.02,45.42
12/02/2025 12:48:43:452,Moved,593.75,112.5,3.19,1.02,45.42
12/02/2025 12:48:43:452,Moved,593.75,112.50,3.19,1.02,45.45
12/02/2025 12:48:43:467,Moved,595,107.5,3.19,1.02,45.45
12/02/2025 12:48:43:467,Moved,595.00,107.50,3.18,1.02,45.49
12/02/2025 12:48:43:484,Moved,597.5,98.74998,3.18,1.02,45.49
12/02/2025 12:48:43:484,Moved,597.50,98.75,3.18,1.02,45.59
12/02/2025 12:48:43:497,Moved,597.5,93.74998,3.18,1.02,45.59
12/02/2025 12:48:43:497,Moved,597.50,93.75,3.17,1.02,45.63
12/02/2025 12:48:43:515,Moved,600,81.24998,3.17,1.02,45.63
12/02/2025 12:48:43:515,Moved,600.00,81.25,3.16,1.02,45.76
12/02/2025 12:48:43:535,Moved,601.25,71.24998,3.16,1.02,45.76
12/02/2025 12:48:43:535,Moved,601.25,71.25,3.15,1.02,45.87
12/02/2025 12:48:43:555,Moved,601.25,61.24998,3.15,1.02,45.87
12/02/2025 12:48:43:555,Moved,601.25,61.25,3.15,1.02,45.99
12/02/2025 12:48:43:575,Moved,602.5,52.49998,3.15,1.02,45.99
12/02/2025 12:48:43:575,Moved,602.50,52.50,3.14,1.02,46.10
12/02/2025 12:48:43:613,Ended,601.25,43.74998,3.14,1.02,46.10
12/02/2025 12:48:43:613,Ended,601.25,43.75,3.14,1.02,46.10
12/02/2025 12:48:44:087,Began,556.25,440,3.16,1.02,48.72
12/02/2025 12:48:44:087,Began,556.25,440.00,3.16,1.02,48.72
12/02/2025 12:48:44:098,Moved,560,395,3.16,1.02,48.72
12/02/2025 12:48:44:098,Moved,560.00,395.00,3.13,1.02,49.02
12/02/2025 12:48:44:127,Moved,562.5,362.5,3.13,1.02,49.02
12/02/2025 12:48:44:127,Moved,562.50,362.50,3.09,1.02,49.59
12/02/2025 12:48:44:140,Moved,565,351.25,3.09,1.02,49.59
12/02/2025 12:48:44:140,Moved,565.00,351.25,3.08,1.02,49.67
12/02/2025 12:48:44:160,Moved,567.5,332.5,3.08,1.02,49.67
12/02/2025 12:48:44:160,Moved,567.50,332.50,3.06,1.02,49.91
12/02/2025 12:48:44:174,Moved,567.5,323.75,3.06,1.02,49.91
12/02/2025 12:48:44:174,Moved,567.50,323.75,3.06,1.02,49.98
12/02/2025 12:48:44:190,Moved,568.75,305,3.06,1.02,49.98
12/02/2025 12:48:44:190,Moved,568.75,305.00,3.04,1.02,50.17
12/02/2025 12:48:44:202,Moved,568.75,296.25,3.04,1.02,50.17
12/02/2025 12:48:44:202,Moved,568.75,296.25,3.04,1.02,50.23
12/02/2025 12:48:44:238,Moved,571.25,263.75,3.04,1.02,50.23
12/02/2025 12:48:44:238,Moved,571.25,263.75,2.99,1.02,50.88
12/02/2025 12:48:44:257,Moved,572.5,248.75,2.99,1.02,50.88
12/02/2025 12:48:44:257,Moved,572.50,248.75,2.97,1.02,51.05
12/02/2025 12:48:44:276,Moved,572.5,236.25,2.97,1.02,51.05
12/02/2025 12:48:44:276,Moved,572.50,236.25,2.96,1.02,51.19
12/02/2025 12:48:44:289,Moved,573.75,230,2.96,1.02,51.19
12/02/2025 12:48:44:289,Moved,573.75,230.00,2.96,1.02,51.24
12/02/2025 12:48:44:307,Moved,575,216.25,2.96,1.02,51.24
12/02/2025 12:48:44:307,Moved,575.00,216.25,2.95,1.02,51.38
12/02/2025 12:48:44:319,Moved,576.25,211.25,2.95,1.02,51.38
12/02/2025 12:48:44:319,Moved,576.25,211.25,2.94,1.02,51.42
12/02/2025 12:48:44:339,Moved,577.5,198.75,2.94,1.02,51.42
12/02/2025 12:48:44:339,Moved,577.50,198.75,2.93,1.02,51.57
12/02/2025 12:48:44:358,Moved,578.75,186.25,2.93,1.02,51.57
12/02/2025 12:48:44:358,Moved,578.75,186.25,2.92,1.02,51.72
12/02/2025 12:48:44:395,Moved,582.5,161.25,2.92,1.02,51.72
12/02/2025 12:48:44:395,Moved,582.50,161.25,2.88,1.02,52.22
12/02/2025 12:48:44:406,Moved,583.75,153.75,2.88,1.02,52.22
12/02/2025 12:48:44:406,Moved,583.75,153.75,2.88,1.02,52.27
12/02/2025 12:48:44:427,Moved,587.5,138.75,2.88,1.02,52.27
12/02/2025 12:48:44:427,Moved,587.50,138.75,2.86,1.02,52.46
12/02/2025 12:48:44:441,Moved,587.5,131.25,2.86,1.02,52.46
12/02/2025 12:48:44:441,Moved,587.50,131.25,2.86,1.02,52.52
12/02/2025 12:48:44:458,Moved,591.25,116.25,2.86,1.02,52.52
12/02/2025 12:48:44:458,Moved,591.25,116.25,2.84,1.02,52.68
12/02/2025 12:48:44:478,Moved,592.5,101.25,2.84,1.02,52.68
12/02/2025 12:48:44:478,Moved,592.50,101.25,2.83,1.02,52.85
12/02/2025 12:48:44:498,Moved,595,87.49998,2.83,1.02,52.85
12/02/2025 12:48:44:498,Moved,595.00,87.50,2.82,1.02,53.02
12/02/2025 12:48:44:509,Moved,596.25,81.24998,2.82,1.02,53.02
12/02/2025 12:48:44:509,Moved,596.25,81.25,2.81,1.02,53.06
12/02/2025 12:48:44:526,Moved,597.5,69.99998,2.81,1.02,53.06
12/02/2025 12:48:44:526,Moved,597.50,70.00,2.80,1.02,53.18
12/02/2025 12:48:44:559,Moved,598.75,57.49998,2.80,1.02,53.18
12/02/2025 12:48:44:559,Moved,598.75,57.50,2.79,1.02,53.43
12/02/2025 12:48:44:584,Moved,600,53.74998,2.79,1.02,53.43
12/02/2025 12:48:44:584,Moved,600.00,53.75,2.78,1.02,53.48
12/02/2025 12:48:44:596,Moved,600,52.49998,2.78,1.02,53.48
12/02/2025 12:48:44:596,Moved,600.00,52.50,2.78,1.02,53.49
12/02/2025 12:48:44:616,Moved,598.75,51.24998,2.78,1.02,53.49
12/02/2025 12:48:44:616,Moved,598.75,51.25,2.78,1.02,53.51
12/02/2025 12:48:44:635,Ended,598.75,51.24998,2.78,1.02,53.51
12/02/2025 12:48:44:635,Ended,598.75,51.25,2.78,1.02,53.51
12/02/2025 12:48:45:010,Began,571.25,511.25,2.69,1.02,55.36
12/02/2025 12:48:45:010,Began,571.25,511.25,2.69,1.02,55.36
12/02/2025 12:48:45:019,Moved,571.25,511.25,2.69,1.02,55.36
12/02/2025 12:48:45:019,Moved,571.25,511.25,2.69,1.02,55.36
12/02/2025 12:48:45:032,Moved,571.25,508.75,2.69,1.02,55.36
12/02/2025 12:48:45:032,Moved,571.25,508.75,2.69,1.02,55.38
12/02/2025 12:48:45:055,Moved,572.5,496.25,2.69,1.02,55.38
12/02/2025 12:48:45:055,Moved,572.50,496.25,2.68,1.02,55.54
12/02/2025 12:48:45:080,Moved,575,463.75,2.68,1.02,55.54
12/02/2025 12:48:45:080,Moved,575.00,463.75,2.64,1.02,56.03
12/02/2025 12:48:45:094,Moved,577.5,451.25,2.64,1.02,56.03
12/02/2025 12:48:45:094,Moved,577.50,451.25,2.63,1.02,56.14
12/02/2025 12:48:45:116,Moved,581.25,427.5,2.63,1.02,56.14
12/02/2025 12:48:45:116,Moved,581.25,427.50,2.60,1.02,56.44
12/02/2025 12:48:45:131,Moved,583.75,405,2.60,1.02,56.44
12/02/2025 12:48:45:131,Moved,583.75,405.00,2.59,1.02,56.65
12/02/2025 12:48:45:162,Moved,588.75,367.5,2.59,1.02,56.65
12/02/2025 12:48:45:162,Moved,588.75,367.50,2.53,1.02,57.33
12/02/2025 12:48:45:175,Moved,590,356.25,2.53,1.02,57.33
12/02/2025 12:48:45:175,Moved,590.00,356.25,2.53,1.02,57.41
12/02/2025 12:48:45:195,Moved,592.5,331.25,2.53,1.02,57.41
12/02/2025 12:48:45:195,Moved,592.50,331.25,2.50,1.02,57.73
12/02/2025 12:48:45:214,Moved,592.5,308.75,2.50,1.02,57.73
12/02/2025 12:48:45:214,Moved,592.50,308.75,2.48,1.02,57.99
12/02/2025 12:48:45:234,Moved,593.75,286.25,2.48,1.02,57.99
12/02/2025 12:48:45:234,Moved,593.75,286.25,2.46,1.02,58.26
12/02/2025 12:48:45:243,Moved,593.75,276.25,2.46,1.02,58.26
12/02/2025 12:48:45:243,Moved,593.75,276.25,2.45,1.02,58.33
12/02/2025 12:48:45:265,Moved,595,255,2.45,1.02,58.33
12/02/2025 12:48:45:265,Moved,595.00,255.00,2.43,1.02,58.58
12/02/2025 12:48:45:282,Moved,595,235,2.43,1.02,58.58
12/02/2025 12:48:45:282,Moved,595.00,235.00,2.42,1.02,58.80
12/02/2025 12:48:45:319,Moved,596.25,201.25,2.42,1.02,58.80
12/02/2025 12:48:45:319,Moved,596.25,201.25,2.36,1.02,59.48
12/02/2025 12:48:45:328,Moved,596.25,193.75,2.36,1.02,59.48
12/02/2025 12:48:45:328,Moved,596.25,193.75,2.36,1.02,59.52
12/02/2025 12:48:45:341,Moved,596.25,186.25,2.36,1.02,59.52
12/02/2025 12:48:45:341,Moved,596.25,186.25,2.36,1.02,59.58
12/02/2025 12:48:45:355,Moved,596.25,180,2.36,1.02,59.58
12/02/2025 12:48:45:355,Moved,596.25,180.00,2.35,1.02,59.63
12/02/2025 12:48:45:373,Moved,597.5,166.25,2.35,1.02,59.63
12/02/2025 12:48:45:373,Moved,597.50,166.25,2.34,1.02,59.78
12/02/2025 12:48:45:393,Moved,597.5,150,2.34,1.02,59.78
12/02/2025 12:48:45:393,Moved,597.50,150.00,2.32,1.02,59.97
12/02/2025 12:48:45:412,Moved,598.75,132.5,2.32,1.02,59.97
12/02/2025 12:48:45:412,Moved,598.75,132.50,2.31,1.02,60.16
12/02/2025 12:48:45:432,Moved,601.25,115,2.31,1.02,60.16
12/02/2025 12:48:45:432,Moved,601.25,115.00,2.29,1.02,60.39
12/02/2025 12:48:45:475,Ended,601.25,115,2.29,1.02,60.39
12/02/2025 12:48:45:475,Ended,601.25,115.00,2.29,1.02,60.39
